[1/1826] Building CXX object src/xrCore/CMakeFiles/xrCore.dir/XML/tinystr.cpp.o
/data/data/com.termux/files/home/xray-16/src/xrCore/XML/tinystr.cpp:37:49: warning: suggest braces around initialization of subobject [-Wmissing-braces]
   37 | TiXmlString::Rep TiXmlString::nullrep_ = {0, 0, '\0'};
      |                                                 ^~~~
      |                                                 {   }
1 warning generated.
[2/1826] Building CXX object Externals/OPCODE/CMakeFiles/xrOPCODE.dir/OPC_AABBCollider.cpp.o
[3/1826] Building CXX object src/xrCore/CMakeFiles/xrCore.dir/XML/tinyxmlerror.cpp.o
[4/1826] Building CXX object Externals/OPCODE/CMakeFiles/xrOPCODE.dir/OPC_AABB.cpp.o
[5/1826] Building CXX object src/xrCore/CMakeFiles/xrCore.dir/XML/tinyxml.cpp.o
[6/1826] Building CXX object Externals/OPCODE/CMakeFiles/xrOPCODE.dir/OPC_Collider.cpp.o
[7/1826] Building CXX object src/xrCore/CMakeFiles/xrCore.dir/XML/XMLDocument.cpp.o
[8/1826] Building CXX object Externals/OPCODE/CMakeFiles/xrOPCODE.dir/OPC_Common.cpp.o
[9/1826] Building CXX object src/xrCore/CMakeFiles/xrCore.dir/Text/StringConversion.cpp.o
/data/data/com.termux/files/home/xray-16/src/xrCore/Text/StringConversion.cpp:163:44: warning: 'codecvt_utf8<wchar_t>' is deprecated [-Wdeprecated-declarations]
  163 |     using wcvt = std::wstring_convert<std::codecvt_utf8<wchar_t>, wchar_t>;
      |                                            ^
/data/data/com.termux/files/usr/bin/../../usr/include/c++/v1/codecvt:196:28: note: 'codecvt_utf8<wchar_t>' has been explicitly marked deprecated here
  196 | class _LIBCPP_TEMPLATE_VIS _LIBCPP_DEPRECATED_IN_CXX17 codecvt_utf8 : public __codecvt_utf8<_Elem> {
      |                            ^
/data/data/com.termux/files/usr/bin/../../usr/include/c++/v1/__config:725:41: note: expanded from macro '_LIBCPP_DEPRECATED_IN_CXX17'
  725 | #    define _LIBCPP_DEPRECATED_IN_CXX17 _LIBCPP_DEPRECATED
      |                                         ^
/data/data/com.termux/files/usr/bin/../../usr/include/c++/v1/__config:698:49: note: expanded from macro '_LIBCPP_DEPRECATED'
  698 | #      define _LIBCPP_DEPRECATED __attribute__((__deprecated__))
      |                                                 ^
/data/data/com.termux/files/home/xray-16/src/xrCore/Text/StringConversion.cpp:163:23: warning: 'wstring_convert<std::codecvt_utf8<wchar_t>>' is deprecated [-Wdeprecated-declarations]
  163 |     using wcvt = std::wstring_convert<std::codecvt_utf8<wchar_t>, wchar_t>;
      |                       ^
/data/data/com.termux/files/usr/bin/../../usr/include/c++/v1/locale:3070:28: note: 'wstring_convert<std::codecvt_utf8<wchar_t>>' has been explicitly marked deprecated here
 3070 | class _LIBCPP_TEMPLATE_VIS _LIBCPP_DEPRECATED_IN_CXX17 wstring_convert {
      |                            ^
/data/data/com.termux/files/usr/bin/../../usr/include/c++/v1/__config:725:41: note: expanded from macro '_LIBCPP_DEPRECATED_IN_CXX17'
  725 | #    define _LIBCPP_DEPRECATED_IN_CXX17 _LIBCPP_DEPRECATED
      |                                         ^
/data/data/com.termux/files/usr/bin/../../usr/include/c++/v1/__config:698:49: note: expanded from macro '_LIBCPP_DEPRECATED'
  698 | #      define _LIBCPP_DEPRECATED __attribute__((__deprecated__))
      |                                                 ^
/data/data/com.termux/files/home/xray-16/src/xrCore/Text/StringConversion.cpp:164:17: warning: 'wcvt' is deprecated [-Wdeprecated-declarations]
  164 |     auto wstr = wcvt{}.from_bytes(in);
      |                 ^
/data/data/com.termux/files/usr/bin/../../usr/include/c++/v1/locale:3070:28: note: 'wstring_convert<std::codecvt_utf8<wchar_t>>' has been explicitly marked deprecated here
 3070 | class _LIBCPP_TEMPLATE_VIS _LIBCPP_DEPRECATED_IN_CXX17 wstring_convert {
      |                            ^
/data/data/com.termux/files/usr/bin/../../usr/include/c++/v1/__config:725:41: note: expanded from macro '_LIBCPP_DEPRECATED_IN_CXX17'
  725 | #    define _LIBCPP_DEPRECATED_IN_CXX17 _LIBCPP_DEPRECATED
      |                                         ^
/data/data/com.termux/files/usr/bin/../../usr/include/c++/v1/__config:698:49: note: expanded from macro '_LIBCPP_DEPRECATED'
  698 | #      define _LIBCPP_DEPRECATED __attribute__((__deprecated__))
      |                                                 ^
/data/data/com.termux/files/home/xray-16/src/xrCore/Text/StringConversion.cpp:172:44: warning: 'codecvt_utf8<wchar_t>' is deprecated [-Wdeprecated-declarations]
  172 |     using wcvt = std::wstring_convert<std::codecvt_utf8<wchar_t>, wchar_t>;
      |                                            ^
/data/data/com.termux/files/usr/bin/../../usr/include/c++/v1/codecvt:196:28: note: 'codecvt_utf8<wchar_t>' has been explicitly marked deprecated here
  196 | class _LIBCPP_TEMPLATE_VIS _LIBCPP_DEPRECATED_IN_CXX17 codecvt_utf8 : public __codecvt_utf8<_Elem> {
      |                            ^
/data/data/com.termux/files/usr/bin/../../usr/include/c++/v1/__config:725:41: note: expanded from macro '_LIBCPP_DEPRECATED_IN_CXX17'
  725 | #    define _LIBCPP_DEPRECATED_IN_CXX17 _LIBCPP_DEPRECATED
      |                                         ^
/data/data/com.termux/files/usr/bin/../../usr/include/c++/v1/__config:698:49: note: expanded from macro '_LIBCPP_DEPRECATED'
  698 | #      define _LIBCPP_DEPRECATED __attribute__((__deprecated__))
      |                                                 ^
/data/data/com.termux/files/home/xray-16/src/xrCore/Text/StringConversion.cpp:172:23: warning: 'wstring_convert<std::codecvt_utf8<wchar_t>>' is deprecated [-Wdeprecated-declarations]
  172 |     using wcvt = std::wstring_convert<std::codecvt_utf8<wchar_t>, wchar_t>;
      |                       ^
/data/data/com.termux/files/usr/bin/../../usr/include/c++/v1/locale:3070:28: note: 'wstring_convert<std::codecvt_utf8<wchar_t>>' has been explicitly marked deprecated here
 3070 | class _LIBCPP_TEMPLATE_VIS _LIBCPP_DEPRECATED_IN_CXX17 wstring_convert {
      |                            ^
/data/data/com.termux/files/usr/bin/../../usr/include/c++/v1/__config:725:41: note: expanded from macro '_LIBCPP_DEPRECATED_IN_CXX17'
  725 | #    define _LIBCPP_DEPRECATED_IN_CXX17 _LIBCPP_DEPRECATED
      |                                         ^
/data/data/com.termux/files/usr/bin/../../usr/include/c++/v1/__config:698:49: note: expanded from macro '_LIBCPP_DEPRECATED'
  698 | #      define _LIBCPP_DEPRECATED __attribute__((__deprecated__))
      |                                                 ^
/data/data/com.termux/files/home/xray-16/src/xrCore/Text/StringConversion.cpp:175:26: warning: 'wcvt' is deprecated [-Wdeprecated-declarations]
  175 |     std::string result = wcvt{}.to_bytes(wstr.data(), wstr.data() + wstr.size());
      |                          ^
/data/data/com.termux/files/usr/bin/../../usr/include/c++/v1/locale:3070:28: note: 'wstring_convert<std::codecvt_utf8<wchar_t>>' has been explicitly marked deprecated here
 3070 | class _LIBCPP_TEMPLATE_VIS _LIBCPP_DEPRECATED_IN_CXX17 wstring_convert {
      |                            ^
/data/data/com.termux/files/usr/bin/../../usr/include/c++/v1/__config:725:41: note: expanded from macro '_LIBCPP_DEPRECATED_IN_CXX17'
  725 | #    define _LIBCPP_DEPRECATED_IN_CXX17 _LIBCPP_DEPRECATED
      |                                         ^
/data/data/com.termux/files/usr/bin/../../usr/include/c++/v1/__config:698:49: note: expanded from macro '_LIBCPP_DEPRECATED'
  698 | #      define _LIBCPP_DEPRECATED __attribute__((__deprecated__))
      |                                                 ^
6 warnings generated.
[10/1826] Building CXX object Externals/OPCODE/CMakeFiles/xrOPCODE.dir/OPC_Container.cpp.o
[11/1826] Building CXX object Externals/OPCODE/CMakeFiles/xrOPCODE.dir/OPC_Matrix3x3.cpp.o
[12/1826] Building CXX object src/xrCore/CMakeFiles/xrCore.dir/XML/tinyxmlparser.cpp.o
[13/1826] Building CXX object Externals/OPCODE/CMakeFiles/xrOPCODE.dir/OPC_AABBTree.cpp.o
[14/1826] Building CXX object Externals/OPCODE/CMakeFiles/xrOPCODE.dir/OPC_Matrix4x4.cpp.o
[15/1826] Building CXX object src/xrCore/CMakeFiles/xrCore.dir/xrstring.cpp.o
[16/1826] Building CXX object Externals/OPCODE/CMakeFiles/xrOPCODE.dir/Opcode.cpp.o
[17/1826] Building CXX object Externals/OPCODE/CMakeFiles/xrOPCODE.dir/OPC_OBB.cpp.o
[18/1826] Building CXX object Externals/OPCODE/CMakeFiles/xrOPCODE.dir/OPC_OBBCollider.cpp.o
[19/1826] Building CXX object Externals/OPCODE/CMakeFiles/xrOPCODE.dir/OPC_Plane.cpp.o
[20/1826] Building CXX object Externals/OPCODE/CMakeFiles/xrOPCODE.dir/OPC_OptimizedTree.cpp.o
/data/data/com.termux/files/home/xray-16/Externals/OPCODE/OPC_OptimizedTree.cpp:235:16: warning: first argument in call to 'memset' is a pointer to non-trivially copyable type 'AABBCollisionNode' [-Wnontrivial-memcall]
  235 |     ZeroMemory(mNodes, mNbNodes * sizeof(AABBCollisionNode));
      |                ^
/data/data/com.termux/files/home/xray-16/Externals/OPCODE/OPC_OptimizedTree.cpp:235:16: note: explicitly cast the pointer to silence this warning
  235 |     ZeroMemory(mNodes, mNbNodes * sizeof(AABBCollisionNode));
      |                ^
      |                (void*)
/data/data/com.termux/files/home/xray-16/src/xrCore/xrMemory.h:69:38: note: expanded from macro 'ZeroMemory'
   69 | #define ZeroMemory(dst, size) memset(dst, 0, size)
      |                                      ^
/data/data/com.termux/files/home/xray-16/Externals/OPCODE/OPC_OptimizedTree.cpp:285:16: warning: first argument in call to 'memset' is a pointer to non-trivially copyable type 'AABBNoLeafNode' [-Wnontrivial-memcall]
  285 |     ZeroMemory(mNodes, mNbNodes * sizeof(AABBNoLeafNode));
      |                ^
/data/data/com.termux/files/home/xray-16/Externals/OPCODE/OPC_OptimizedTree.cpp:285:16: note: explicitly cast the pointer to silence this warning
  285 |     ZeroMemory(mNodes, mNbNodes * sizeof(AABBNoLeafNode));
      |                ^
      |                (void*)
/data/data/com.termux/files/home/xray-16/src/xrCore/xrMemory.h:69:38: note: expanded from macro 'ZeroMemory'
   69 | #define ZeroMemory(dst, size) memset(dst, 0, size)
      |                                      ^
/data/data/com.termux/files/home/xray-16/Externals/OPCODE/OPC_OptimizedTree.cpp:440:16: warning: first argument in call to 'memset' is a pointer to non-trivially copyable type 'AABBCollisionNode' [-Wnontrivial-memcall]
  440 |     ZeroMemory(Nodes, mNbNodes * sizeof(AABBCollisionNode));
      |                ^
/data/data/com.termux/files/home/xray-16/Externals/OPCODE/OPC_OptimizedTree.cpp:440:16: note: explicitly cast the pointer to silence this warning
  440 |     ZeroMemory(Nodes, mNbNodes * sizeof(AABBCollisionNode));
      |                ^
      |                (void*)
/data/data/com.termux/files/home/xray-16/src/xrCore/xrMemory.h:69:38: note: expanded from macro 'ZeroMemory'
   69 | #define ZeroMemory(dst, size) memset(dst, 0, size)
      |                                      ^
/data/data/com.termux/files/home/xray-16/Externals/OPCODE/OPC_OptimizedTree.cpp:450:20: warning: first argument in call to 'memset' is a pointer to non-trivially copyable type 'AABBQuantizedNode' [-Wnontrivial-memcall]
  450 |         ZeroMemory(mNodes, mNbNodes * sizeof(AABBQuantizedNode));
      |                    ^
/data/data/com.termux/files/home/xray-16/Externals/OPCODE/OPC_OptimizedTree.cpp:450:20: note: explicitly cast the pointer to silence this warning
  450 |         ZeroMemory(mNodes, mNbNodes * sizeof(AABBQuantizedNode));
      |                    ^
      |                    (void*)
/data/data/com.termux/files/home/xray-16/src/xrCore/xrMemory.h:69:38: note: expanded from macro 'ZeroMemory'
   69 | #define ZeroMemory(dst, size) memset(dst, 0, size)
      |                                      ^
/data/data/com.termux/files/home/xray-16/Externals/OPCODE/OPC_OptimizedTree.cpp:511:16: warning: first argument in call to 'memset' is a pointer to non-trivially copyable type 'AABBNoLeafNode' [-Wnontrivial-memcall]
  511 |     ZeroMemory(Nodes, mNbNodes * sizeof(AABBNoLeafNode));
      |                ^
/data/data/com.termux/files/home/xray-16/Externals/OPCODE/OPC_OptimizedTree.cpp:511:16: note: explicitly cast the pointer to silence this warning
  511 |     ZeroMemory(Nodes, mNbNodes * sizeof(AABBNoLeafNode));
      |                ^
      |                (void*)
/data/data/com.termux/files/home/xray-16/src/xrCore/xrMemory.h:69:38: note: expanded from macro 'ZeroMemory'
   69 | #define ZeroMemory(dst, size) memset(dst, 0, size)
      |                                      ^
/data/data/com.termux/files/home/xray-16/Externals/OPCODE/OPC_OptimizedTree.cpp:522:20: warning: first argument in call to 'memset' is a pointer to non-trivially copyable type 'AABBQuantizedNoLeafNode' [-Wnontrivial-memcall]
  522 |         ZeroMemory(mNodes, mNbNodes * sizeof(AABBQuantizedNoLeafNode));
      |                    ^
/data/data/com.termux/files/home/xray-16/Externals/OPCODE/OPC_OptimizedTree.cpp:522:20: note: explicitly cast the pointer to silence this warning
  522 |         ZeroMemory(mNodes, mNbNodes * sizeof(AABBQuantizedNoLeafNode));
      |                    ^
      |                    (void*)
/data/data/com.termux/files/home/xray-16/src/xrCore/xrMemory.h:69:38: note: expanded from macro 'ZeroMemory'
   69 | #define ZeroMemory(dst, size) memset(dst, 0, size)
      |                                      ^
6 warnings generated.
[21/1826] Building CXX object Externals/OPCODE/CMakeFiles/xrOPCODE.dir/OPC_Model.cpp.o
/data/data/com.termux/files/home/xray-16/Externals/OPCODE/OPC_Model.cpp:209:13: warning: left operand of comma operator has no effect [-Wunused-value]
  209 |         Log("OPCODE WARNING: found %d degenerate faces in model! Collision might report wrong results!\n",
      |             ^~~~~~~~~~~~~~~~~~~~~~~~~~~~~~~~~~~~~~~~~~~~~~~~~~~~~~~~~~~~~~~~~~~~~~~~~~~~~~~~~~~~~~~~~~~~~
/data/data/com.termux/files/home/xray-16/Externals/OPCODE/OPC_Model.cpp:210:13: warning: expression result unused [-Wunused-value]
  210 |             NbDegenerate);
      |             ^~~~~~~~~~~~
/data/data/com.termux/files/home/xray-16/Externals/OPCODE/OPC_Model.cpp:302:20: warning: first argument in call to 'memcpy' is a pointer to non-trivially copyable type 'Opcode::AABBNoLeafNode' [-Wnontrivial-memcall]
  302 |         CopyMemory(ptr, stream->pointer(), size);
      |                    ^
/data/data/com.termux/files/home/xray-16/Externals/OPCODE/OPC_Model.cpp:302:20: note: explicitly cast the pointer to silence this warning
  302 |         CopyMemory(ptr, stream->pointer(), size);
      |                    ^
      |                    (void*)
/data/data/com.termux/files/home/xray-16/src/xrCore/xrMemory.h:70:43: note: expanded from macro 'CopyMemory'
   70 | #define CopyMemory(dst, src, size) memcpy(dst, src, size)
      |                                           ^
/data/data/com.termux/files/home/xray-16/Externals/OPCODE/OPC_Model.cpp:335:20: warning: first argument in call to 'memcpy' is a pointer to non-trivially copyable type 'Opcode::AABBNoLeafNode' [-Wnontrivial-memcall]
  335 |         CopyMemory(ptr, mTree->GetData(), size);
      |                    ^
/data/data/com.termux/files/home/xray-16/Externals/OPCODE/OPC_Model.cpp:335:20: note: explicitly cast the pointer to silence this warning
  335 |         CopyMemory(ptr, mTree->GetData(), size);
      |                    ^
      |                    (void*)
/data/data/com.termux/files/home/xray-16/src/xrCore/xrMemory.h:70:43: note: expanded from macro 'CopyMemory'
   70 | #define CopyMemory(dst, src, size) memcpy(dst, src, size)
      |                                           ^
4 warnings generated.
[22/1826] Building CXX object Externals/OPCODE/CMakeFiles/xrOPCODE.dir/OPC_Ray.cpp.o
[23/1826] Building CXX object Externals/OPCODE/CMakeFiles/xrOPCODE.dir/OPC_Point.cpp.o
[24/1826] Building CXX object Externals/OPCODE/CMakeFiles/xrOPCODE.dir/OPC_PlanesCollider.cpp.o
/data/data/com.termux/files/home/xray-16/Externals/OPCODE/OPC_PlanesCollider.cpp:158:20: warning: first argument in call to 'memcpy' is a pointer to non-trivially copyable type 'Plane' [-Wnontrivial-memcall]
  158 |         CopyMemory(mPlanes, planes, nb_planes * sizeof(Plane));
      |                    ^
/data/data/com.termux/files/home/xray-16/Externals/OPCODE/OPC_PlanesCollider.cpp:158:20: note: explicitly cast the pointer to silence this warning
  158 |         CopyMemory(mPlanes, planes, nb_planes * sizeof(Plane));
      |                    ^
      |                    (void*)
/data/data/com.termux/files/home/xray-16/src/xrCore/xrMemory.h:70:43: note: expanded from macro 'CopyMemory'
   70 | #define CopyMemory(dst, src, size) memcpy(dst, src, size)
      |                                           ^
1 warning generated.
[25/1826] Building CXX object Externals/OPCODE/CMakeFiles/xrOPCODE.dir/pch.cpp.o
[26/1826] Building CXX object Externals/OPCODE/CMakeFiles/xrOPCODE.dir/OPC_Triangle.cpp.o
[27/1826] Building CXX object Externals/OPCODE/CMakeFiles/xrOPCODE.dir/OPC_SphereCollider.cpp.o
[28/1826] Building CXX object Externals/OPCODE/CMakeFiles/xrOPCODE.dir/OPC_VolumeCollider.cpp.o
[29/1826] Building CXX object Externals/OPCODE/CMakeFiles/xrOPCODE.dir/OPC_RayCollider.cpp.o
[30/1826] Building CXX object src/Layers/xrAPI/CMakeFiles/xrAPI.dir/stdafx.cpp.o
[31/1826] Building CXX object src/Layers/xrAPI/CMakeFiles/xrAPI.dir/xrAPI.cpp.o
[32/1826] Building CXX object src/xrCore/CMakeFiles/xrCore.dir/Threading/TaskManager.cpp.o
[33/1826] Building CXX object Externals/OPCODE/CMakeFiles/xrOPCODE.dir/OPC_TreeBuilders.cpp.o
[34/1826] Building CXX object Externals/OPCODE/CMakeFiles/xrOPCODE.dir/OPC_TreeCollider.cpp.o
[35/1826] Generating HostBuildTools/buildvm/buildvm
-- The C compiler identification is Clang 21.1.8
-- Detecting C compiler ABI info
-- Detecting C compiler ABI info - done
-- Check for working C compiler: /data/data/com.termux/files/usr/bin/cc - skipped
-- Detecting C compile features
-- Detecting C compile features - done
-- Configuring done (1.6s)
-- Generating done (0.1s)
-- Build files have been written to: /data/data/com.termux/files/home/xray-16/build-android/Externals/LuaJIT-proj/HostBuildTools/buildvm
Change Dir: '/data/data/com.termux/files/home/xray-16/build-android/Externals/LuaJIT-proj/HostBuildTools/buildvm'

Run Build Command(s): /data/data/com.termux/files/usr/bin/ninja -v
[1/6] /data/data/com.termux/files/usr/bin/cc  -I/data/data/com.termux/files/home/xray-16/build-android/Externals/LuaJIT-proj/HostBuildTools/buildvm/../.. -I/data/data/com.termux/files/home/xray-16/Externals/LuaJIT/src -O3 -DNDEBUG -march=armv8-a -O3 -fomit-frame-pointer -fno-stack-protector -D_FILE_OFFSET_BITS=64 -D_LARGEFILE_SOURCE -U_FORTIFY_SOURCE -DLUAJIT_TARGET=LUAJIT_ARCH_arm64 -DLJ_ARCH_HASFPU=1 -DLJ_ABI_SOFTFP=0 -Wno-discarded-qualifiers -MD -MT CMakeFiles/buildvm.dir/data/data/com.termux/files/home/xray-16/Externals/LuaJIT/src/host/buildvm_peobj.c.o -MF CMakeFiles/buildvm.dir/data/data/com.termux/files/home/xray-16/Externals/LuaJIT/src/host/buildvm_peobj.c.o.d -o CMakeFiles/buildvm.dir/data/data/com.termux/files/home/xray-16/Externals/LuaJIT/src/host/buildvm_peobj.c.o -c /data/data/com.termux/files/home/xray-16/Externals/LuaJIT/src/host/buildvm_peobj.c
warning: unknown warning option '-Wno-discarded-qualifiers'; did you mean '-Wno-ignored-qualifiers'? [-Wunknown-warning-option]
1 warning generated.
[2/6] /data/data/com.termux/files/usr/bin/cc  -I/data/data/com.termux/files/home/xray-16/build-android/Externals/LuaJIT-proj/HostBuildTools/buildvm/../.. -I/data/data/com.termux/files/home/xray-16/Externals/LuaJIT/src -O3 -DNDEBUG -march=armv8-a -O3 -fomit-frame-pointer -fno-stack-protector -D_FILE_OFFSET_BITS=64 -D_LARGEFILE_SOURCE -U_FORTIFY_SOURCE -DLUAJIT_TARGET=LUAJIT_ARCH_arm64 -DLJ_ARCH_HASFPU=1 -DLJ_ABI_SOFTFP=0 -Wno-discarded-qualifiers -MD -MT CMakeFiles/buildvm.dir/data/data/com.termux/files/home/xray-16/Externals/LuaJIT/src/host/buildvm_asm.c.o -MF CMakeFiles/buildvm.dir/data/data/com.termux/files/home/xray-16/Externals/LuaJIT/src/host/buildvm_asm.c.o.d -o CMakeFiles/buildvm.dir/data/data/com.termux/files/home/xray-16/Externals/LuaJIT/src/host/buildvm_asm.c.o -c /data/data/com.termux/files/home/xray-16/Externals/LuaJIT/src/host/buildvm_asm.c
warning: unknown warning option '-Wno-discarded-qualifiers'; did you mean '-Wno-ignored-qualifiers'? [-Wunknown-warning-option]
1 warning generated.
[3/6] /data/data/com.termux/files/usr/bin/cc  -I/data/data/com.termux/files/home/xray-16/build-android/Externals/LuaJIT-proj/HostBuildTools/buildvm/../.. -I/data/data/com.termux/files/home/xray-16/Externals/LuaJIT/src -O3 -DNDEBUG -march=armv8-a -O3 -fomit-frame-pointer -fno-stack-protector -D_FILE_OFFSET_BITS=64 -D_LARGEFILE_SOURCE -U_FORTIFY_SOURCE -DLUAJIT_TARGET=LUAJIT_ARCH_arm64 -DLJ_ARCH_HASFPU=1 -DLJ_ABI_SOFTFP=0 -Wno-discarded-qualifiers -MD -MT CMakeFiles/buildvm.dir/data/data/com.termux/files/home/xray-16/Externals/LuaJIT/src/host/buildvm_fold.c.o -MF CMakeFiles/buildvm.dir/data/data/com.termux/files/home/xray-16/Externals/LuaJIT/src/host/buildvm_fold.c.o.d -o CMakeFiles/buildvm.dir/data/data/com.termux/files/home/xray-16/Externals/LuaJIT/src/host/buildvm_fold.c.o -c /data/data/com.termux/files/home/xray-16/Externals/LuaJIT/src/host/buildvm_fold.c
warning: unknown warning option '-Wno-discarded-qualifiers'; did you mean '-Wno-ignored-qualifiers'? [-Wunknown-warning-option]
1 warning generated.
[4/6] /data/data/com.termux/files/usr/bin/cc  -I/data/data/com.termux/files/home/xray-16/build-android/Externals/LuaJIT-proj/HostBuildTools/buildvm/../.. -I/data/data/com.termux/files/home/xray-16/Externals/LuaJIT/src -O3 -DNDEBUG -march=armv8-a -O3 -fomit-frame-pointer -fno-stack-protector -D_FILE_OFFSET_BITS=64 -D_LARGEFILE_SOURCE -U_FORTIFY_SOURCE -DLUAJIT_TARGET=LUAJIT_ARCH_arm64 -DLJ_ARCH_HASFPU=1 -DLJ_ABI_SOFTFP=0 -Wno-discarded-qualifiers -MD -MT CMakeFiles/buildvm.dir/data/data/com.termux/files/home/xray-16/Externals/LuaJIT/src/host/buildvm_lib.c.o -MF CMakeFiles/buildvm.dir/data/data/com.termux/files/home/xray-16/Externals/LuaJIT/src/host/buildvm_lib.c.o.d -o CMakeFiles/buildvm.dir/data/data/com.termux/files/home/xray-16/Externals/LuaJIT/src/host/buildvm_lib.c.o -c /data/data/com.termux/files/home/xray-16/Externals/LuaJIT/src/host/buildvm_lib.c
warning: unknown warning option '-Wno-discarded-qualifiers'; did you mean '-Wno-ignored-qualifiers'? [-Wunknown-warning-option]
1 warning generated.
[5/6] /data/data/com.termux/files/usr/bin/cc  -I/data/data/com.termux/files/home/xray-16/build-android/Externals/LuaJIT-proj/HostBuildTools/buildvm/../.. -I/data/data/com.termux/files/home/xray-16/Externals/LuaJIT/src -O3 -DNDEBUG -march=armv8-a -O3 -fomit-frame-pointer -fno-stack-protector -D_FILE_OFFSET_BITS=64 -D_LARGEFILE_SOURCE -U_FORTIFY_SOURCE -DLUAJIT_TARGET=LUAJIT_ARCH_arm64 -DLJ_ARCH_HASFPU=1 -DLJ_ABI_SOFTFP=0 -Wno-discarded-qualifiers -MD -MT CMakeFiles/buildvm.dir/data/data/com.termux/files/home/xray-16/Externals/LuaJIT/src/host/buildvm.c.o -MF CMakeFiles/buildvm.dir/data/data/com.termux/files/home/xray-16/Externals/LuaJIT/src/host/buildvm.c.o.d -o CMakeFiles/buildvm.dir/data/data/com.termux/files/home/xray-16/Externals/LuaJIT/src/host/buildvm.c.o -c /data/data/com.termux/files/home/xray-16/Externals/LuaJIT/src/host/buildvm.c
warning: unknown warning option '-Wno-discarded-qualifiers'; did you mean '-Wno-ignored-qualifiers'? [-Wunknown-warning-option]
/data/data/com.termux/files/home/xray-16/Externals/LuaJIT/src/host/buildvm.c:260:14: warning: passing 'const char *' to parameter of type 'void *' discards qualifiers [-Wincompatible-pointer-types-discards-qualifiers]
  260 |         free(ctx->sym[0].name);
      |              ^~~~~~~~~~~~~~~~
/data/data/com.termux/files/usr/bin/../../usr/include/malloc.h:108:27: note: passing argument to parameter '__ptr' here
  108 | void free(void* _Nullable __ptr);
      |                           ^
/data/data/com.termux/files/home/xray-16/Externals/LuaJIT/src/host/buildvm.c:264:18: warning: passing 'const char *' to parameter of type 'void *' discards qualifiers [-Wincompatible-pointer-types-discards-qualifiers]
  264 |             free(ctx->sym[i].name);
      |                  ^~~~~~~~~~~~~~~~
/data/data/com.termux/files/usr/bin/../../usr/include/malloc.h:108:27: note: passing argument to parameter '__ptr' here
  108 | void free(void* _Nullable __ptr);
      |                           ^
/data/data/com.termux/files/home/xray-16/Externals/LuaJIT/src/host/buildvm.c:275:22: warning: passing 'const char *' to parameter of type 'void *' discards qualifiers [-Wincompatible-pointer-types-discards-qualifiers]
  275 |                 free(ctx->relocsym[relocmap[j]]);
      |                      ^~~~~~~~~~~~~~~~~~~~~~~~~~
/data/data/com.termux/files/usr/bin/../../usr/include/malloc.h:108:27: note: passing argument to parameter '__ptr' here
  108 | void free(void* _Nullable __ptr);
      |                           ^
/data/data/com.termux/files/home/xray-16/Externals/LuaJIT/src/host/buildvm.c:286:14: warning: passing 'const char *' to parameter of type 'void *' discards qualifiers [-Wincompatible-pointer-types-discards-qualifiers]
  286 |         free(ctx->beginsym);
      |              ^~~~~~~~~~~~~
/data/data/com.termux/files/usr/bin/../../usr/include/malloc.h:108:27: note: passing argument to parameter '__ptr' here
  108 | void free(void* _Nullable __ptr);
      |                           ^
/data/data/com.termux/files/home/xray-16/Externals/LuaJIT/src/host/buildvm.c:287:1: warning: non-void function does not return a value [-Wreturn-type]
  287 | }
      | ^
6 warnings generated.
[6/6] : && /data/data/com.termux/files/usr/bin/cc -O3 -DNDEBUG -march=armv8-a -Xlinker --dependency-file=CMakeFiles/buildvm.dir/link.d CMakeFiles/buildvm.dir/data/data/com.termux/files/home/xray-16/Externals/LuaJIT/src/host/buildvm_asm.c.o CMakeFiles/buildvm.dir/data/data/com.termux/files/home/xray-16/Externals/LuaJIT/src/host/buildvm_fold.c.o CMakeFiles/buildvm.dir/data/data/com.termux/files/home/xray-16/Externals/LuaJIT/src/host/buildvm_lib.c.o CMakeFiles/buildvm.dir/data/data/com.termux/files/home/xray-16/Externals/LuaJIT/src/host/buildvm_peobj.c.o CMakeFiles/buildvm.dir/data/data/com.termux/files/home/xray-16/Externals/LuaJIT/src/host/buildvm.c.o -o buildvm   && :

[36/1826] Generating lj_vm.S
[37/1826] Generating lj_ffdef.h
[38/1826] Linking CXX shared library /data/data/com.termux/files/home/xray-16/bin/aarch64/Release/xrAPI.so
[39/1826] Generating lj_libdef.h
[40/1826] Generating lj_bcdef.h
[41/1826] Generating lj_recdef.h
[42/1826] Building CXX object src/xrCDB/CMakeFiles/xrCDB.dir/ISpatial_verify.cpp.o
[43/1826] Building CXX object src/xrCDB/CMakeFiles/xrCDB.dir/ISpatial_q_frustum.cpp.o
[44/1826] Building CXX object src/xrCDB/CMakeFiles/xrCDB.dir/ISpatial_q_box.cpp.o
[45/1826] Generating lj_folddef.h
[46/1826] Building CXX object src/xrCDB/CMakeFiles/xrCDB.dir/ISpatial.cpp.o
[47/1826] Building CXX object src/xrCDB/CMakeFiles/xrCDB.dir/StdAfx.cpp.o
[48/1826] Building CXX object Externals/LuaJIT-proj/CMakeFiles/xrLuaJIT.dir/lj_vm.S.o
[49/1826] Building CXX object src/xrCDB/CMakeFiles/xrCDB.dir/xr_area_query.cpp.o
[50/1826] Building C object Externals/LuaJIT-proj/CMakeFiles/xrLuaJIT.dir/__/LuaJIT/src/lib_bit.c.o
[51/1826] Building CXX object src/xrCDB/CMakeFiles/xrCDB.dir/xrXRC.cpp.o
[52/1826] Building C object Externals/LuaJIT-proj/CMakeFiles/xrLuaJIT.dir/__/LuaJIT/src/lib_base.c.o
[53/1826] Building C object Externals/LuaJIT-proj/CMakeFiles/xrLuaJIT.dir/__/LuaJIT/src/lib_debug.c.o
[54/1826] Building CXX object src/xrCDB/CMakeFiles/xrCDB.dir/Frustum.cpp.o
[55/1826] Building C object Externals/LuaJIT-proj/CMakeFiles/xrLuaJIT.dir/__/LuaJIT/src/lib_math.c.o
[56/1826] Building C object Externals/LuaJIT-proj/CMakeFiles/xrLuaJIT.dir/__/LuaJIT/src/lib_io.c.o
[57/1826] Building CXX object src/xrCDB/CMakeFiles/xrCDB.dir/xr_area.cpp.o
In file included from /data/data/com.termux/files/home/xray-16/src/xrCDB/xr_area.cpp:6:
In file included from /data/data/com.termux/files/home/xray-16/src/xrEngine/xr_collide_form.h:6:
In file included from /data/data/com.termux/files/home/xray-16/src/xrCore/_obb.h:3:
/data/data/com.termux/files/home/xray-16/src/xrCore/_matrix33.h:148:13: warning: variable 'nrot' set but not used [-Wunused-but-set-variable]
  148 |         int nrot;
      |             ^
/data/data/com.termux/files/home/xray-16/src/xrCDB/xr_area.cpp:129:22: warning: comparison of integers of different signs: 'intptr_t' (aka 'long') and 'unsigned long' [-Wsign-compare]
  129 |     if (F->elapsed() > sizeof(u32))
      |         ~~~~~~~~~~~~ ^ ~~~~~~~~~~~
2 warnings generated.
[58/1826] Building C object Externals/LuaJIT-proj/CMakeFiles/xrLuaJIT.dir/__/LuaJIT/src/lib_jit.c.o
[59/1826] Building C object Externals/LuaJIT-proj/CMakeFiles/xrLuaJIT.dir/__/LuaJIT/src/lib_os.c.o
[60/1826] Building C object Externals/LuaJIT-proj/CMakeFiles/xrLuaJIT.dir/__/LuaJIT/src/lib_ffi.c.o
[61/1826] Building C object Externals/LuaJIT-proj/CMakeFiles/xrLuaJIT.dir/__/LuaJIT/src/lib_table.c.o
[62/1826] Building C object Externals/LuaJIT-proj/CMakeFiles/xrLuaJIT.dir/__/LuaJIT/src/lib_init.c.o
[63/1826] Building C object Externals/LuaJIT-proj/CMakeFiles/xrLuaJIT.dir/__/LuaJIT/src/lib_package.c.o
[64/1826] Building C object Externals/LuaJIT-proj/CMakeFiles/xrLuaJIT.dir/__/LuaJIT/src/lib_aux.c.o
[65/1826] Building C object Externals/LuaJIT-proj/CMakeFiles/xrLuaJIT.dir/__/LuaJIT/src/lib_string.c.o
[66/1826] Building CXX object src/xrCDB/CMakeFiles/xrCDB.dir/xr_area_raypick.cpp.o
In file included from /data/data/com.termux/files/home/xray-16/src/xrCDB/xr_area_raypick.cpp:4:
In file included from /data/data/com.termux/files/home/xray-16/src/xrEngine/xr_collide_form.h:6:
In file included from /data/data/com.termux/files/home/xray-16/src/xrCore/_obb.h:3:
/data/data/com.termux/files/home/xray-16/src/xrCore/_matrix33.h:148:13: warning: variable 'nrot' set but not used [-Wunused-but-set-variable]
  148 |         int nrot;
      |             ^
/data/data/com.termux/files/home/xray-16/src/xrCDB/xr_area_raypick.cpp:155:21: warning: variable 'C' set but not used [-Wunused-but-set-variable]
  155 |                 u32 C = color_xrgb(64, 64, 64);
      |                     ^
2 warnings generated.
[67/1826] Building C object Externals/LuaJIT-proj/CMakeFiles/xrLuaJIT.dir/__/LuaJIT/src/lj_assert.c.o
[68/1826] Building CXX object src/xrCDB/CMakeFiles/xrCDB.dir/ISpatial_q_ray.cpp.o
[69/1826] Building C object Externals/LuaJIT-proj/CMakeFiles/xrLuaJIT.dir/__/LuaJIT/src/lj_bc.c.o
[70/1826] Building C object Externals/LuaJIT-proj/CMakeFiles/xrLuaJIT.dir/__/LuaJIT/src/lj_buf.c.o
[71/1826] Building C object Externals/LuaJIT-proj/CMakeFiles/xrLuaJIT.dir/__/LuaJIT/src/lj_alloc.c.o
[72/1826] Building C object Externals/LuaJIT-proj/CMakeFiles/xrLuaJIT.dir/__/LuaJIT/src/lj_bcread.c.o
[73/1826] Building C object Externals/LuaJIT-proj/CMakeFiles/xrLuaJIT.dir/__/LuaJIT/src/lj_bcwrite.c.o
[74/1826] Building C object Externals/LuaJIT-proj/CMakeFiles/xrLuaJIT.dir/__/LuaJIT/src/lj_ccall.c.o
[75/1826] Building C object Externals/LuaJIT-proj/CMakeFiles/xrLuaJIT.dir/__/LuaJIT/src/lj_carith.c.o
[76/1826] Building C object Externals/LuaJIT-proj/CMakeFiles/xrLuaJIT.dir/__/LuaJIT/src/lj_ccallback.c.o
[77/1826] Building C object Externals/LuaJIT-proj/CMakeFiles/xrLuaJIT.dir/__/LuaJIT/src/lj_cdata.c.o
[78/1826] Building C object Externals/LuaJIT-proj/CMakeFiles/xrLuaJIT.dir/__/LuaJIT/src/lj_char.c.o
[79/1826] Building C object Externals/LuaJIT-proj/CMakeFiles/xrLuaJIT.dir/__/LuaJIT/src/lj_api.c.o
[80/1826] Building C object Externals/LuaJIT-proj/CMakeFiles/xrLuaJIT.dir/__/LuaJIT/src/lj_clib.c.o
[81/1826] Building C object Externals/LuaJIT-proj/CMakeFiles/xrLuaJIT.dir/__/LuaJIT/src/lj_cconv.c.o
[82/1826] Building C object Externals/LuaJIT-proj/CMakeFiles/xrLuaJIT.dir/__/LuaJIT/src/lj_func.c.o
[83/1826] Building C object Externals/LuaJIT-proj/CMakeFiles/xrLuaJIT.dir/__/LuaJIT/src/lj_dispatch.c.o
[84/1826] Building C object Externals/LuaJIT-proj/CMakeFiles/xrLuaJIT.dir/__/LuaJIT/src/lj_err.c.o
[85/1826] Building C object Externals/LuaJIT-proj/CMakeFiles/xrLuaJIT.dir/__/LuaJIT/src/lj_ctype.c.o
[86/1826] Building C object Externals/LuaJIT-proj/CMakeFiles/xrLuaJIT.dir/__/LuaJIT/src/lj_debug.c.o
[87/1826] Building C object Externals/LuaJIT-proj/CMakeFiles/xrLuaJIT.dir/__/LuaJIT/src/lj_gdbjit.c.o
[88/1826] Building C object Externals/LuaJIT-proj/CMakeFiles/xrLuaJIT.dir/__/LuaJIT/src/lj_ffrecord.c.o
[89/1826] Building C object Externals/LuaJIT-proj/CMakeFiles/xrLuaJIT.dir/__/LuaJIT/src/lj_ir.c.o
[90/1826] Building C object Externals/LuaJIT-proj/CMakeFiles/xrLuaJIT.dir/__/LuaJIT/src/lj_load.c.o
[91/1826] Building C object Externals/LuaJIT-proj/CMakeFiles/xrLuaJIT.dir/__/LuaJIT/src/lj_crecord.c.o
[92/1826] Building C object Externals/LuaJIT-proj/CMakeFiles/xrLuaJIT.dir/__/LuaJIT/src/lj_cparse.c.o
[93/1826] Building C object Externals/LuaJIT-proj/CMakeFiles/xrLuaJIT.dir/__/LuaJIT/src/lj_mcode.c.o
[94/1826] Building C object Externals/LuaJIT-proj/CMakeFiles/xrLuaJIT.dir/__/LuaJIT/src/lj_gc.c.o
[95/1826] Building C object Externals/LuaJIT-proj/CMakeFiles/xrLuaJIT.dir/__/LuaJIT/src/lj_opt_dce.c.o
[96/1826] Building C object Externals/LuaJIT-proj/CMakeFiles/xrLuaJIT.dir/__/LuaJIT/src/lj_lex.c.o
[97/1826] Building C object Externals/LuaJIT-proj/CMakeFiles/xrLuaJIT.dir/__/LuaJIT/src/lj_meta.c.o
[98/1826] Building C object Externals/LuaJIT-proj/CMakeFiles/xrLuaJIT.dir/__/LuaJIT/src/lj_lib.c.o
[99/1826] Building C object Externals/LuaJIT-proj/CMakeFiles/xrLuaJIT.dir/__/LuaJIT/src/lj_obj.c.o
[100/1826] Building C object Externals/LuaJIT-proj/CMakeFiles/xrLuaJIT.dir/__/LuaJIT/src/lj_opt_loop.c.o
[101/1826] Building C object Externals/LuaJIT-proj/CMakeFiles/xrLuaJIT.dir/__/LuaJIT/src/lj_opt_split.c.o
[102/1826] Building C object Externals/LuaJIT-proj/CMakeFiles/xrLuaJIT.dir/__/LuaJIT/src/lj_prng.c.o
[103/1826] Linking CXX shared library /data/data/com.termux/files/home/xray-16/bin/aarch64/Release/xrCore.so
[104/1826] Building C object Externals/LuaJIT-proj/CMakeFiles/xrLuaJIT.dir/__/LuaJIT/src/lj_opt_fold.c.o
[105/1826] Building C object Externals/LuaJIT-proj/CMakeFiles/xrLuaJIT.dir/__/LuaJIT/src/lj_opt_sink.c.o
[106/1826] Building C object Externals/LuaJIT-proj/CMakeFiles/xrLuaJIT.dir/__/LuaJIT/src/lj_opt_narrow.c.o
[107/1826] Building C object Externals/LuaJIT-proj/CMakeFiles/xrLuaJIT.dir/__/LuaJIT/src/lj_opt_mem.c.o
[108/1826] Building C object Externals/LuaJIT-proj/CMakeFiles/xrLuaJIT.dir/__/LuaJIT/src/lj_profile.c.o
[109/1826] Building C object Externals/LuaJIT-proj/CMakeFiles/xrLuaJIT.dir/__/LuaJIT/src/lj_str.c.o
[110/1826] Building C object Externals/LuaJIT-proj/CMakeFiles/xrLuaJIT.dir/__/LuaJIT/src/lj_state.c.o
[111/1826] Building C object Externals/LuaJIT-proj/CMakeFiles/xrLuaJIT.dir/__/LuaJIT/src/lj_strfmt.c.o
[112/1826] Building C object Externals/LuaJIT-proj/CMakeFiles/xrLuaJIT.dir/__/LuaJIT/src/lj_strscan.c.o
[113/1826] Building C object Externals/LuaJIT-proj/CMakeFiles/xrLuaJIT.dir/__/LuaJIT/src/lj_tab.c.o
[114/1826] Building C object Externals/LuaJIT-proj/CMakeFiles/xrLuaJIT.dir/__/LuaJIT/src/lj_strfmt_num.c.o
[115/1826] Building C object Externals/LuaJIT-proj/CMakeFiles/xrLuaJIT.dir/__/LuaJIT/src/lj_snap.c.o
[116/1826] Building C object Externals/LuaJIT-proj/CMakeFiles/xrLuaJIT.dir/__/LuaJIT/src/lj_udata.c.o
[117/1826] Building C object Externals/LuaJIT-proj/CMakeFiles/xrLuaJIT.dir/__/LuaJIT/src/lj_vmmath.c.o
[118/1826] Building C object Externals/LuaJIT-proj/CMakeFiles/xrLuaJIT.dir/__/LuaJIT/src/lj_vmevent.c.o
[119/1826] Building C object Externals/LuaJIT-proj/CMakeFiles/xrLuaJIT.dir/__/LuaJIT/src/lj_asm.c.o
[120/1826] Building CXX object Externals/xrLuaFix/CMakeFiles/xrLuaFix.dir/cmake_pch.hxx.pch
[121/1826] Building C object Externals/LuaJIT-proj/CMakeFiles/xrLuaJIT.dir/__/LuaJIT/src/lj_trace.c.o
[122/1826] Building C object Externals/LuaJIT-proj/CMakeFiles/xrLuaJIT.dir/__/LuaJIT/src/lj_record.c.o
[123/1826] Building C object Externals/LuaJIT-proj/CMakeFiles/xrLuaJIT.dir/__/LuaJIT/src/lj_parse.c.o
[124/1826] Building CXX object Externals/luabind/src/CMakeFiles/xrLuabind.dir/error.cpp.o
[125/1826] Building CXX object Externals/luabind/src/CMakeFiles/xrLuabind.dir/exception_handler.cpp.o
[126/1826] Building CXX object Externals/luabind/src/CMakeFiles/xrLuabind.dir/class_rep.cpp.o
[127/1826] Building CXX object Externals/luabind/src/CMakeFiles/xrLuabind.dir/create_class.cpp.o
[128/1826] Building CXX object Externals/luabind/src/CMakeFiles/xrLuabind.dir/class_registry.cpp.o
[129/1826] Building CXX object Externals/luabind/src/CMakeFiles/xrLuabind.dir/function.cpp.o
[130/1826] Building CXX object Externals/luabind/src/CMakeFiles/xrLuabind.dir/function_introspection.cpp.o
[131/1826] Building CXX object Externals/luabind/src/CMakeFiles/xrLuabind.dir/class_info.cpp.o
[132/1826] Building CXX object Externals/luabind/src/CMakeFiles/xrLuabind.dir/class.cpp.o
[133/1826] Building CXX object Externals/luabind/src/CMakeFiles/xrLuabind.dir/link_compatibility.cpp.o
[134/1826] Building CXX object Externals/luabind/src/CMakeFiles/xrLuabind.dir/object_rep.cpp.o
[135/1826] Building CXX object Externals/luabind/src/CMakeFiles/xrLuabind.dir/headertest.cpp.o
[136/1826] Building CXX object Externals/luabind/src/CMakeFiles/xrLuabind.dir/memory.cpp.o
[137/1826] Building CXX object Externals/luabind/src/CMakeFiles/xrLuabind.dir/scope.cpp.o
[138/1826] Building CXX object Externals/luabind/src/CMakeFiles/xrLuabind.dir/operator.cpp.o
[139/1826] Building CXX object Externals/luabind/src/CMakeFiles/xrLuabind.dir/open.cpp.o
[140/1826] Building CXX object Externals/xrLuaFix/CMakeFiles/xrLuaFix.dir/LibTab.cpp.o
[141/1826] Building CXX object Externals/xrLuaFix/CMakeFiles/xrLuaFix.dir/LibStr.cpp.o
[142/1826] Building CXX object Externals/luabind/src/CMakeFiles/xrLuabind.dir/pcall.cpp.o
[143/1826] Linking CXX shared library /data/data/com.termux/files/home/xray-16/bin/aarch64/Release/xrLuaJIT.so
[144/1826] Building CXX object Externals/xrLuaFix/CMakeFiles/xrLuaFix.dir/pch.cpp.o
[145/1826] Building CXX object Externals/xrLuaFix/CMakeFiles/xrLuaFix.dir/xrLuaFix.cpp.o
[146/1826] Building CXX object Externals/luabind/src/CMakeFiles/xrLuabind.dir/inheritance.cpp.o
[147/1826] Building C object Externals/xrLuaFix/CMakeFiles/xrLuaFix.dir/lfs/src/lfs.c.o
[148/1826] Building C object Externals/xrLuaFix/CMakeFiles/xrLuaFix.dir/lua-marshal/lmarshal.c.o
[149/1826] Building C object Externals/xrLuaFix/CMakeFiles/xrLuaFix.dir/lua-pack/lua_pack.c.o
[150/1826] Building CXX object src/xrCDB/CMakeFiles/xrCDB.dir/xrCDB_box.cpp.o
[151/1826] Linking CXX shared library /data/data/com.termux/files/home/xray-16/bin/aarch64/Release/xrOPCODE.so
[152/1826] Building CXX object src/xrCDB/CMakeFiles/xrCDB.dir/xrCDB.cpp.o
/data/data/com.termux/files/home/xray-16/src/xrCDB/xrCDB.cpp:41:9: warning: expression result unused [-Wunused-value]
   41 |     Log("! WARNING: syncronized CDB::query");
      |         ^~~~~~~~~~~~~~~~~~~~~~~~~~~~~~~~~~~
/data/data/com.termux/files/home/xray-16/src/xrCDB/xrCDB.cpp:240:18: warning: comparison of integers of different signs: 'const size_t' (aka 'const unsigned long') and 'intptr_t' (aka 'long') [-Wsign-compare]
  240 |     if (treeSize > rstream->elapsed())
      |         ~~~~~~~~ ^ ~~~~~~~~~~~~~~~~~~
2 warnings generated.
[153/1826] Building CXX object Externals/luabind/src/CMakeFiles/xrLuabind.dir/set_package_preload.cpp.o
[154/1826] Building CXX object Externals/luabind/src/CMakeFiles/xrLuabind.dir/stack_content_by_name.cpp.o
[155/1826] Building CXX object Externals/luabind/src/CMakeFiles/xrLuabind.dir/weak_ref.cpp.o
[156/1826] Building CXX object Externals/luabind/src/CMakeFiles/xrLuabind.dir/wrapper_base.cpp.o
[157/1826] Building CXX object src/xrCDB/CMakeFiles/xrCDB.dir/xrCDB_frustum.cpp.o
[158/1826] Building CXX object src/xrCDB/CMakeFiles/xrCDB.dir/xrCDB_Collector.cpp.o
[159/1826] Building CXX object Externals/xrLuaFix/CMakeFiles/xrLuaFix.dir/LibMath.cpp.o
[160/1826] Building CXX object src/xrMaterialSystem/CMakeFiles/xrMaterialSystem.dir/GameMtlLib_Engine.cpp.o
[161/1826] Building CXX object src/xrMaterialSystem/CMakeFiles/xrMaterialSystem.dir/GameMtlLib.cpp.o
[162/1826] Linking CXX shared library /data/data/com.termux/files/home/xray-16/bin/aarch64/Release/xrLuabind.so
[163/1826] Building CXX object Externals/imgui-proj/CMakeFiles/xrImGui.dir/__/imgui/backends/imgui_impl_opengl3.cpp.o
[164/1826] Building CXX object Externals/xrLuaFix/CMakeFiles/xrLuaFix.dir/Logger.cpp.o
[165/1826] Building CXX object src/xrCDB/CMakeFiles/xrCDB.dir/xrCDB_ray.cpp.o
[166/1826] Linking CXX static library Externals/xrLuaFix/xrLuaFix.a
[167/1826] Building CXX object src/xrNetServer/CMakeFiles/xrNetServer.dir/guids.cpp.o
[168/1826] Linking CXX shared library /data/data/com.termux/files/home/xray-16/bin/aarch64/Release/xrMaterialSystem.so
[169/1826] Building CXX object Externals/imgui-proj/CMakeFiles/xrImGui.dir/__/imgui/imgui_tables.cpp.o
[170/1826] Building CXX object src/xrNetServer/CMakeFiles/xrNetServer.dir/NET_Common.cpp.o
[171/1826] Linking CXX shared library /data/data/com.termux/files/home/xray-16/bin/aarch64/Release/xrCDB.so
[172/1826] Building CXX object src/xrNetServer/CMakeFiles/xrNetServer.dir/NET_AuthCheck.cpp.o
[173/1826] Building CXX object Externals/imgui-proj/CMakeFiles/xrImGui.dir/__/imgui/imgui_demo.cpp.o
[174/1826] Building CXX object src/xrNetServer/CMakeFiles/xrNetServer.dir/ip_filter.cpp.o
[175/1826] Building CXX object src/xrNetServer/CMakeFiles/xrNetServer.dir/NET_Compressor.cpp.o
[176/1826] Building CXX object src/xrNetServer/CMakeFiles/xrNetServer.dir/stdafx.cpp.o
[177/1826] Building CXX object src/xrScriptEngine/CMakeFiles/xrScriptEngine.dir/cmake_pch.hxx.pch
[178/1826] Building CXX object src/xrNetServer/CMakeFiles/xrNetServer.dir/NET_Log.cpp.o
[179/1826] Building CXX object src/xrSound/CMakeFiles/xrSound.dir/SoundRender_Core.cpp.o
[180/1826] Building CXX object src/xrSound/CMakeFiles/xrSound.dir/SoundRender_Core_Processor.cpp.o
In file included from /data/data/com.termux/files/home/xray-16/src/xrSound/SoundRender_Core_Processor.cpp:6:
In file included from /data/data/com.termux/files/home/xray-16/src/xrCDB/Intersect.hpp:3:
/data/data/com.termux/files/home/xray-16/src/xrCore/_matrix33.h:148:13: warning: variable 'nrot' set but not used [-Wunused-but-set-variable]
  148 |         int nrot;
      |             ^
1 warning generated.
[181/1826] Building CXX object src/xrScriptEngine/CMakeFiles/xrScriptEngine.dir/script_callStack.cpp.o
[182/1826] Building CXX object src/xrNetServer/CMakeFiles/xrNetServer.dir/empty/NET_Client.cpp.o
/data/data/com.termux/files/home/xray-16/src/xrNetServer/empty/NET_Client.cpp:243:7: warning: field 'net_Statistic' will be initialized after field 'net_csEnumeration' [-Wreorder-ctor]
  243 |     : net_Statistic(timer)
      |       ^~~~~~~~~~~~~~~~~~~~
      |       net_csEnumeration(xr_new<Lock>())
  244 |     , net_csEnumeration(xr_new<Lock>())
      |       ~~~~~~~~~~~~~~~~~~~~~~~~~~~~~~~~~
      |       net_Statistic(timer)
/data/data/com.termux/files/home/xray-16/src/xrNetServer/empty/NET_Client.cpp:334:14: warning: variable 'bSimulator' set but not used [-Wunused-but-set-variable]
  334 |         bool bSimulator = false;
      |              ^
/data/data/com.termux/files/home/xray-16/src/xrNetServer/empty/NET_Client.cpp:175:23: warning: unused function 'Handler' [-Wunused-function]
  175 | static HRESULT WINAPI Handler(PVOID pvUserContext,
      |                       ^~~~~~~
3 warnings generated.
[183/1826] Building CXX object src/xrNetServer/CMakeFiles/xrNetServer.dir/empty/NET_Server.cpp.o
/data/data/com.termux/files/home/xray-16/src/xrNetServer/empty/NET_Server.cpp:104:16: warning: first argument in call to 'memset' is a pointer to non-trivially copyable type 'IClientStatistic' [-Wnontrivial-memcall]
  104 |     ZeroMemory(this, sizeof(*this));
      |                ^
/data/data/com.termux/files/home/xray-16/src/xrNetServer/empty/NET_Server.cpp:104:16: note: explicitly cast the pointer to silence this warning
  104 |     ZeroMemory(this, sizeof(*this));
      |                ^
      |                (void*)
/data/data/com.termux/files/home/xray-16/src/xrCore/xrMemory.h:69:38: note: expanded from macro 'ZeroMemory'
   69 | #define ZeroMemory(dst, size) memset(dst, 0, size)
      |                                      ^
/data/data/com.termux/files/home/xray-16/src/xrNetServer/empty/NET_Server.cpp:136:16: warning: first argument in call to 'memset' is a pointer to non-trivially copyable type 'IClientStatistic' [-Wnontrivial-memcall]
  136 |     ZeroMemory(this, sizeof(*this));
      |                ^
/data/data/com.termux/files/home/xray-16/src/xrNetServer/empty/NET_Server.cpp:136:16: note: explicitly cast the pointer to silence this warning
  136 |     ZeroMemory(this, sizeof(*this));
      |                ^
      |                (void*)
/data/data/com.termux/files/home/xray-16/src/xrCore/xrMemory.h:69:38: note: expanded from macro 'ZeroMemory'
   69 | #define ZeroMemory(dst, size) memset(dst, 0, size)
      |                                      ^
/data/data/com.termux/files/home/xray-16/src/xrNetServer/empty/NET_Server.cpp:292:14: warning: variable 'bSimulator' set but not used [-Wunused-but-set-variable]
  292 |         bool bSimulator = false;
      |              ^
/data/data/com.termux/files/home/xray-16/src/xrNetServer/empty/NET_Server.cpp:479:13: warning: variable 'dwPending' is uninitialized when used here [-Wuninitialized]
  479 |         if (dwPending > u32(psNET_ServerPending)) {
      |             ^~~~~~~~~
/data/data/com.termux/files/home/xray-16/src/xrNetServer/empty/NET_Server.cpp:475:22: note: initialize the variable 'dwPending' to silence this warning
  475 |         u32 dwPending;
      |                      ^
      |                       = 0
/data/data/com.termux/files/home/xray-16/src/xrNetServer/empty/NET_Server.cpp:476:20: warning: variable 'hr' is uninitialized when used here [-Wuninitialized]
  476 |         if (FAILED(hr))
      |                    ^~
/data/data/com.termux/files/home/xray-16/src/xrNetServer/empty/NET_Server.cpp:472:15: note: initialize the variable 'hr' to silence this warning
  472 |     HRESULT hr;
      |               ^
      |                = 0
5 warnings generated.
[184/1826] Building CXX object Externals/imgui-proj/CMakeFiles/xrImGui.dir/__/imgui/imgui_widgets.cpp.o
[185/1826] Building CXX object src/xrScriptEngine/CMakeFiles/xrScriptEngine.dir/script_debugger.cpp.o
[186/1826] Building CXX object Externals/imgui-proj/CMakeFiles/xrImGui.dir/__/imgui/imgui_draw.cpp.o
[187/1826] Building CXX object src/xrScriptEngine/CMakeFiles/xrScriptEngine.dir/script_lua_helper.cpp.o
/data/data/com.termux/files/home/xray-16/src/xrScriptEngine/script_lua_helper.cpp:244:20: warning: address of array 'ar.short_src' will always evaluate to 'true' [-Wpointer-bool-conversion]
  244 |             if (ar.short_src)
      |             ~~  ~~~^~~~~~~~~
1 warning generated.
[188/1826] Building CXX object src/xrScriptEngine/CMakeFiles/xrScriptEngine.dir/pch.cpp.o
[189/1826] Building CXX object src/xrScriptEngine/CMakeFiles/xrScriptEngine.dir/script_debugger_threads.cpp.o
[190/1826] Building CXX object src/xrScriptEngine/CMakeFiles/xrScriptEngine.dir/xrScriptEngine.cpp.o
[191/1826] Building CXX object src/xrScriptEngine/CMakeFiles/xrScriptEngine.dir/ScriptExporter.cpp.o
[192/1826] Building CXX object src/xrScriptEngine/CMakeFiles/xrScriptEngine.dir/script_thread.cpp.o
[193/1826] Building CXX object src/xrScriptEngine/CMakeFiles/xrScriptEngine.dir/script_process.cpp.o
[194/1826] Building CXX object src/xrScriptEngine/CMakeFiles/xrScriptEngine.dir/script_engine.cpp.o
/data/data/com.termux/files/home/xray-16/src/xrScriptEngine/script_engine.cpp:98:6: warning: unused function 'RunJITCommand' [-Wunused-function]
   98 | bool RunJITCommand(lua_State* ls, const char* command)
      |      ^~~~~~~~~~~~~
1 warning generated.
[195/1826] Building CXX object src/xrScriptEngine/CMakeFiles/xrScriptEngine.dir/script_stack_tracker.cpp.o
/data/data/com.termux/files/home/xray-16/src/xrScriptEngine/script_stack_tracker.cpp:17:23: warning: comparison of integers of different signs: 'int' and 'const size_t' (aka 'const unsigned long') [-Wsign-compare]
   17 |     for (int i = 0; i < max_stack_size; i++)
      |                     ~ ^ ~~~~~~~~~~~~~~
/data/data/com.termux/files/home/xray-16/src/xrScriptEngine/script_stack_tracker.cpp:23:23: warning: comparison of integers of different signs: 'int' and 'const size_t' (aka 'const unsigned long') [-Wsign-compare]
   23 |     for (int i = 0; i < max_stack_size; i++)
      |                     ~ ^ ~~~~~~~~~~~~~~
/data/data/com.termux/files/home/xray-16/src/xrScriptEngine/script_stack_tracker.cpp:33:35: warning: comparison of integers of different signs: 'int' and 'const size_t' (aka 'const unsigned long') [-Wsign-compare]
   33 |         if (m_current_stack_level >= max_stack_size)
      |             ~~~~~~~~~~~~~~~~~~~~~ ^  ~~~~~~~~~~~~~~
3 warnings generated.
[196/1826] Building CXX object src/xrEngine/CMakeFiles/xrEngine.dir/cmake_pch.hxx.pch
[197/1826] Building CXX object src/xrSound/CMakeFiles/xrSound.dir/SoundRender_Core_StartStop.cpp.o
[198/1826] Building CXX object src/xrSound/CMakeFiles/xrSound.dir/SoundRender_EffectsA_EAX.cpp.o
[199/1826] Building CXX object src/xrSound/CMakeFiles/xrSound.dir/SoundRender_Core_SourceManager.cpp.o
[200/1826] Building CXX object src/xrScriptEngine/CMakeFiles/xrScriptEngine.dir/script_profiler.cpp.o
[201/1826] Building CXX object src/xrScriptEngine/CMakeFiles/xrScriptEngine.dir/ScriptEngineScript.cpp.o
[202/1826] Building CXX object src/xrSound/CMakeFiles/xrSound.dir/guids.cpp.o
[203/1826] Building CXX object src/xrSound/CMakeFiles/xrSound.dir/OpenALDeviceList.cpp.o
[204/1826] Building CXX object src/xrSound/CMakeFiles/xrSound.dir/SoundRender_CoreA.cpp.o
[205/1826] Building CXX object src/xrSound/CMakeFiles/xrSound.dir/SoundRender_Emitter_FSM.cpp.o
/data/data/com.termux/files/home/xray-16/src/xrSound/SoundRender_Emitter_FSM.cpp:231:50: warning: implicit conversion from 'unsigned int' to 'float' changes value from 4294967295 to 4294967296 [-Wimplicit-const-int-float-conversion]
  231 |             const bool bLooped = (fTimeToStop == 0xffffffff);
      |                                               ~~ ^~~~~~~~~~
1 warning generated.
[206/1826] Building CXX object src/xrSound/CMakeFiles/xrSound.dir/stdafx.cpp.o
[207/1826] Building CXX object src/xrSound/CMakeFiles/xrSound.dir/SoundRender_Emitter_StartStop.cpp.o
[208/1826] Building CXX object src/xrSound/CMakeFiles/xrSound.dir/SoundRender_Environment.cpp.o
[209/1826] Building CXX object src/xrSound/CMakeFiles/xrSound.dir/SoundRender_Emitter.cpp.o
/data/data/com.termux/files/home/xray-16/src/xrSound/SoundRender_Emitter.cpp:242:12: warning: moving a local object in a return statement prevents copy elision [-Wpessimizing-move]
  242 |     return std::move(result);
      |            ^
/data/data/com.termux/files/home/xray-16/src/xrSound/SoundRender_Emitter.cpp:242:12: note: remove std::move call here
  242 |     return std::move(result);
      |            ^~~~~~~~~~      ~
/data/data/com.termux/files/home/xray-16/src/xrSound/SoundRender_Emitter.cpp:263:30: warning: comparison of integers of different signs: 'int' and 'const u32' (aka 'const unsigned int') [-Wsign-compare]
  263 |         while (filled_blocks < sdef_target_count_prefill)
      |                ~~~~~~~~~~~~~ ^ ~~~~~~~~~~~~~~~~~~~~~~~~~
/data/data/com.termux/files/home/xray-16/src/xrSound/SoundRender_Emitter.cpp:256:23: warning: comparison of integers of different signs: 'int' and 'const u32' (aka 'const unsigned int') [-Wsign-compare]
  256 |     if (filled_blocks >= sdef_target_count_prefill)
      |         ~~~~~~~~~~~~~ ^  ~~~~~~~~~~~~~~~~~~~~~~~~~
3 warnings generated.
[210/1826] Building CXX object src/xrSound/CMakeFiles/xrSound.dir/SoundRender_Target.cpp.o
[211/1826] Building CXX object Externals/ode/CMakeFiles/xrODE.dir/ode/src/array.cpp.o
[212/1826] Building CXX object src/xrSound/CMakeFiles/xrSound.dir/SoundRender_TargetA.cpp.o
[213/1826] Building CXX object Externals/ode/CMakeFiles/xrODE.dir/ode/src/Bounder33.cpp.o
[214/1826] Building CXX object src/xrSound/CMakeFiles/xrSound.dir/Sound.cpp.o
[215/1826] Building CXX object src/xrSound/CMakeFiles/xrSound.dir/SoundRender_Source.cpp.o
[216/1826] Building CXX object Externals/ode/CMakeFiles/xrODE.dir/ode/src/collision_kernel.cpp.o
[217/1826] Building CXX object src/xrSound/CMakeFiles/xrSound.dir/SoundRender_Scene.cpp.o
In file included from /data/data/com.termux/files/home/xray-16/src/xrSound/SoundRender_Scene.cpp:4:
In file included from /data/data/com.termux/files/home/xray-16/src/xrCDB/Intersect.hpp:3:
/data/data/com.termux/files/home/xray-16/src/xrCore/_matrix33.h:148:13: warning: variable 'nrot' set but not used [-Wunused-but-set-variable]
  148 |         int nrot;
      |             ^
1 warning generated.
[218/1826] Building CXX object Externals/ode/CMakeFiles/xrODE.dir/ode/src/collision_quadtreespace.cpp.o
[219/1826] Building C object Externals/ode/CMakeFiles/xrODE.dir/ode/src/fastdot.c.o
[220/1826] Building CXX object Externals/ode/CMakeFiles/xrODE.dir/ode/src/collision_util.cpp.o
[221/1826] Building C object Externals/ode/CMakeFiles/xrODE.dir/ode/src/fastldlt.c.o
/data/data/com.termux/files/home/xray-16/Externals/ode/ode/src/fastldlt.c:379:14: warning: indirection of non-volatile null pointer will be deleted, not trap [-Wnull-dereference]
  379 |     default: *((char*)0)=0;  /* this should never happen! */
      |              ^~~~~~~~~~~
/data/data/com.termux/files/home/xray-16/Externals/ode/ode/src/fastldlt.c:379:14: note: consider using __builtin_trap() or qualifying pointer with 'volatile'
1 warning generated.
[222/1826] Building CXX object Externals/ode/CMakeFiles/xrODE.dir/ode/src/collision_transform.cpp.o
[223/1826] Building CXX object Externals/ode/CMakeFiles/xrODE.dir/ode/src/collision_space.cpp.o
[224/1826] Building CXX object Externals/ode/CMakeFiles/xrODE.dir/ode/src/error.cpp.o
[225/1826] Building C object Externals/ode/CMakeFiles/xrODE.dir/ode/src/fastltsolve.c.o
[226/1826] Building C object Externals/ode/CMakeFiles/xrODE.dir/ode/src/fastlsolve.c.o
[227/1826] Building CXX object Externals/ode/CMakeFiles/xrODE.dir/ode/src/export-dif.cpp.o
[228/1826] Building CXX object Externals/ode/CMakeFiles/xrODE.dir/ode/src/memory.cpp.o
[229/1826] Building CXX object src/xrScriptEngine/CMakeFiles/xrScriptEngine.dir/BindingsDumper.cpp.o
[230/1826] Building CXX object Externals/ode/CMakeFiles/xrODE.dir/ode/src/collision_std.cpp.o
[231/1826] Building CXX object Externals/ode/CMakeFiles/xrODE.dir/ode/src/mass.cpp.o
[232/1826] Building CXX object Externals/ode/CMakeFiles/xrODE.dir/ode/src/matrix.cpp.o
[233/1826] Building CXX object Externals/ode/CMakeFiles/xrODE.dir/ode/src/mat.cpp.o
[234/1826] Building CXX object Externals/ode/CMakeFiles/xrODE.dir/ode/src/lcp.cpp.o
[235/1826] Building CXX object Externals/ode/CMakeFiles/xrODE.dir/ode/src/misc.cpp.o
[236/1826] Building CXX object Externals/ode/CMakeFiles/xrODE.dir/ode/src/obstack.cpp.o
[237/1826] Building CXX object Externals/ode/CMakeFiles/xrODE.dir/ode/src/odemath.cpp.o
[238/1826] Building CXX object Externals/ode/CMakeFiles/xrODE.dir/ode/src/rotation.cpp.o
[239/1826] Building CXX object Externals/ode/CMakeFiles/xrODE.dir/ode/src/joint.cpp.o
[240/1826] Building CXX object Externals/ode/CMakeFiles/xrODE.dir/ode/src/StepJointInternal.cpp.o
[241/1826] Building CXX object Externals/ode/CMakeFiles/xrODE.dir/ode/src/ode.cpp.o
[242/1826] Building CXX object Externals/ode/CMakeFiles/xrODE.dir/ode/src/stepfast.cpp.o
[243/1826] Building CXX object Externals/ode/CMakeFiles/xrODE.dir/ode/src/timer.cpp.o
/data/data/com.termux/files/home/xray-16/Externals/ode/ode/src/timer.cpp:410:23: warning: field width should have type 'int', but argument has type 'size_t' (aka 'unsigned long') [-Wformat]
  410 |     fprintf (fout,"%-*s %7.2fms %6.2f%%",maxl,event[i].description,
      |                    ~~~^                  ~~~~
1 warning generated.
[244/1826] Building CXX object Externals/ode/CMakeFiles/xrODE.dir/ode/src/step.cpp.o
[245/1826] Building CXX object Externals/ode/CMakeFiles/xrODE.dir/contrib/msvc7/ode_default/de_padf_integration.cpp.o
[246/1826] Building CXX object Externals/ode/CMakeFiles/xrODE.dir/ode/src/testing.cpp.o
[247/1826] Building CXX object Externals/ode/CMakeFiles/xrODE.dir/ode/src/util.cpp.o
[248/1826] Building C object Externals/GameSpy/src/GameSpy/CMakeFiles/GameSpy-oxr.dir/md5c.c.o
[249/1826] Building C object Externals/GameSpy/src/GameSpy/CMakeFiles/GameSpy-oxr.dir/hashtable.c.o
[250/1826] Building C object Externals/GameSpy/src/GameSpy/CMakeFiles/GameSpy-oxr.dir/common/gsAssert.c.o
[251/1826] Building C object Externals/GameSpy/src/GameSpy/CMakeFiles/GameSpy-oxr.dir/darray.c.o
[252/1826] Building C object Externals/GameSpy/src/GameSpy/CMakeFiles/GameSpy-oxr.dir/common/gsAvailable.c.o
[253/1826] Building C object Externals/GameSpy/src/GameSpy/CMakeFiles/GameSpy-oxr.dir/common/gsCore.c.o
[254/1826] Building C object Externals/GameSpy/src/GameSpy/CMakeFiles/GameSpy-oxr.dir/common/gsCrypt.c.o
[255/1826] Building C object Externals/GameSpy/src/GameSpy/CMakeFiles/GameSpy-oxr.dir/nonport.c.o
[256/1826] Building C object Externals/GameSpy/src/GameSpy/CMakeFiles/GameSpy-oxr.dir/common/gsDebug.c.o
[257/1826] Building C object Externals/GameSpy/src/GameSpy/CMakeFiles/GameSpy-oxr.dir/common/gsMemory.c.o
[258/1826] Building C object Externals/GameSpy/src/GameSpy/CMakeFiles/GameSpy-oxr.dir/common/gsPlatform.c.o
[259/1826] Building C object Externals/GameSpy/src/GameSpy/CMakeFiles/GameSpy-oxr.dir/common/gsPlatformSocket.c.o
[260/1826] Building C object Externals/GameSpy/src/GameSpy/CMakeFiles/GameSpy-oxr.dir/common/gsRC4.c.o
[261/1826] Building C object Externals/GameSpy/src/GameSpy/CMakeFiles/GameSpy-oxr.dir/common/gsPlatformThread.c.o
[262/1826] Building C object Externals/GameSpy/src/GameSpy/CMakeFiles/GameSpy-oxr.dir/common/gsPlatformUtil.c.o
[263/1826] Building C object Externals/GameSpy/src/GameSpy/CMakeFiles/GameSpy-oxr.dir/common/gsSHA1.c.o
[264/1826] Building C object Externals/GameSpy/src/GameSpy/CMakeFiles/GameSpy-oxr.dir/common/gsSoap.c.o
[265/1826] Building C object Externals/GameSpy/src/GameSpy/CMakeFiles/GameSpy-oxr.dir/common/gsSSL.c.o
[266/1826] Building C object Externals/GameSpy/src/GameSpy/CMakeFiles/GameSpy-oxr.dir/common/gsLargeInt.c.o
[267/1826] Building CXX object Externals/ode/CMakeFiles/xrODE.dir/ode/src/quickstep.cpp.o
[268/1826] Building C object Externals/GameSpy/src/GameSpy/CMakeFiles/GameSpy-oxr.dir/common/gsStringUtil.c.o
[269/1826] Building C object Externals/GameSpy/src/GameSpy/CMakeFiles/GameSpy-oxr.dir/gcdkey/gcdkeyc.c.o
[270/1826] Building C object Externals/GameSpy/src/GameSpy/CMakeFiles/GameSpy-oxr.dir/common/gsUdpEngine.c.o
[271/1826] Building C object Externals/GameSpy/src/GameSpy/CMakeFiles/GameSpy-oxr.dir/ghttp/ghttpBuffer.c.o
[272/1826] Building C object Externals/GameSpy/src/GameSpy/CMakeFiles/GameSpy-oxr.dir/ghttp/ghttpCallbacks.c.o
[273/1826] Building C object Externals/GameSpy/src/GameSpy/CMakeFiles/GameSpy-oxr.dir/ghttp/ghttpCommon.c.o
[274/1826] Building C object Externals/GameSpy/src/GameSpy/CMakeFiles/GameSpy-oxr.dir/ghttp/ghttpConnection.c.o
[275/1826] Building C object Externals/GameSpy/src/GameSpy/CMakeFiles/GameSpy-oxr.dir/gcdkey/gcdkeys.c.o
[276/1826] Building C object Externals/GameSpy/src/GameSpy/CMakeFiles/GameSpy-oxr.dir/ghttp/ghttpMain.c.o
[277/1826] Building C object Externals/GameSpy/src/GameSpy/CMakeFiles/GameSpy-oxr.dir/ghttp/ghttpEncryption.c.o
[278/1826] Building C object Externals/GameSpy/src/GameSpy/CMakeFiles/GameSpy-oxr.dir/ghttp/ghttpPost.c.o
[279/1826] Building C object Externals/GameSpy/src/GameSpy/CMakeFiles/GameSpy-oxr.dir/common/gsXML.c.o
[280/1826] Building C object Externals/GameSpy/src/GameSpy/CMakeFiles/GameSpy-oxr.dir/GP/gpiBuddy.c.o
[281/1826] Building C object Externals/GameSpy/src/GameSpy/CMakeFiles/GameSpy-oxr.dir/GP/gpiCallback.c.o
[282/1826] Building C object Externals/GameSpy/src/GameSpy/CMakeFiles/GameSpy-oxr.dir/GP/gpi.c.o
[283/1826] Building C object Externals/GameSpy/src/GameSpy/CMakeFiles/GameSpy-oxr.dir/GP/gpiBuffer.c.o
[284/1826] Building C object Externals/GameSpy/src/GameSpy/CMakeFiles/GameSpy-oxr.dir/ghttp/ghttpProcess.c.o
[285/1826] Building CXX object Externals/imgui-proj/CMakeFiles/xrImGui.dir/__/imgui/imgui.cpp.o
[286/1826] Building C object Externals/GameSpy/src/GameSpy/CMakeFiles/GameSpy-oxr.dir/GP/gp.c.o
[287/1826] Building C object Externals/GameSpy/src/GameSpy/CMakeFiles/GameSpy-oxr.dir/GP/gpiConnect.c.o
[288/1826] Building C object Externals/GameSpy/src/GameSpy/CMakeFiles/GameSpy-oxr.dir/GP/gpiKeys.c.o
[289/1826] Building C object Externals/GameSpy/src/GameSpy/CMakeFiles/GameSpy-oxr.dir/GP/gpiInfo.c.o
[290/1826] Building C object Externals/GameSpy/src/GameSpy/CMakeFiles/GameSpy-oxr.dir/GP/gpiOperation.c.o
[291/1826] Building C object Externals/GameSpy/src/GameSpy/CMakeFiles/GameSpy-oxr.dir/GP/gpiPS3.c.o
[292/1826] Building C object Externals/GameSpy/src/GameSpy/CMakeFiles/GameSpy-oxr.dir/GP/gpiProfile.c.o
[293/1826] Building C object Externals/GameSpy/src/GameSpy/CMakeFiles/GameSpy-oxr.dir/GP/gpiUnique.c.o
[294/1826] Building C object Externals/GameSpy/src/GameSpy/CMakeFiles/GameSpy-oxr.dir/GP/gpiPeer.c.o
[295/1826] Building C object Externals/GameSpy/src/GameSpy/CMakeFiles/GameSpy-oxr.dir/GP/gpiSearch.c.o
[296/1826] Building C object Externals/GameSpy/src/GameSpy/CMakeFiles/GameSpy-oxr.dir/gt2/gt2Auth.c.o
[297/1826] Building C object Externals/GameSpy/src/GameSpy/CMakeFiles/GameSpy-oxr.dir/GP/gpiUtility.c.o
[298/1826] Building C object Externals/GameSpy/src/GameSpy/CMakeFiles/GameSpy-oxr.dir/gstats/gbucket.c.o
[299/1826] Building C object Externals/GameSpy/src/GameSpy/CMakeFiles/GameSpy-oxr.dir/GP/gpiTransfer.c.o
[300/1826] Building C object Externals/GameSpy/src/GameSpy/CMakeFiles/GameSpy-oxr.dir/gt2/gt2Buffer.c.o
[301/1826] Building C object Externals/GameSpy/src/GameSpy/CMakeFiles/GameSpy-oxr.dir/gt2/gt2Connection.c.o
[302/1826] Building C object Externals/GameSpy/src/GameSpy/CMakeFiles/GameSpy-oxr.dir/gt2/gt2Callback.c.o
[303/1826] Building C object Externals/GameSpy/src/GameSpy/CMakeFiles/GameSpy-oxr.dir/gt2/gt2Filter.c.o
[304/1826] Building C object Externals/GameSpy/src/GameSpy/CMakeFiles/GameSpy-oxr.dir/gt2/gt2Main.c.o
[305/1826] Building C object Externals/GameSpy/src/GameSpy/CMakeFiles/GameSpy-oxr.dir/gt2/gt2Encode.c.o
[306/1826] Building C object Externals/GameSpy/src/GameSpy/CMakeFiles/GameSpy-oxr.dir/gt2/gt2Socket.c.o
[307/1826] Building C object Externals/GameSpy/src/GameSpy/CMakeFiles/GameSpy-oxr.dir/gt2/gt2Utility.c.o
[308/1826] Building C object Externals/GameSpy/src/GameSpy/CMakeFiles/GameSpy-oxr.dir/gstats/gstats.c.o
[309/1826] Building C object Externals/GameSpy/src/GameSpy/CMakeFiles/GameSpy-oxr.dir/natneg/NATify.c.o
[310/1826] Building C object Externals/GameSpy/src/GameSpy/CMakeFiles/GameSpy-oxr.dir/pt/ptMain.c.o
[311/1826] Building C object Externals/GameSpy/src/GameSpy/CMakeFiles/GameSpy-oxr.dir/qr2/qr2regkeys.c.o
[312/1826] Building C object Externals/GameSpy/src/GameSpy/CMakeFiles/GameSpy-oxr.dir/natneg/natneg.c.o
[313/1826] Building C object Externals/GameSpy/src/GameSpy/CMakeFiles/GameSpy-oxr.dir/gt2/gt2Message.c.o
[314/1826] Building C object Externals/GameSpy/src/GameSpy/CMakeFiles/GameSpy-oxr.dir/sake/sakeMain.c.o
[315/1826] Building C object Externals/GameSpy/src/GameSpy/CMakeFiles/GameSpy-oxr.dir/sake/sakeRequest.c.o
[316/1826] Building C object Externals/GameSpy/src/GameSpy/CMakeFiles/GameSpy-oxr.dir/sake/sakeRequestModify.c.o
[317/1826] Building C object Externals/GameSpy/src/GameSpy/CMakeFiles/GameSpy-oxr.dir/sake/sakeRequestMisc.c.o
[318/1826] Building C object Externals/GameSpy/src/GameSpy/CMakeFiles/GameSpy-oxr.dir/sc/sciInterface.c.o
[319/1826] Building C object Externals/GameSpy/src/GameSpy/CMakeFiles/GameSpy-oxr.dir/sake/sakeRequestRead.c.o
[320/1826] Building C object Externals/GameSpy/src/GameSpy/CMakeFiles/GameSpy-oxr.dir/sc/sciReport.c.o
[321/1826] Building C object Externals/GameSpy/src/GameSpy/CMakeFiles/GameSpy-oxr.dir/sc/sciMain.c.o
[322/1826] Building C object Externals/GameSpy/src/GameSpy/CMakeFiles/GameSpy-oxr.dir/qr2/qr2.c.o
[323/1826] Building C object Externals/GameSpy/src/GameSpy/CMakeFiles/GameSpy-oxr.dir/sc/sciSerialize.c.o
[324/1826] Building C object Externals/GameSpy/src/GameSpy/CMakeFiles/GameSpy-oxr.dir/sc/sciWebServices.c.o
[325/1826] Building C object Externals/GameSpy/src/GameSpy/CMakeFiles/GameSpy-oxr.dir/serverbrowsing/sb_crypt.c.o
[326/1826] Building C object Externals/GameSpy/src/GameSpy/CMakeFiles/GameSpy-oxr.dir/serverbrowsing/sb_serverbrowsing.c.o
[327/1826] Building C object Externals/GameSpy/src/GameSpy/CMakeFiles/GameSpy-oxr.dir/serverbrowsing/sb_queryengine.c.o
[328/1826] Building C object Externals/GameSpy/src/GameSpy/CMakeFiles/GameSpy-oxr.dir/serverbrowsing/sb_server.c.o
[329/1826] Linking CXX static library Externals/imgui-proj/xrImGui.a
[330/1826] Building C object Externals/GameSpy/src/GameSpy/CMakeFiles/GameSpy-oxr.dir/webservices/AuthService.c.o
[331/1826] Building CXX object src/xrEngine/CMakeFiles/xrEngine.dir/pure.cpp.o
[332/1826] Building C object Externals/GameSpy/src/GameSpy/CMakeFiles/GameSpy-oxr.dir/serverbrowsing/sb_serverlist.c.o
[333/1826] Building CXX object src/xrEngine/CMakeFiles/xrEngine.dir/editor_helper.cpp.o
[334/1826] Building CXX object src/xrEngine/CMakeFiles/xrEngine.dir/XR_IOConsole_control.cpp.o
[335/1826] Building CXX object src/xrEngine/CMakeFiles/xrEngine.dir/editor_base_input.cpp.o
[336/1826] Building CXX object src/xrEngine/CMakeFiles/xrEngine.dir/XR_IOConsole_callback.cpp.o
[337/1826] Building CXX object src/xrEngine/CMakeFiles/xrEngine.dir/editor_base.cpp.o
[338/1826] Building CXX object src/xrEngine/CMakeFiles/xrEngine.dir/XR_IOConsole_get.cpp.o
[339/1826] Building CXX object src/xrEngine/CMakeFiles/xrEngine.dir/mailSlot.cpp.o
[340/1826] Building CXX object src/xrEngine/CMakeFiles/xrEngine.dir/perlin.cpp.o
[341/1826] Building CXX object src/xrEngine/CMakeFiles/xrEngine.dir/edit_actions.cpp.o
[342/1826] Building CXX object src/xrEngine/CMakeFiles/xrEngine.dir/EventAPI.cpp.o
[343/1826] Building CXX object src/xrEngine/CMakeFiles/xrEngine.dir/Engine.cpp.o
[344/1826] Building CXX object src/xrEngine/CMakeFiles/xrEngine.dir/EngineAPI.cpp.o
[345/1826] Building CXX object src/xrEngine/CMakeFiles/xrEngine.dir/XR_IOConsole_script.cpp.o
[346/1826] Building CXX object src/xrEngine/CMakeFiles/xrEngine.dir/xr_ioc_cmd.cpp.o
[347/1826] Building CXX object src/xrEngine/CMakeFiles/xrEngine.dir/XR_IOConsole.cpp.o
[348/1826] Building CXX object src/xrEngine/CMakeFiles/xrEngine.dir/CameraBase.cpp.o
In file included from /data/data/com.termux/files/home/xray-16/src/xrEngine/CameraBase.cpp:8:
/data/data/com.termux/files/home/xray-16/src/xrEngine/CameraBase.h:31:26: warning: default member initializer for bit-field is a C++20 extension [-Wc++20-extensions]
   31 |     bool bClampYaw   : 1 {};
      |                          ^
/data/data/com.termux/files/home/xray-16/src/xrEngine/CameraBase.h:32:26: warning: default member initializer for bit-field is a C++20 extension [-Wc++20-extensions]
   32 |     bool bClampPitch : 1 {};
      |                          ^
/data/data/com.termux/files/home/xray-16/src/xrEngine/CameraBase.h:33:26: warning: default member initializer for bit-field is a C++20 extension [-Wc++20-extensions]
   33 |     bool bClampRoll  : 1 {};
      |                          ^
3 warnings generated.
[349/1826] Building CXX object src/xrEngine/CMakeFiles/xrEngine.dir/line_edit_control.cpp.o
[350/1826] Building CXX object src/xrEngine/CMakeFiles/xrEngine.dir/Effector.cpp.o
[351/1826] Building CXX object src/xrAICore/CMakeFiles/xrAICore.dir/cmake_pch.hxx.pch
[352/1826] Building CXX object src/xrEngine/CMakeFiles/xrEngine.dir/EffectorPP.cpp.o
[353/1826] Building CXX object src/xrEngine/CMakeFiles/xrEngine.dir/ObjectDump.cpp.o
[354/1826] Building CXX object src/xrEngine/CMakeFiles/xrEngine.dir/ObjectAnimator.cpp.o
In file included from /data/data/com.termux/files/home/xray-16/src/xrEngine/ObjectAnimator.cpp:4:
In file included from /data/data/com.termux/files/home/xray-16/src/xrEngine/ObjectAnimator.h:5:
In file included from /data/data/com.termux/files/home/xray-16/src/xrCore/Animation/Motion.hpp:6:
In file included from /data/data/com.termux/files/home/xray-16/src/xrCore/Animation/Bone.hpp:5:
In file included from /data/data/com.termux/files/home/xray-16/src/xrCore/_obb.h:3:
/data/data/com.termux/files/home/xray-16/src/xrCore/_matrix33.h:148:13: warning: variable 'nrot' set but not used [-Wunused-but-set-variable]
  148 |         int nrot;
      |             ^
In file included from /data/data/com.termux/files/home/xray-16/src/xrEngine/ObjectAnimator.cpp:4:
In file included from /data/data/com.termux/files/home/xray-16/src/xrEngine/ObjectAnimator.h:5:
In file included from /data/data/com.termux/files/home/xray-16/src/xrCore/Animation/Motion.hpp:6:
/data/data/com.termux/files/home/xray-16/src/xrCore/Animation/Bone.hpp:329:13: warning: virtual method '~CBone' is inside a 'final' class and can never be overridden [-Wunnecessary-virtual-specifier]
  329 |     virtual ~CBone() = default;
      |             ^
/data/data/com.termux/files/home/xray-16/src/xrCore/Animation/Bone.hpp:462:13: warning: virtual method '~CBoneData' is inside a 'final' class and can never be overridden [-Wunnecessary-virtual-specifier]
  462 |     virtual ~CBoneData() = default;
      |             ^
/data/data/com.termux/files/home/xray-16/src/xrCore/Animation/Bone.hpp:491:20: warning: virtual method 'mem_usage' is inside a 'final' class and can never be overridden [-Wunnecessary-virtual-specifier]
  491 |     virtual size_t mem_usage()
      |                    ^
4 warnings generated.
[355/1826] Building CXX object src/xrEngine/CMakeFiles/xrEngine.dir/cf_dynamic_mesh.cpp.o
In file included from /data/data/com.termux/files/home/xray-16/src/xrEngine/cf_dynamic_mesh.cpp:3:
In file included from /data/data/com.termux/files/home/xray-16/src/xrEngine/cf_dynamic_mesh.h:3:
In file included from /data/data/com.termux/files/home/xray-16/src/xrEngine/xr_collide_form.h:6:
In file included from /data/data/com.termux/files/home/xray-16/src/xrCore/_obb.h:3:
/data/data/com.termux/files/home/xray-16/src/xrCore/_matrix33.h:148:13: warning: variable 'nrot' set but not used [-Wunused-but-set-variable]
  148 |         int nrot;
      |             ^
/data/data/com.termux/files/home/xray-16/src/xrEngine/cf_dynamic_mesh.cpp:55:16: warning: definition of implicit copy constructor for 'spick' is deprecated because it has a user-provided copy assignment operator [-Wdeprecated-copy-with-user-provided-copy]
   55 |         spick& operator=(spick&)
      |                ^
/data/data/com.termux/files/home/xray-16/src/xrEngine/cf_dynamic_mesh.cpp:64:70: note: in implicit copy constructor for 'spick' first required here
   64 |         std::remove_if(r_results.begin() + s_count, r_results.end(), pick), r_results.end());
      |                                                                      ^
2 warnings generated.
[356/1826] Building CXX object src/xrEngine/CMakeFiles/xrEngine.dir/CameraManager.cpp.o
In file included from /data/data/com.termux/files/home/xray-16/src/xrEngine/CameraManager.cpp:10:
/data/data/com.termux/files/home/xray-16/src/xrEngine/CameraBase.h:31:26: warning: default member initializer for bit-field is a C++20 extension [-Wc++20-extensions]
   31 |     bool bClampYaw   : 1 {};
      |                          ^
/data/data/com.termux/files/home/xray-16/src/xrEngine/CameraBase.h:32:26: warning: default member initializer for bit-field is a C++20 extension [-Wc++20-extensions]
   32 |     bool bClampPitch : 1 {};
      |                          ^
/data/data/com.termux/files/home/xray-16/src/xrEngine/CameraBase.h:33:26: warning: default member initializer for bit-field is a C++20 extension [-Wc++20-extensions]
   33 |     bool bClampRoll  : 1 {};
      |                          ^
3 warnings generated.
[357/1826] Building CXX object src/xrEngine/CMakeFiles/xrEngine.dir/xrHemisphere.cpp.o
[358/1826] Building CXX object src/xrEngine/CMakeFiles/xrEngine.dir/xr_collide_form.cpp.o
In file included from /data/data/com.termux/files/home/xray-16/src/xrEngine/xr_collide_form.cpp:3:
In file included from /data/data/com.termux/files/home/xray-16/src/xrEngine/xr_collide_form.h:6:
In file included from /data/data/com.termux/files/home/xray-16/src/xrCore/_obb.h:3:
/data/data/com.termux/files/home/xray-16/src/xrCore/_matrix33.h:148:13: warning: variable 'nrot' set but not used [-Wunused-but-set-variable]
  148 |         int nrot;
      |             ^
In file included from /data/data/com.termux/files/home/xray-16/src/xrEngine/xr_collide_form.cpp:11:
/data/data/com.termux/files/home/xray-16/src/xrCore/Animation/Bone.hpp:329:13: warning: virtual method '~CBone' is inside a 'final' class and can never be overridden [-Wunnecessary-virtual-specifier]
  329 |     virtual ~CBone() = default;
      |             ^
/data/data/com.termux/files/home/xray-16/src/xrCore/Animation/Bone.hpp:462:13: warning: virtual method '~CBoneData' is inside a 'final' class and can never be overridden [-Wunnecessary-virtual-specifier]
  462 |     virtual ~CBoneData() = default;
      |             ^
/data/data/com.termux/files/home/xray-16/src/xrCore/Animation/Bone.hpp:491:20: warning: virtual method 'mem_usage' is inside a 'final' class and can never be overridden [-Wunnecessary-virtual-specifier]
  491 |     virtual size_t mem_usage()
      |                    ^
/data/data/com.termux/files/home/xray-16/src/xrEngine/xr_collide_form.cpp:53:15: warning: suggest braces around initialization of subobject [-Wmissing-braces]
   53 |     Fbox E = {-b_hsize.x, -b_hsize.y, -b_hsize.z, b_hsize.x, b_hsize.y, b_hsize.z};
      |               ^~~~~~~~~~~~~~~~~~~~~~~~~~~~~~~~~~
      |               {                                 }
/data/data/com.termux/files/home/xray-16/src/xrEngine/xr_collide_form.cpp:53:51: warning: suggest braces around initialization of subobject [-Wmissing-braces]
   53 |     Fbox E = {-b_hsize.x, -b_hsize.y, -b_hsize.z, b_hsize.x, b_hsize.y, b_hsize.z};
      |                                                   ^~~~~~~~~~~~~~~~~~~~~~~~~~~~~~~
      |                                                   {                              }
/data/data/com.termux/files/home/xray-16/src/xrEngine/xr_collide_form.cpp:53:15: warning: suggest braces around initialization of subobject [-Wmissing-braces]
   53 |     Fbox E = {-b_hsize.x, -b_hsize.y, -b_hsize.z, b_hsize.x, b_hsize.y, b_hsize.z};
      |               ^~~~~~~~~~~~~~~~~~~~~~~~~~~~~~~~~~~~~~~~~~~~~~~~~~~~~~~~~~~~~~~~~~~
      |               {                                                                  }
7 warnings generated.
[359/1826] Building CXX object src/xrEngine/CMakeFiles/xrEngine.dir/Environment_editor.cpp.o
[360/1826] Building CXX object src/xrEngine/CMakeFiles/xrEngine.dir/FDemoPlay.cpp.o
In file included from /data/data/com.termux/files/home/xray-16/src/xrEngine/FDemoPlay.cpp:9:
In file included from /data/data/com.termux/files/home/xray-16/src/xrCore/Animation/Motion.hpp:6:
In file included from /data/data/com.termux/files/home/xray-16/src/xrCore/Animation/Bone.hpp:5:
In file included from /data/data/com.termux/files/home/xray-16/src/xrCore/_obb.h:3:
/data/data/com.termux/files/home/xray-16/src/xrCore/_matrix33.h:148:13: warning: variable 'nrot' set but not used [-Wunused-but-set-variable]
  148 |         int nrot;
      |             ^
In file included from /data/data/com.termux/files/home/xray-16/src/xrEngine/FDemoPlay.cpp:9:
In file included from /data/data/com.termux/files/home/xray-16/src/xrCore/Animation/Motion.hpp:6:
/data/data/com.termux/files/home/xray-16/src/xrCore/Animation/Bone.hpp:329:13: warning: virtual method '~CBone' is inside a 'final' class and can never be overridden [-Wunnecessary-virtual-specifier]
  329 |     virtual ~CBone() = default;
      |             ^
/data/data/com.termux/files/home/xray-16/src/xrCore/Animation/Bone.hpp:462:13: warning: virtual method '~CBoneData' is inside a 'final' class and can never be overridden [-Wunnecessary-virtual-specifier]
  462 |     virtual ~CBoneData() = default;
      |             ^
/data/data/com.termux/files/home/xray-16/src/xrCore/Animation/Bone.hpp:491:20: warning: virtual method 'mem_usage' is inside a 'final' class and can never be overridden [-Wunnecessary-virtual-specifier]
  491 |     virtual size_t mem_usage()
      |                    ^
4 warnings generated.
[361/1826] Building CXX object src/xrEngine/CMakeFiles/xrEngine.dir/Environment_render.cpp.o
[362/1826] Building CXX object src/xrEngine/CMakeFiles/xrEngine.dir/FDemoRecord.cpp.o
[363/1826] Building CXX object src/xrEngine/CMakeFiles/xrEngine.dir/Rain.cpp.o
[364/1826] Building CXX object src/xrEngine/CMakeFiles/xrEngine.dir/CustomHUD.cpp.o
[365/1826] Building CXX object src/xrEngine/CMakeFiles/xrEngine.dir/Environment.cpp.o
[366/1826] Building CXX object src/xrUICore/CMakeFiles/xrUICore.dir/cmake_pch.hxx.pch
[367/1826] Building CXX object src/xrEngine/CMakeFiles/xrEngine.dir/IGame_Level_check_textures.cpp.o
[368/1826] Building CXX object src/xrEngine/CMakeFiles/xrEngine.dir/thunderbolt.cpp.o
[369/1826] Building CXX object src/xrEngine/CMakeFiles/xrEngine.dir/Feel_Touch.cpp.o
[370/1826] Building CXX object src/xrEngine/CMakeFiles/xrEngine.dir/xr_efflensflare.cpp.o
In file included from /data/data/com.termux/files/home/xray-16/src/xrEngine/xr_efflensflare.cpp:10:
In file included from /data/data/com.termux/files/home/xray-16/src/xrCore/Animation/Bone.hpp:5:
In file included from /data/data/com.termux/files/home/xray-16/src/xrCore/_obb.h:3:
/data/data/com.termux/files/home/xray-16/src/xrCore/_matrix33.h:148:13: warning: variable 'nrot' set but not used [-Wunused-but-set-variable]
  148 |         int nrot;
      |             ^
In file included from /data/data/com.termux/files/home/xray-16/src/xrEngine/xr_efflensflare.cpp:10:
/data/data/com.termux/files/home/xray-16/src/xrCore/Animation/Bone.hpp:329:13: warning: virtual method '~CBone' is inside a 'final' class and can never be overridden [-Wunnecessary-virtual-specifier]
  329 |     virtual ~CBone() = default;
      |             ^
/data/data/com.termux/files/home/xray-16/src/xrCore/Animation/Bone.hpp:462:13: warning: virtual method '~CBoneData' is inside a 'final' class and can never be overridden [-Wunnecessary-virtual-specifier]
  462 |     virtual ~CBoneData() = default;
      |             ^
/data/data/com.termux/files/home/xray-16/src/xrCore/Animation/Bone.hpp:491:20: warning: virtual method 'mem_usage' is inside a 'final' class and can never be overridden [-Wunnecessary-virtual-specifier]
  491 |     virtual size_t mem_usage()
      |                    ^
/data/data/com.termux/files/home/xray-16/src/xrEngine/xr_efflensflare.cpp:63:5: warning: missing field 'm_pRender' initializer [-Wmissing-designated-field-initializers]
   63 |     });
      |     ^
5 warnings generated.
[371/1826] Building CXX object src/xrEngine/CMakeFiles/xrEngine.dir/Environment_misc.cpp.o
[372/1826] Building CXX object src/xrEngine/CMakeFiles/xrEngine.dir/pure_relcase.cpp.o
[373/1826] Building CXX object src/xrEngine/CMakeFiles/xrEngine.dir/Feel_Vision.cpp.o
In file included from /data/data/com.termux/files/home/xray-16/src/xrEngine/Feel_Vision.cpp:5:
In file included from /data/data/com.termux/files/home/xray-16/src/xrEngine/xr_collide_form.h:6:
In file included from /data/data/com.termux/files/home/xray-16/src/xrCore/_obb.h:3:
/data/data/com.termux/files/home/xray-16/src/xrCore/_matrix33.h:148:13: warning: variable 'nrot' set but not used [-Wunused-but-set-variable]
  148 |         int nrot;
      |             ^
1 warning generated.
[374/1826] Building CXX object src/xrEngine/CMakeFiles/xrEngine.dir/IGame_ObjectPool.cpp.o
/data/data/com.termux/files/home/xray-16/src/xrEngine/IGame_ObjectPool.cpp:14:9: warning: variable 'p_count' set but not used [-Wunused-but-set-variable]
   14 |     int p_count = 0;
      |         ^
1 warning generated.
[375/1826] Building CXX object src/xrEngine/CMakeFiles/xrEngine.dir/defines.cpp.o
[376/1826] Building CXX object src/xrEngine/CMakeFiles/xrEngine.dir/stdafx.cpp.o
[377/1826] Building CXX object src/xrEngine/CMakeFiles/xrEngine.dir/profiler.cpp.o
[378/1826] Building CXX object src/xrEngine/CMakeFiles/xrEngine.dir/IGame_Level.cpp.o
[379/1826] Building CXX object src/xrEngine/CMakeFiles/xrEngine.dir/IInputReceiver.cpp.o
[380/1826] Building CXX object src/xrEngine/CMakeFiles/xrEngine.dir/xr_level_controller.cpp.o
[381/1826] Building CXX object src/xrEngine/CMakeFiles/xrEngine.dir/phdebug.cpp.o
[382/1826] Building CXX object src/xrEngine/CMakeFiles/xrEngine.dir/ICollidable.cpp.o
In file included from /data/data/com.termux/files/home/xray-16/src/xrEngine/ICollidable.cpp:4:
In file included from /data/data/com.termux/files/home/xray-16/src/xrEngine/xr_collide_form.h:6:
In file included from /data/data/com.termux/files/home/xray-16/src/xrCore/_obb.h:3:
/data/data/com.termux/files/home/xray-16/src/xrCore/_matrix33.h:148:13: warning: variable 'nrot' set but not used [-Wunused-but-set-variable]
  148 |         int nrot;
      |             ^
1 warning generated.
[383/1826] Building CXX object src/xrEngine/CMakeFiles/xrEngine.dir/IRenderable.cpp.o
[384/1826] Building CXX object src/xrEngine/CMakeFiles/xrEngine.dir/Render.cpp.o
[385/1826] Building CXX object src/xrEngine/CMakeFiles/xrEngine.dir/ISheduled.cpp.o
[386/1826] Building CXX object src/xrEngine/CMakeFiles/xrEngine.dir/xr_object_list.cpp.o
[387/1826] Building CXX object src/xrEngine/CMakeFiles/xrEngine.dir/x_ray.cpp.o
/data/data/com.termux/files/home/xray-16/src/xrEngine/x_ray.cpp:202:17: warning: unused variable 'FRAME_MARK_APPLICATION_STARTUP' [-Wunused-const-variable]
  202 | constexpr pcstr FRAME_MARK_APPLICATION_STARTUP = "Application startup";
      |                 ^~~~~~~~~~~~~~~~~~~~~~~~~~~~~~
/data/data/com.termux/files/home/xray-16/src/xrEngine/x_ray.cpp:203:17: warning: unused variable 'FRAME_MARK_APPLICATION_SHUTDOWN' [-Wunused-const-variable]
  203 | constexpr pcstr FRAME_MARK_APPLICATION_SHUTDOWN = "Application shutdown";
      |                 ^~~~~~~~~~~~~~~~~~~~~~~~~~~~~~~
/data/data/com.termux/files/home/xray-16/src/xrEngine/x_ray.cpp:204:17: warning: unused variable 'FRAME_MARK_APPLICATION_RUN' [-Wunused-const-variable]
  204 | constexpr pcstr FRAME_MARK_APPLICATION_RUN = "Application run";
      |                 ^~~~~~~~~~~~~~~~~~~~~~~~~~
In file included from /data/data/com.termux/files/home/xray-16/src/xrEngine/x_ray.cpp:10:
/data/data/com.termux/files/home/xray-16/src/xrEngine/x_ray.h:28:20: warning: private field 'm_discord_core' is not used [-Wunused-private-field]
   28 |     discord::Core* m_discord_core{};
      |                    ^
4 warnings generated.
[388/1826] Building CXX object src/xrEngine/CMakeFiles/xrEngine.dir/StringTable/StringTable.cpp.o
[389/1826] Building CXX object src/xrEngine/CMakeFiles/xrEngine.dir/Device_create.cpp.o
[390/1826] Building CXX object src/xrEngine/CMakeFiles/xrEngine.dir/Device_imgui.cpp.o
[391/1826] Building CXX object src/xrEngine/CMakeFiles/xrEngine.dir/Device_overdraw.cpp.o
[392/1826] Building CXX object src/xrEngine/CMakeFiles/xrEngine.dir/xrSheduler.cpp.o
[393/1826] Building CXX object src/xrEngine/CMakeFiles/xrEngine.dir/IGame_Persistent.cpp.o
/data/data/com.termux/files/home/xray-16/src/xrEngine/IGame_Persistent.cpp:537:9: warning: misleading indentation; statement is not part of the previous 'if' [-Wmisleading-indentation]
  537 |         load_draw_internal();
      |         ^
/data/data/com.termux/files/home/xray-16/src/xrEngine/IGame_Persistent.cpp:530:5: note: previous statement is here
  530 |     if (!Device.RenderBegin())
      |     ^
1 warning generated.
[394/1826] Building CXX object src/xrEngine/CMakeFiles/xrEngine.dir/Device_destroy.cpp.o
[395/1826] Building CXX object src/xrEngine/CMakeFiles/xrEngine.dir/Device_Initialize.cpp.o
[396/1826] Building CXX object src/xrEngine/CMakeFiles/xrEngine.dir/PerformanceAlert.cpp.o
[397/1826] Building CXX object src/xrEngine/CMakeFiles/xrEngine.dir/Device_mode.cpp.o
[398/1826] Building CXX object src/xrEngine/CMakeFiles/xrEngine.dir/xrImage_Resampler.cpp.o
[399/1826] Building CXX object src/xrEngine/CMakeFiles/xrEngine.dir/xr_input.cpp.o
[400/1826] Building CXX object src/xrEngine/CMakeFiles/xrEngine.dir/xrTheora_Stream.cpp.o
[401/1826] Building CXX object src/xrEngine/CMakeFiles/xrEngine.dir/StatGraph.cpp.o
[402/1826] Building CXX object src/xrEngine/CMakeFiles/xrEngine.dir/xrTheora_Surface.cpp.o
[403/1826] Building CXX object src/xrEngine/CMakeFiles/xrEngine.dir/GameFont.cpp.o
[404/1826] Building CXX object src/xrEngine/CMakeFiles/xrEngine.dir/PS_instance.cpp.o
[405/1826] Linking CXX shared library /data/data/com.termux/files/home/xray-16/bin/aarch64/Release/xrNetServer.so
[406/1826] Building CXX object src/xrEngine/CMakeFiles/xrEngine.dir/Stats.cpp.o
[407/1826] Linking C static library Externals/GameSpy/src/GameSpy/libGameSpy-oxr.a
[408/1826] Linking CXX shared library /data/data/com.termux/files/home/xray-16/bin/aarch64/Release/xrSound.so
[409/1826] Building CXX object src/xrEngine/CMakeFiles/xrEngine.dir/LightAnimLibrary.cpp.o
[410/1826] Building CXX object src/xrEngine/CMakeFiles/xrEngine.dir/device.cpp.o
[411/1826] Linking CXX shared library /data/data/com.termux/files/home/xray-16/bin/aarch64/Release/xrODE.so
[412/1826] Building CXX object src/xrEngine/CMakeFiles/xrEngine.dir/key_binding_registrator_script.cpp.o
[413/1826] Building CXX object src/xrGameSpy/CMakeFiles/xrGameSpy.dir/cmake_pch.hxx.pch
[414/1826] Building CXX object src/xrAICore/CMakeFiles/xrAICore.dir/AISpaceBase.cpp.o
[415/1826] Building CXX object src/xrParticles/CMakeFiles/xrParticles.dir/cmake_pch.hxx.pch
[416/1826] Building CXX object src/xrPhysics/CMakeFiles/xrPhysics.dir/cmake_pch.hxx.pch
[417/1826] Building CXX object src/xrAICore/CMakeFiles/xrAICore.dir/Components/script_world_property_script.cpp.o
[418/1826] Linking CXX shared library /data/data/com.termux/files/home/xray-16/bin/aarch64/Release/xrScriptEngine.so
[419/1826] Building CXX object src/xrAICore/CMakeFiles/xrAICore.dir/Navigation/level_graph_vertex.cpp.o
[420/1826] Building CXX object src/xrAICore/CMakeFiles/xrAICore.dir/Navigation/level_graph.cpp.o
[421/1826] Building CXX object src/xrAICore/CMakeFiles/xrAICore.dir/Components/script_world_state_script.cpp.o
[422/1826] Building CXX object src/xrAICore/CMakeFiles/xrAICore.dir/pch.cpp.o
[423/1826] Building CXX object src/xrUICore/CMakeFiles/xrUICore.dir/pch.cpp.o
[424/1826] Building CXX object src/xrAICore/CMakeFiles/xrAICore.dir/Navigation/PatrolPath/patrol_path.cpp.o
In file included from /data/data/com.termux/files/home/xray-16/src/xrAICore/Navigation/PatrolPath/patrol_path.cpp:10:
In file included from /data/data/com.termux/files/home/xray-16/src/xrAICore/Navigation/PatrolPath/patrol_path.h:11:
In file included from /data/data/com.termux/files/home/xray-16/src/xrAICore/Navigation/graph_abstract.h:83:
/data/data/com.termux/files/home/xray-16/src/xrAICore/Navigation/graph_abstract_inline.h:270:23: warning: variable 'vertex_id1' is uninitialized when passed as a const reference argument here [-Wuninitialized-const-reference]
  270 |             load_data(vertex_id1, *chunk0);
      |                       ^~~~~~~~~~
/data/data/com.termux/files/home/xray-16/src/xrAICore/Navigation/PatrolPath/patrol_path.cpp:15:14: note: in instantiation of member function 'CGraphAbstractSerialize<CPatrolPoint>::load' requested here
   15 | CPatrolPath::CPatrolPath(shared_str name)
      |              ^
In file included from /data/data/com.termux/files/home/xray-16/src/xrAICore/Navigation/PatrolPath/patrol_path.cpp:10:
In file included from /data/data/com.termux/files/home/xray-16/src/xrAICore/Navigation/PatrolPath/patrol_path.h:11:
In file included from /data/data/com.termux/files/home/xray-16/src/xrAICore/Navigation/graph_abstract.h:83:
/data/data/com.termux/files/home/xray-16/src/xrAICore/Navigation/graph_abstract_inline.h:273:23: warning: variable 'edge_weight' is uninitialized when passed as a const reference argument here [-Wuninitialized-const-reference]
  273 |             load_data(edge_weight, *chunk0);
      |                       ^~~~~~~~~~~
/data/data/com.termux/files/home/xray-16/src/xrAICore/Navigation/graph_abstract_inline.h:263:19: warning: variable 'vertex_id0' is uninitialized when passed as a const reference argument here [-Wuninitialized-const-reference]
  263 |         load_data(vertex_id0, *chunk0);
      |                   ^~~~~~~~~~
/data/data/com.termux/files/home/xray-16/src/xrAICore/Navigation/graph_abstract_inline.h:245:19: warning: variable 'vertex_id' is uninitialized when passed as a const reference argument here [-Wuninitialized-const-reference]
  245 |         load_data(vertex_id, *chunk2);
      |                   ^~~~~~~~~
4 warnings generated.
[425/1826] Building CXX object src/xrAICore/CMakeFiles/xrAICore.dir/Navigation/PatrolPath/patrol_path_params.cpp.o
[426/1826] Building CXX object src/xrAICore/CMakeFiles/xrAICore.dir/Navigation/PatrolPath/patrol_point.cpp.o
[427/1826] Building CXX object src/xrAICore/CMakeFiles/xrAICore.dir/Navigation/PatrolPath/patrol_path_storage.cpp.o
In file included from /data/data/com.termux/files/home/xray-16/src/xrAICore/Navigation/PatrolPath/patrol_path_storage.cpp:11:
In file included from /data/data/com.termux/files/home/xray-16/src/xrAICore/Navigation/PatrolPath/patrol_path.h:11:
In file included from /data/data/com.termux/files/home/xray-16/src/xrAICore/Navigation/graph_abstract.h:83:
/data/data/com.termux/files/home/xray-16/src/xrAICore/Navigation/graph_abstract_inline.h:270:23: warning: variable 'vertex_id1' is uninitialized when passed as a const reference argument here [-Wuninitialized-const-reference]
  270 |             load_data(vertex_id1, *chunk0);
      |                       ^~~~~~~~~~
/data/data/com.termux/files/home/xray-16/src/Common/object_loader.h:31:20: note: in instantiation of member function 'CGraphAbstractSerialize<CPatrolPoint>::load' requested here
   31 |             data1->load(stream);
      |                    ^
/data/data/com.termux/files/home/xray-16/src/Common/object_loader.h:41:35: note: in instantiation of function template specialization 'CLoader<IReader, object_loader::detail::CEmptyPredicate>::CHelper1<CPatrolPath>::load_data<true>' requested here
   41 |             CHelper1<T>::template load_data<object_type_traits::is_base_and_derived<ISerializable, T>::value>(data, stream, p);
      |                                   ^
/data/data/com.termux/files/home/xray-16/src/Common/object_loader.h:122:34: note: in instantiation of function template specialization 'CLoader<IReader, object_loader::detail::CEmptyPredicate>::CHelper<CPatrolPath>::load_data<false>' requested here
  122 |             CHelper<T>::template load_data<object_type_traits::is_pointer<T>::value>(data, stream, p);
      |                                  ^
/data/data/com.termux/files/home/xray-16/src/Common/object_loader.h:275:31: note: in instantiation of function template specialization 'CLoader<IReader, object_loader::detail::CEmptyPredicate>::CHelper4<CPatrolPath>::load_data<false>' requested here
  275 |         CHelper4<T>::template load_data<object_type_traits::is_stl_container<T>::value>(data, stream, p);
      |                               ^
/data/data/com.termux/files/home/xray-16/src/Common/object_loader.h:49:28: note: in instantiation of function template specialization 'CLoader<IReader, object_loader::detail::CEmptyPredicate>::load_data<CPatrolPath>' requested here
   49 |             CLoader<M, P>::load_data(*data, stream, p);
      |                            ^
/data/data/com.termux/files/home/xray-16/src/Common/object_loader.h:122:34: note: in instantiation of function template specialization 'CLoader<IReader, object_loader::detail::CEmptyPredicate>::CHelper<CPatrolPath *>::load_data<true>' requested here
  122 |             CHelper<T>::template load_data<object_type_traits::is_pointer<T>::value>(data, stream, p);
      |                                  ^
/data/data/com.termux/files/home/xray-16/src/Common/object_loader.h:275:31: note: in instantiation of function template specialization 'CLoader<IReader, object_loader::detail::CEmptyPredicate>::CHelper4<CPatrolPath *>::load_data<false>' requested here
  275 |         CHelper4<T>::template load_data<object_type_traits::is_stl_container<T>::value>(data, stream, p);
      |                               ^
/data/data/com.termux/files/home/xray-16/src/Common/object_loader.h:304:20: note: in instantiation of function template specialization 'CLoader<IReader, object_loader::detail::CEmptyPredicate>::load_data<CPatrolPath *>' requested here
  304 |     CLoader<M, P>::load_data(*temp, stream, p);
      |                    ^
/data/data/com.termux/files/home/xray-16/src/Common/object_loader.h:313:5: note: in instantiation of function template specialization 'load_data<CPatrolPath *, IReader, object_loader::detail::CEmptyPredicate>' requested here
  313 |     load_data(data, stream, object_loader::detail::CEmptyPredicate());
      |     ^
/data/data/com.termux/files/home/xray-16/src/xrAICore/Navigation/PatrolPath/patrol_path_storage.cpp:67:9: note: in instantiation of function template specialization 'load_data<CPatrolPath *, IReader>' requested here
   67 |         load_data(pair.second, *chunk2);
      |         ^
In file included from /data/data/com.termux/files/home/xray-16/src/xrAICore/Navigation/PatrolPath/patrol_path_storage.cpp:11:
In file included from /data/data/com.termux/files/home/xray-16/src/xrAICore/Navigation/PatrolPath/patrol_path.h:11:
In file included from /data/data/com.termux/files/home/xray-16/src/xrAICore/Navigation/graph_abstract.h:83:
/data/data/com.termux/files/home/xray-16/src/xrAICore/Navigation/graph_abstract_inline.h:273:23: warning: variable 'edge_weight' is uninitialized when passed as a const reference argument here [-Wuninitialized-const-reference]
  273 |             load_data(edge_weight, *chunk0);
      |                       ^~~~~~~~~~~
/data/data/com.termux/files/home/xray-16/src/xrAICore/Navigation/graph_abstract_inline.h:263:19: warning: variable 'vertex_id0' is uninitialized when passed as a const reference argument here [-Wuninitialized-const-reference]
  263 |         load_data(vertex_id0, *chunk0);
      |                   ^~~~~~~~~~
/data/data/com.termux/files/home/xray-16/src/xrAICore/Navigation/graph_abstract_inline.h:245:19: warning: variable 'vertex_id' is uninitialized when passed as a const reference argument here [-Wuninitialized-const-reference]
  245 |         load_data(vertex_id, *chunk2);
      |                   ^~~~~~~~~
4 warnings generated.
[428/1826] Building CXX object src/xrUICore/CMakeFiles/xrUICore.dir/ui_debug.cpp.o
[429/1826] Building CXX object src/xrUICore/CMakeFiles/xrUICore.dir/ui_focus.cpp.o
[430/1826] Building CXX object src/xrAICore/CMakeFiles/xrAICore.dir/Navigation/game_graph_script.cpp.o
In file included from /data/data/com.termux/files/home/xray-16/src/xrAICore/Navigation/game_graph_script.cpp:11:
In file included from /data/data/com.termux/files/home/xray-16/src/xrAICore/Navigation/game_graph.h:11:
In file included from /data/data/com.termux/files/home/xray-16/src/xrAICore/Navigation/game_graph_space.h:11:
/data/data/com.termux/files/home/xray-16/src/xrCore/Containers/AssociativeVector.hpp:96:15: warning: definition of implicit copy constructor for 'AssociativeVector<unsigned char, GameGraph::SLevel>' is deprecated because it has a user-provided copy assignment operator [-Wdeprecated-copy-with-user-provided-copy]
   96 |     IC TSelf& operator=(const TSelf& right);
      |               ^
/data/data/com.termux/files/home/xray-16/src/xrAICore/Navigation/game_graph_space.h:98:7: note: in implicit copy constructor for 'AssociativeVector<unsigned char, GameGraph::SLevel>' first required here
   98 | class CHeader
      |       ^
/data/data/com.termux/files/home/xray-16/src/xrAICore/Navigation/game_graph.h:18:20: note: in implicit copy constructor for 'GameGraph::CHeader' first required here
   18 | class XRAICORE_API CGameGraph
      |                    ^
/data/data/com.termux/files/home/xray-16/src/xrAICore/Navigation/game_graph_script.cpp:80:37: note: in implicit copy constructor for 'CGameGraph' first required here
   80 |             const auto game_graph = GEnv.AISpace->game_graph();
      |                                     ^
1 warning generated.
[431/1826] Building CXX object src/xrUICore/CMakeFiles/xrUICore.dir/arrow/ui_arrow.cpp.o
[432/1826] Building CXX object src/xrUICore/CMakeFiles/xrUICore.dir/ui_base.cpp.o
/data/data/com.termux/files/home/xray-16/src/xrUICore/ui_base.cpp:152:20: warning: suggest braces around initialization of subobject [-Wmissing-braces]
  152 |     Frect r_top = {0.0f, 0.0f, UI_BASE_WIDTH, UI_BASE_HEIGHT};
      |                    ^~~~~~~~~~~~~~~~~~~~~~~~~~~~~~~~~~~~~~~~~
      |                    {                                        }
1 warning generated.
[433/1826] Building CXX object src/xrUICore/CMakeFiles/xrUICore.dir/ui_styles.cpp.o
[434/1826] Building CXX object src/xrUICore/CMakeFiles/xrUICore.dir/Buttons/UIBtnHint.cpp.o
[435/1826] Building CXX object src/xrUICore/CMakeFiles/xrUICore.dir/Buttons/UI3tButton.cpp.o
In file included from /data/data/com.termux/files/home/xray-16/src/xrUICore/Buttons/UI3tButton.cpp:2:
In file included from /data/data/com.termux/files/home/xray-16/src/xrUICore/Buttons/UI3tButton.h:13:
/data/data/com.termux/files/home/xray-16/src/xrUICore/InteractiveBackground/UI_IB_Static.h:17:18: warning: virtual method 'SetTextureOffset' is inside a 'final' class and can never be overridden [-Wunnecessary-virtual-specifier]
   17 |     virtual void SetTextureOffset(float x, float y);
      |                  ^
1 warning generated.
[436/1826] Building CXX object src/xrUICore/CMakeFiles/xrUICore.dir/Buttons/UIButton.cpp.o
[437/1826] Building CXX object src/xrAICore/CMakeFiles/xrAICore.dir/Navigation/PatrolPath/patrol_path_params_script.cpp.o
[438/1826] Building CXX object src/xrUICore/CMakeFiles/xrUICore.dir/Buttons/UICheckButton.cpp.o
In file included from /data/data/com.termux/files/home/xray-16/src/xrUICore/Buttons/UICheckButton.cpp:6:
In file included from /data/data/com.termux/files/home/xray-16/src/xrUICore/Buttons/UICheckButton.h:3:
In file included from /data/data/com.termux/files/home/xray-16/src/xrUICore/Buttons/UI3tButton.h:13:
/data/data/com.termux/files/home/xray-16/src/xrUICore/InteractiveBackground/UI_IB_Static.h:17:18: warning: virtual method 'SetTextureOffset' is inside a 'final' class and can never be overridden [-Wunnecessary-virtual-specifier]
   17 |     virtual void SetTextureOffset(float x, float y);
      |                  ^
1 warning generated.
[439/1826] Building CXX object src/xrUICore/CMakeFiles/xrUICore.dir/Buttons/UIRadioButton.cpp.o
In file included from /data/data/com.termux/files/home/xray-16/src/xrUICore/Buttons/UIRadioButton.cpp:2:
In file included from /data/data/com.termux/files/home/xray-16/src/xrUICore/Buttons/UIRadioButton.h:2:
In file included from /data/data/com.termux/files/home/xray-16/src/xrUICore/TabControl/UITabButton.h:2:
In file included from /data/data/com.termux/files/home/xray-16/src/xrUICore/Buttons/UI3tButton.h:13:
/data/data/com.termux/files/home/xray-16/src/xrUICore/InteractiveBackground/UI_IB_Static.h:17:18: warning: virtual method 'SetTextureOffset' is inside a 'final' class and can never be overridden [-Wunnecessary-virtual-specifier]
   17 |     virtual void SetTextureOffset(float x, float y);
      |                  ^
1 warning generated.
[440/1826] Building CXX object src/xrUICore/CMakeFiles/xrUICore.dir/EditBox/UIEditBox.cpp.o
[441/1826] Building CXX object src/xrUICore/CMakeFiles/xrUICore.dir/FontManager/FontManager.cpp.o
[442/1826] Building CXX object src/xrUICore/CMakeFiles/xrUICore.dir/EditBox/UICustomEdit.cpp.o
[443/1826] Building CXX object src/xrUICore/CMakeFiles/xrUICore.dir/EditBox/UIEditBoxEx.cpp.o
[444/1826] Building CXX object src/xrUICore/CMakeFiles/xrUICore.dir/Callbacks/UIWndCallback.cpp.o
[445/1826] Building CXX object src/xrUICore/CMakeFiles/xrUICore.dir/Hint/UIHint.cpp.o
[446/1826] Building CXX object src/xrUICore/CMakeFiles/xrUICore.dir/InteractiveBackground/UI_IB_Static.cpp.o
In file included from /data/data/com.termux/files/home/xray-16/src/xrUICore/InteractiveBackground/UI_IB_Static.cpp:11:
/data/data/com.termux/files/home/xray-16/src/xrUICore/InteractiveBackground/UI_IB_Static.h:17:18: warning: virtual method 'SetTextureOffset' is inside a 'final' class and can never be overridden [-Wunnecessary-virtual-specifier]
   17 |     virtual void SetTextureOffset(float x, float y);
      |                  ^
1 warning generated.
[447/1826] Building CXX object src/xrUICore/CMakeFiles/xrUICore.dir/ComboBox/UIComboBox.cpp.o
In file included from /data/data/com.termux/files/home/xray-16/src/xrUICore/ComboBox/UIComboBox.cpp:2:
/data/data/com.termux/files/home/xray-16/src/xrUICore/ComboBox/UIComboBox.h:63:18: warning: virtual method 'OnBtnClicked' is inside a 'final' class and can never be overridden [-Wunnecessary-virtual-specifier]
   63 |     virtual void OnBtnClicked();
      |                  ^
1 warning generated.
[448/1826] Building CXX object src/xrUICore/CMakeFiles/xrUICore.dir/Cursor/UICursor.cpp.o
[449/1826] Building CXX object src/xrUICore/CMakeFiles/xrUICore.dir/Lines/UISubLine.cpp.o
[450/1826] Building CXX object src/xrUICore/CMakeFiles/xrUICore.dir/Lines/UILine.cpp.o
[451/1826] Building CXX object src/xrUICore/CMakeFiles/xrUICore.dir/ListBox/UIListBoxItemMsgChain.cpp.o
[452/1826] Building CXX object src/xrUICore/CMakeFiles/xrUICore.dir/ListBox/UIListBoxItem.cpp.o
[453/1826] Building CXX object src/xrUICore/CMakeFiles/xrUICore.dir/ListBox/UIListBox.cpp.o
[454/1826] Building CXX object src/xrUICore/CMakeFiles/xrUICore.dir/ListWnd/UIListItem.cpp.o
In file included from /data/data/com.termux/files/home/xray-16/src/xrUICore/ListWnd/UIListItem.cpp:3:
/data/data/com.termux/files/home/xray-16/src/xrUICore/ListWnd/UIListItem.h:15:18: warning: 'CUIListItem::InitTexture' hides overloaded virtual function [-Woverloaded-virtual]
   15 |     virtual void InitTexture(pcstr tex_name);
      |                  ^
/data/data/com.termux/files/home/xray-16/src/xrUICore/Static/UIStatic.h:69:18: note: hidden overloaded virtual function 'CUIStatic::InitTexture' declared here: different number of parameters (2 vs 1)
   69 |     virtual bool InitTexture(pcstr texture, bool fatal = true);
      |                  ^
1 warning generated.
[455/1826] Building CXX object src/xrUICore/CMakeFiles/xrUICore.dir/ListWnd/UIListItemEx.cpp.o
In file included from /data/data/com.termux/files/home/xray-16/src/xrUICore/ListWnd/UIListItemEx.cpp:12:
In file included from /data/data/com.termux/files/home/xray-16/src/xrUICore/ListWnd/UIListItemEx.h:12:
/data/data/com.termux/files/home/xray-16/src/xrUICore/ListWnd/UIListItem.h:15:18: warning: 'CUIListItem::InitTexture' hides overloaded virtual function [-Woverloaded-virtual]
   15 |     virtual void InitTexture(pcstr tex_name);
      |                  ^
/data/data/com.termux/files/home/xray-16/src/xrUICore/Static/UIStatic.h:69:18: note: hidden overloaded virtual function 'CUIStatic::InitTexture' declared here: different number of parameters (2 vs 1)
   69 |     virtual bool InitTexture(pcstr texture, bool fatal = true);
      |                  ^
1 warning generated.
[456/1826] Building CXX object src/xrUICore/CMakeFiles/xrUICore.dir/Options/UIOptionsItem.cpp.o
[457/1826] Building CXX object src/xrUICore/CMakeFiles/xrUICore.dir/Lines/UILines.cpp.o
[458/1826] Building CXX object src/xrUICore/CMakeFiles/xrUICore.dir/ListWnd/UIListWnd.cpp.o
In file included from /data/data/com.termux/files/home/xray-16/src/xrUICore/ListWnd/UIListWnd.cpp:3:
In file included from /data/data/com.termux/files/home/xray-16/src/xrUICore/ListWnd/UIListWnd.h:5:
/data/data/com.termux/files/home/xray-16/src/xrUICore/ListWnd/UIListItem.h:15:18: warning: 'CUIListItem::InitTexture' hides overloaded virtual function [-Woverloaded-virtual]
   15 |     virtual void InitTexture(pcstr tex_name);
      |                  ^
/data/data/com.termux/files/home/xray-16/src/xrUICore/Static/UIStatic.h:69:18: note: hidden overloaded virtual function 'CUIStatic::InitTexture' declared here: different number of parameters (2 vs 1)
   69 |     virtual bool InitTexture(pcstr texture, bool fatal = true);
      |                  ^
1 warning generated.
[459/1826] Building CXX object src/xrUICore/CMakeFiles/xrUICore.dir/ProgressBar/UIDoubleProgressBar.cpp.o
In file included from /data/data/com.termux/files/home/xray-16/src/xrUICore/ProgressBar/UIDoubleProgressBar.cpp:2:
In file included from /data/data/com.termux/files/home/xray-16/src/xrUICore/ProgressBar/UIDoubleProgressBar.h:3:
/data/data/com.termux/files/home/xray-16/src/xrUICore/ProgressBar/UIProgressBar.h:24:35: warning: default member initializer for bit-field is a C++20 extension [-Wc++20-extensions]
   24 |     bool m_bUseColor          : 1 { false };
      |                                   ^
/data/data/com.termux/files/home/xray-16/src/xrUICore/ProgressBar/UIProgressBar.h:25:35: warning: default member initializer for bit-field is a C++20 extension [-Wc++20-extensions]
   25 |     bool m_bUseMiddleColor    : 1 { false }; // Hrust: optional middle color for CS/SoC compatibility, without middle color it doesn't looks correctly
      |                                   ^
/data/data/com.termux/files/home/xray-16/src/xrUICore/ProgressBar/UIProgressBar.h:26:35: warning: default member initializer for bit-field is a C++20 extension [-Wc++20-extensions]
   26 |     bool m_bUseGradient       : 1 { true }; //Alundaio: if false then use only solid color with m_maxColor
      |                                   ^
3 warnings generated.
[460/1826] Building CXX object src/xrUICore/CMakeFiles/xrUICore.dir/Options/UIOptionsManager.cpp.o
[461/1826] Building CXX object src/xrUICore/CMakeFiles/xrUICore.dir/MessageBox/UIMessageBox.cpp.o
In file included from /data/data/com.termux/files/home/xray-16/src/xrUICore/MessageBox/UIMessageBox.cpp:2:
/data/data/com.termux/files/home/xray-16/src/xrUICore/MessageBox/UIMessageBox.h:30:18: warning: virtual method 'InitMessageBox' is inside a 'final' class and can never be overridden [-Wunnecessary-virtual-specifier]
   30 |     virtual bool InitMessageBox(LPCSTR xml_template);
      |                  ^
In file included from /data/data/com.termux/files/home/xray-16/src/xrUICore/MessageBox/UIMessageBox.cpp:4:
In file included from /data/data/com.termux/files/home/xray-16/src/xrUICore/Buttons/UI3tButton.h:13:
/data/data/com.termux/files/home/xray-16/src/xrUICore/InteractiveBackground/UI_IB_Static.h:17:18: warning: virtual method 'SetTextureOffset' is inside a 'final' class and can never be overridden [-Wunnecessary-virtual-specifier]
   17 |     virtual void SetTextureOffset(float x, float y);
      |                  ^
2 warnings generated.
[462/1826] Building CXX object src/xrUICore/CMakeFiles/xrUICore.dir/ProgressBar/UIProgressBar.cpp.o
In file included from /data/data/com.termux/files/home/xray-16/src/xrUICore/ProgressBar/UIProgressBar.cpp:2:
/data/data/com.termux/files/home/xray-16/src/xrUICore/ProgressBar/UIProgressBar.h:24:35: warning: default member initializer for bit-field is a C++20 extension [-Wc++20-extensions]
   24 |     bool m_bUseColor          : 1 { false };
      |                                   ^
/data/data/com.termux/files/home/xray-16/src/xrUICore/ProgressBar/UIProgressBar.h:25:35: warning: default member initializer for bit-field is a C++20 extension [-Wc++20-extensions]
   25 |     bool m_bUseMiddleColor    : 1 { false }; // Hrust: optional middle color for CS/SoC compatibility, without middle color it doesn't looks correctly
      |                                   ^
/data/data/com.termux/files/home/xray-16/src/xrUICore/ProgressBar/UIProgressBar.h:26:35: warning: default member initializer for bit-field is a C++20 extension [-Wc++20-extensions]
   26 |     bool m_bUseGradient       : 1 { true }; //Alundaio: if false then use only solid color with m_maxColor
      |                                   ^
3 warnings generated.
[463/1826] Building CXX object src/xrUICore/CMakeFiles/xrUICore.dir/ProgressBar/UIProgressShape.cpp.o
[464/1826] Building CXX object src/xrUICore/CMakeFiles/xrUICore.dir/PropertiesBox/UIPropertiesBox.cpp.o
In file included from /data/data/com.termux/files/home/xray-16/src/xrUICore/PropertiesBox/UIPropertiesBox.cpp:2:
/data/data/com.termux/files/home/xray-16/src/xrUICore/PropertiesBox/UIPropertiesBox.h:27:18: warning: 'CUIPropertiesBox::Show' hides overloaded virtual function [-Woverloaded-virtual]
   27 |     virtual void Show(const Frect& parent_rect, const Fvector2& point);
      |                  ^
/data/data/com.termux/files/home/xray-16/src/xrUICore/Windows/UIWindow.h:264:18: note: hidden overloaded virtual function 'CUIWindow::Show' declared here: different number of parameters (1 vs 2)
  264 |     virtual void Show(bool status)
      |                  ^
In file included from /data/data/com.termux/files/home/xray-16/src/xrUICore/PropertiesBox/UIPropertiesBox.cpp:2:
/data/data/com.termux/files/home/xray-16/src/xrUICore/PropertiesBox/UIPropertiesBox.h:27:18: warning: virtual method 'Show' is inside a 'final' class and can never be overridden [-Wunnecessary-virtual-specifier]
   27 |     virtual void Show(const Frect& parent_rect, const Fvector2& point);
      |                  ^
/data/data/com.termux/files/home/xray-16/src/xrUICore/PropertiesBox/UIPropertiesBox.h:28:18: warning: virtual method 'Hide' is inside a 'final' class and can never be overridden [-Wunnecessary-virtual-specifier]
   28 |     virtual void Hide();
      |                  ^
3 warnings generated.
[465/1826] Building CXX object src/xrUICore/CMakeFiles/xrUICore.dir/ScrollBar/UIScrollBox.cpp.o
[466/1826] Building CXX object src/xrUICore/CMakeFiles/xrUICore.dir/ScrollBar/UIFixedScrollBar.cpp.o
In file included from /data/data/com.termux/files/home/xray-16/src/xrUICore/ScrollBar/UIFixedScrollBar.cpp:2:
/data/data/com.termux/files/home/xray-16/src/xrUICore/ScrollBar/UIFixedScrollBar.h:24:18: warning: 'CUIFixedScrollBar::InitScrollBar' hides overloaded virtual function [-Woverloaded-virtual]
   24 |     virtual bool InitScrollBar(Fvector2 pos, bool horizontal, cpcstr profile = "pda");
      |                  ^
/data/data/com.termux/files/home/xray-16/src/xrUICore/ScrollBar/UIScrollBar.h:59:18: note: hidden overloaded virtual function 'CUIScrollBar::InitScrollBar' declared here: different number of parameters (4 vs 3)
   59 |     virtual bool InitScrollBar(Fvector2 pos, float length, bool bIsHorizontal, cpcstr profile = "default");
      |                  ^
In file included from /data/data/com.termux/files/home/xray-16/src/xrUICore/ScrollBar/UIFixedScrollBar.cpp:2:
/data/data/com.termux/files/home/xray-16/src/xrUICore/ScrollBar/UIFixedScrollBar.h:24:18: warning: virtual method 'InitScrollBar' is inside a 'final' class and can never be overridden [-Wunnecessary-virtual-specifier]
   24 |     virtual bool InitScrollBar(Fvector2 pos, bool horizontal, cpcstr profile = "pda");
      |                  ^
In file included from /data/data/com.termux/files/home/xray-16/src/xrUICore/ScrollBar/UIFixedScrollBar.cpp:3:
In file included from /data/data/com.termux/files/home/xray-16/src/xrUICore/Buttons/UI3tButton.h:13:
/data/data/com.termux/files/home/xray-16/src/xrUICore/InteractiveBackground/UI_IB_Static.h:17:18: warning: virtual method 'SetTextureOffset' is inside a 'final' class and can never be overridden [-Wunnecessary-virtual-specifier]
   17 |     virtual void SetTextureOffset(float x, float y);
      |                  ^
3 warnings generated.
[467/1826] Building CXX object src/Layers/xrRenderPC_GL/CMakeFiles/xrRender_GL.dir/cmake_pch.hxx.pch
[468/1826] Building CXX object src/xrUICore/CMakeFiles/xrUICore.dir/ScrollBar/UIScrollBar.cpp.o
In file included from /data/data/com.termux/files/home/xray-16/src/xrUICore/ScrollBar/UIScrollBar.cpp:3:
In file included from /data/data/com.termux/files/home/xray-16/src/xrUICore/Buttons/UI3tButton.h:13:
/data/data/com.termux/files/home/xray-16/src/xrUICore/InteractiveBackground/UI_IB_Static.h:17:18: warning: virtual method 'SetTextureOffset' is inside a 'final' class and can never be overridden [-Wunnecessary-virtual-specifier]
   17 |     virtual void SetTextureOffset(float x, float y);
      |                  ^
/data/data/com.termux/files/home/xray-16/src/xrUICore/ScrollBar/UIScrollBar.cpp:138:45: warning: suggest braces around initialization of subobject [-Wmissing-braces]
  138 |         m_FrameBackground->SetTextureRect({ 0, 0, 0, 0 }, CUIFrameLineWnd::flFirst);
      |                                             ^~~~~~~~~~
      |                                             {         }
/data/data/com.termux/files/home/xray-16/src/xrUICore/ScrollBar/UIScrollBar.cpp:139:45: warning: suggest braces around initialization of subobject [-Wmissing-braces]
  139 |         m_FrameBackground->SetTextureRect({ 0, 0, 0, 0 }, CUIFrameLineWnd::flSecond);
      |                                             ^~~~~~~~~~
      |                                             {         }
/data/data/com.termux/files/home/xray-16/src/xrUICore/ScrollBar/UIScrollBar.cpp:147:39: warning: suggest braces around initialization of subobject [-Wmissing-braces]
  147 |         m_ScrollBox->SetTextureRect({ 0, 0, 0, 0 }, CUIFrameLineWnd::flFirst);
      |                                       ^~~~~~~~~~
      |                                       {         }
/data/data/com.termux/files/home/xray-16/src/xrUICore/ScrollBar/UIScrollBar.cpp:148:39: warning: suggest braces around initialization of subobject [-Wmissing-braces]
  148 |         m_ScrollBox->SetTextureRect({ 0, 0, 0, 0 }, CUIFrameLineWnd::flSecond);
      |                                       ^~~~~~~~~~
      |                                       {         }
5 warnings generated.
[469/1826] Building CXX object src/xrUICore/CMakeFiles/xrUICore.dir/SpinBox/UISpinNum.cpp.o
[470/1826] Building CXX object src/xrUICore/CMakeFiles/xrUICore.dir/ScrollView/UIScrollView.cpp.o
In file included from /data/data/com.termux/files/home/xray-16/src/xrUICore/ScrollView/UIScrollView.cpp:4:
/data/data/com.termux/files/home/xray-16/src/xrUICore/ScrollBar/UIFixedScrollBar.h:24:18: warning: 'CUIFixedScrollBar::InitScrollBar' hides overloaded virtual function [-Woverloaded-virtual]
   24 |     virtual bool InitScrollBar(Fvector2 pos, bool horizontal, cpcstr profile = "pda");
      |                  ^
/data/data/com.termux/files/home/xray-16/src/xrUICore/ScrollBar/UIScrollBar.h:59:18: note: hidden overloaded virtual function 'CUIScrollBar::InitScrollBar' declared here: different number of parameters (4 vs 3)
   59 |     virtual bool InitScrollBar(Fvector2 pos, float length, bool bIsHorizontal, cpcstr profile = "default");
      |                  ^
In file included from /data/data/com.termux/files/home/xray-16/src/xrUICore/ScrollView/UIScrollView.cpp:4:
/data/data/com.termux/files/home/xray-16/src/xrUICore/ScrollBar/UIFixedScrollBar.h:24:18: warning: virtual method 'InitScrollBar' is inside a 'final' class and can never be overridden [-Wunnecessary-virtual-specifier]
   24 |     virtual bool InitScrollBar(Fvector2 pos, bool horizontal, cpcstr profile = "pda");
      |                  ^
2 warnings generated.
[471/1826] Building CXX object src/xrUICore/CMakeFiles/xrUICore.dir/SpinBox/UICustomSpin.cpp.o
In file included from /data/data/com.termux/files/home/xray-16/src/xrUICore/SpinBox/UICustomSpin.cpp:10:
In file included from /data/data/com.termux/files/home/xray-16/src/xrUICore/Buttons/UI3tButton.h:13:
/data/data/com.termux/files/home/xray-16/src/xrUICore/InteractiveBackground/UI_IB_Static.h:17:18: warning: virtual method 'SetTextureOffset' is inside a 'final' class and can never be overridden [-Wunnecessary-virtual-specifier]
   17 |     virtual void SetTextureOffset(float x, float y);
      |                  ^
1 warning generated.
[472/1826] Building CXX object src/xrUICore/CMakeFiles/xrUICore.dir/Static/UILanimController.cpp.o
[473/1826] Building CXX object src/xrUICore/CMakeFiles/xrUICore.dir/SpinBox/UISpinText.cpp.o
[474/1826] Building CXX object src/xrUICore/CMakeFiles/xrUICore.dir/Static/UIAnimatedStatic.cpp.o
[475/1826] Building CXX object src/xrUICore/CMakeFiles/xrUICore.dir/Static/UIStaticItem.cpp.o
[476/1826] Building CXX object src/xrUICore/CMakeFiles/xrUICore.dir/TabControl/UITabButton.cpp.o
In file included from /data/data/com.termux/files/home/xray-16/src/xrUICore/TabControl/UITabButton.cpp:2:
In file included from /data/data/com.termux/files/home/xray-16/src/xrUICore/TabControl/UITabButton.h:2:
In file included from /data/data/com.termux/files/home/xray-16/src/xrUICore/Buttons/UI3tButton.h:13:
/data/data/com.termux/files/home/xray-16/src/xrUICore/InteractiveBackground/UI_IB_Static.h:17:18: warning: virtual method 'SetTextureOffset' is inside a 'final' class and can never be overridden [-Wunnecessary-virtual-specifier]
   17 |     virtual void SetTextureOffset(float x, float y);
      |                  ^
1 warning generated.
[477/1826] Building CXX object src/xrUICore/CMakeFiles/xrUICore.dir/TrackBar/UITrackBar.cpp.o
In file included from /data/data/com.termux/files/home/xray-16/src/xrUICore/TrackBar/UITrackBar.cpp:2:
In file included from /data/data/com.termux/files/home/xray-16/src/xrUICore/TrackBar/UITrackBar.h:3:
/data/data/com.termux/files/home/xray-16/src/xrUICore/InteractiveBackground/UI_IB_Static.h:17:18: warning: virtual method 'SetTextureOffset' is inside a 'final' class and can never be overridden [-Wunnecessary-virtual-specifier]
   17 |     virtual void SetTextureOffset(float x, float y);
      |                  ^
1 warning generated.
[478/1826] Building CXX object src/xrUICore/CMakeFiles/xrUICore.dir/Static/UIStatic.cpp.o
/data/data/com.termux/files/home/xray-16/src/xrUICore/Static/UIStatic.cpp:119:31: warning: suggest braces around initialization of subobject [-Wmissing-braces]
  119 |             const Frect r = { 0.0f, 0.0f, m_UIStaticItem.GetTextureRect().width(), m_UIStaticItem.GetTextureRect().height() };
      |                               ^~~~~~~~~~~~~~~~~~~~~~~~~~~~~~~~~~~~~~~~~~~~~~~~~~~~~~~~~~~~~~~~~~~~~~~~~~~~~~~~~~~~~~~~~~~~~
      |                               {                                                                                            }
1 warning generated.
[479/1826] Building CXX object src/xrUICore/CMakeFiles/xrUICore.dir/TabControl/UITabControl.cpp.o
In file included from /data/data/com.termux/files/home/xray-16/src/xrUICore/TabControl/UITabControl.cpp:3:
In file included from /data/data/com.termux/files/home/xray-16/src/xrUICore/TabControl/UITabButton.h:2:
In file included from /data/data/com.termux/files/home/xray-16/src/xrUICore/Buttons/UI3tButton.h:13:
/data/data/com.termux/files/home/xray-16/src/xrUICore/InteractiveBackground/UI_IB_Static.h:17:18: warning: virtual method 'SetTextureOffset' is inside a 'final' class and can never be overridden [-Wunnecessary-virtual-specifier]
   17 |     virtual void SetTextureOffset(float x, float y);
      |                  ^
1 warning generated.
[480/1826] Building CXX object src/xrUICore/CMakeFiles/xrUICore.dir/Windows/UIFrameLineWnd.cpp.o
[481/1826] Building CXX object src/xrGameSpy/CMakeFiles/xrGameSpy.dir/stdafx.cpp.o
[482/1826] Building CXX object src/xrUICore/CMakeFiles/xrUICore.dir/Windows/UIFrameWindow.cpp.o
/data/data/com.termux/files/home/xray-16/src/xrUICore/Windows/UIFrameWindow.cpp:12:7: warning: field 'm_bTextureVisible' will be initialized after field 'm_texture_color' [-Wreorder-ctor]
   12 |       m_bTextureVisible(false),
      |       ^~~~~~~~~~~~~~~~~~~~~~~~
      |       m_texture_color(color_argb(255, 255, 255, 255))
   13 |       m_texture_color(color_argb(255, 255, 255, 255)) {}
      |       ~~~~~~~~~~~~~~~~~~~~~~~~~~~~~~~~~~~~~~~~~~~~~~~
      |       m_bTextureVisible(false)
1 warning generated.
[483/1826] Building CXX object src/xrUICore/CMakeFiles/xrUICore.dir/Windows/UIWindow.cpp.o
[484/1826] Building CXX object src/xrUICore/CMakeFiles/xrUICore.dir/XML/xrUIXmlParser.cpp.o
In file included from /data/data/com.termux/files/home/xray-16/src/xrUICore/XML/xrUIXmlParser.cpp:2:
/data/data/com.termux/files/home/xray-16/src/xrUICore/XML/xrUIXmlParser.h:6:9: warning: private field 'm_dbg_id' is not used [-Wunused-private-field]
    6 |     int m_dbg_id;
      |         ^
1 warning generated.
[485/1826] Building CXX object src/xrUICore/CMakeFiles/xrUICore.dir/XML/UITextureMaster.cpp.o
[486/1826] Building CXX object src/xrGameSpy/CMakeFiles/xrGameSpy.dir/xrGameSpy.cpp.o
[487/1826] Building CXX object src/xrGameSpy/CMakeFiles/xrGameSpy.dir/GameSpy_ATLAS.cpp.o
[488/1826] Building CXX object src/xrGameSpy/CMakeFiles/xrGameSpy.dir/GameSpy_Available.cpp.o
[489/1826] Building CXX object src/xrGameSpy/CMakeFiles/xrGameSpy.dir/GameSpy_Full.cpp.o
[490/1826] Building CXX object src/xrUICore/CMakeFiles/xrUICore.dir/XML/UIXmlInitBase.cpp.o
In file included from /data/data/com.termux/files/home/xray-16/src/xrUICore/XML/UIXmlInitBase.cpp:4:
In file included from /data/data/com.termux/files/home/xray-16/src/xrUICore/Buttons/UICheckButton.h:3:
In file included from /data/data/com.termux/files/home/xray-16/src/xrUICore/Buttons/UI3tButton.h:13:
/data/data/com.termux/files/home/xray-16/src/xrUICore/InteractiveBackground/UI_IB_Static.h:17:18: warning: virtual method 'SetTextureOffset' is inside a 'final' class and can never be overridden [-Wunnecessary-virtual-specifier]
   17 |     virtual void SetTextureOffset(float x, float y);
      |                  ^
In file included from /data/data/com.termux/files/home/xray-16/src/xrUICore/XML/UIXmlInitBase.cpp:7:
/data/data/com.termux/files/home/xray-16/src/xrUICore/ProgressBar/UIProgressBar.h:24:35: warning: default member initializer for bit-field is a C++20 extension [-Wc++20-extensions]
   24 |     bool m_bUseColor          : 1 { false };
      |                                   ^
/data/data/com.termux/files/home/xray-16/src/xrUICore/ProgressBar/UIProgressBar.h:25:35: warning: default member initializer for bit-field is a C++20 extension [-Wc++20-extensions]
   25 |     bool m_bUseMiddleColor    : 1 { false }; // Hrust: optional middle color for CS/SoC compatibility, without middle color it doesn't looks correctly
      |                                   ^
/data/data/com.termux/files/home/xray-16/src/xrUICore/ProgressBar/UIProgressBar.h:26:35: warning: default member initializer for bit-field is a C++20 extension [-Wc++20-extensions]
   26 |     bool m_bUseGradient       : 1 { true }; //Alundaio: if false then use only solid color with m_maxColor
      |                                   ^
In file included from /data/data/com.termux/files/home/xray-16/src/xrUICore/XML/UIXmlInitBase.cpp:11:
In file included from /data/data/com.termux/files/home/xray-16/src/xrUICore/ListWnd/UIListWnd.h:5:
/data/data/com.termux/files/home/xray-16/src/xrUICore/ListWnd/UIListItem.h:15:18: warning: 'CUIListItem::InitTexture' hides overloaded virtual function [-Woverloaded-virtual]
   15 |     virtual void InitTexture(pcstr tex_name);
      |                  ^
/data/data/com.termux/files/home/xray-16/src/xrUICore/Static/UIStatic.h:69:18: note: hidden overloaded virtual function 'CUIStatic::InitTexture' declared here: different number of parameters (2 vs 1)
   69 |     virtual bool InitTexture(pcstr texture, bool fatal = true);
      |                  ^
In file included from /data/data/com.termux/files/home/xray-16/src/xrUICore/XML/UIXmlInitBase.cpp:13:
/data/data/com.termux/files/home/xray-16/src/xrUICore/ComboBox/UIComboBox.h:63:18: warning: virtual method 'OnBtnClicked' is inside a 'final' class and can never be overridden [-Wunnecessary-virtual-specifier]
   63 |     virtual void OnBtnClicked();
      |                  ^
/data/data/com.termux/files/home/xray-16/src/xrUICore/XML/UIXmlInitBase.cpp:637:9: warning: variable 'cnt_text' set but not used [-Wunused-but-set-variable]
  637 |     int cnt_text = 0;
      |         ^
/data/data/com.termux/files/home/xray-16/src/xrUICore/XML/UIXmlInitBase.cpp:19:17: warning: unused variable 'ARIAL_FONT_NAME' [-Wunused-const-variable]
   19 | constexpr pcstr ARIAL_FONT_NAME       = "arial";
      |                 ^~~~~~~~~~~~~~~
8 warnings generated.
[491/1826] Building CXX object src/xrGameSpy/CMakeFiles/xrGameSpy.dir/GameSpy_Browser.cpp.o
[492/1826] Building CXX object src/xrGameSpy/CMakeFiles/xrGameSpy.dir/GameSpy_GCD_Client.cpp.o
[493/1826] Building CXX object src/xrGameSpy/CMakeFiles/xrGameSpy.dir/GameSpy_BrowsersWrapper.cpp.o
[494/1826] Building CXX object src/xrParticles/CMakeFiles/xrParticles.dir/stdafx.cpp.o
[495/1826] Building CXX object src/xrGameSpy/CMakeFiles/xrGameSpy.dir/GameSpy_GCD_Server.cpp.o
[496/1826] Building CXX object src/xrGameSpy/CMakeFiles/xrGameSpy.dir/GameSpy_QR2.cpp.o
[497/1826] Building CXX object src/xrGameSpy/CMakeFiles/xrGameSpy.dir/GameSpy_GP.cpp.o
[498/1826] Building CXX object src/xrGameSpy/CMakeFiles/xrGameSpy.dir/GameSpy_HTTP.cpp.o
[499/1826] Building CXX object src/xrParticles/CMakeFiles/xrParticles.dir/particle_effect.cpp.o
/data/data/com.termux/files/home/xray-16/src/xrParticles/particle_effect.cpp:48:16: warning: first argument in call to 'memcpy' is a pointer to non-trivially copyable type 'Particle' [-Wnontrivial-memcall]
   48 |     CopyMemory(new_particles, particles, p_count*sizeof(Particle));
      |                ^
/data/data/com.termux/files/home/xray-16/src/xrParticles/particle_effect.cpp:48:16: note: explicitly cast the pointer to silence this warning
   48 |     CopyMemory(new_particles, particles, p_count*sizeof(Particle));
      |                ^
      |                (void*)
/data/data/com.termux/files/home/xray-16/src/xrCore/xrMemory.h:70:43: note: expanded from macro 'CopyMemory'
   70 | #define CopyMemory(dst, src, size) memcpy(dst, src, size)
      |                                           ^
1 warning generated.
[500/1826] Building CXX object src/xrParticles/CMakeFiles/xrParticles.dir/particle_actions_collection_io.cpp.o
[501/1826] Building CXX object src/xrPhysics/CMakeFiles/xrPhysics.dir/stdafx.cpp.o
[502/1826] Building CXX object src/xrParticles/CMakeFiles/xrParticles.dir/particle_actions.cpp.o
[503/1826] Building CXX object src/xrParticles/CMakeFiles/xrParticles.dir/particle_core.cpp.o
[504/1826] Building CXX object src/xrPhysics/CMakeFiles/xrPhysics.dir/xrPhysics.cpp.o
[505/1826] Building CXX object src/xrParticles/CMakeFiles/xrParticles.dir/particle_manager.cpp.o
[506/1826] Building CXX object src/xrPhysics/CMakeFiles/xrPhysics.dir/console_vars.cpp.o
In file included from /data/data/com.termux/files/home/xray-16/src/xrPhysics/console_vars.cpp:4:
In file included from /data/data/com.termux/files/home/xray-16/src/xrPhysics/PhysicsCommon.h:4:
In file included from /data/data/com.termux/files/home/xray-16/src/xrPhysics/PhysicsExternalCommon.h:6:
In file included from /data/data/com.termux/files/home/xray-16/src/xrPhysics/MathUtils.h:5:
In file included from /data/data/com.termux/files/home/xray-16/src/xrCore/_obb.h:3:
/data/data/com.termux/files/home/xray-16/src/xrCore/_matrix33.h:148:13: warning: variable 'nrot' set but not used [-Wunused-but-set-variable]
  148 |         int nrot;
      |             ^
1 warning generated.
[507/1826] Building CXX object src/xrParticles/CMakeFiles/xrParticles.dir/noise.cpp.o
[508/1826] Building CXX object src/xrPhysics/CMakeFiles/xrPhysics.dir/debug_output.cpp.o
[509/1826] Building CXX object src/xrParticles/CMakeFiles/xrParticles.dir/particle_actions_collection.cpp.o
[510/1826] Building CXX object src/xrPhysics/CMakeFiles/xrPhysics.dir/ShellHit.cpp.o
In file included from /data/data/com.termux/files/home/xray-16/src/xrPhysics/ShellHit.cpp:2:
In file included from /data/data/com.termux/files/home/xray-16/src/xrPhysics/PHDynamicData.h:8:
In file included from /data/data/com.termux/files/home/xray-16/src/xrPhysics/MathUtilsOde.h:14:
In file included from /data/data/com.termux/files/home/xray-16/src/xrPhysics/MathUtils.h:5:
In file included from /data/data/com.termux/files/home/xray-16/src/xrCore/_obb.h:3:
/data/data/com.termux/files/home/xray-16/src/xrCore/_matrix33.h:148:13: warning: variable 'nrot' set but not used [-Wunused-but-set-variable]
  148 |         int nrot;
      |             ^
In file included from /data/data/com.termux/files/home/xray-16/src/xrPhysics/ShellHit.cpp:10:
In file included from /data/data/com.termux/files/home/xray-16/src/xrPhysics/PHElement.h:7:
/data/data/com.termux/files/home/xray-16/src/xrPhysics/Geometry.h:67:8: warning: 'const' type qualifier on return type has no effect [-Wignored-qualifiers]
   67 |     IC const dGeomID geom() const { return dGeomTransformGetGeom(m_geom_transform); }
      |        ^~~~~
/data/data/com.termux/files/home/xray-16/src/xrPhysics/Geometry.h:68:8: warning: 'const' type qualifier on return type has no effect [-Wignored-qualifiers]
   68 |     IC const dGeomID geometry_transform() const { return m_geom_transform; }
      |        ^~~~~
/data/data/com.termux/files/home/xray-16/src/xrPhysics/Geometry.h:69:8: warning: 'const' type qualifier on return type has no effect [-Wignored-qualifiers]
   69 |     IC const dGeomID geometry() const { return m_geom_transform ? (geom() ? geom() : m_geom_transform) : NULL; }
      |        ^~~~~
/data/data/com.termux/files/home/xray-16/src/xrPhysics/Geometry.h:70:8: warning: 'const' type qualifier on return type has no effect [-Wignored-qualifiers]
   70 |     IC const dGeomID geometry_bt() const
      |        ^~~~~
In file included from /data/data/com.termux/files/home/xray-16/src/xrPhysics/ShellHit.cpp:10:
In file included from /data/data/com.termux/files/home/xray-16/src/xrPhysics/PHElement.h:10:
/data/data/com.termux/files/home/xray-16/src/xrPhysics/PHDisabling.h:87:18: warning: 'CPHDisablingRotational::set_DisableParams' hides overloaded virtual function [-Woverloaded-virtual]
   87 |     virtual void set_DisableParams(const SAllDDOParams& params);
      |                  ^
/data/data/com.termux/files/home/xray-16/src/xrPhysics/PHDisabling.h:62:18: note: hidden overloaded virtual function 'CPHDisablingBase::set_DisableParams' declared here: type mismatch at 1st parameter ('const SOneDDOParams &' vs 'const SAllDDOParams &')
   62 |     virtual void set_DisableParams(const SOneDDOParams& params);
      |                  ^
/data/data/com.termux/files/home/xray-16/src/xrPhysics/PHDisabling.h:96:18: warning: 'CPHDisablingTranslational::set_DisableParams' hides overloaded virtual function [-Woverloaded-virtual]
   96 |     virtual void set_DisableParams(const SAllDDOParams& params);
      |                  ^
/data/data/com.termux/files/home/xray-16/src/xrPhysics/PHDisabling.h:62:18: note: hidden overloaded virtual function 'CPHDisablingBase::set_DisableParams' declared here: type mismatch at 1st parameter ('const SOneDDOParams &' vs 'const SAllDDOParams &')
   62 |     virtual void set_DisableParams(const SOneDDOParams& params);
      |                  ^
In file included from /data/data/com.termux/files/home/xray-16/src/xrPhysics/ShellHit.cpp:10:
/data/data/com.termux/files/home/xray-16/src/xrPhysics/PHElement.h:248:13: warning: 'const' type qualifier on return type has no effect [-Wignored-qualifiers]
  248 |     virtual const dBodyID get_bodyConst() const { return m_body; } // aux
      |             ^~~~~
8 warnings generated.
[511/1826] Building CXX object src/xrPhysics/CMakeFiles/xrPhysics.dir/IActivationShape.cpp.o
In file included from /data/data/com.termux/files/home/xray-16/src/xrPhysics/IActivationShape.cpp:3:
In file included from /data/data/com.termux/files/home/xray-16/src/xrPhysics/PHActivationShape.h:3:
In file included from /data/data/com.termux/files/home/xray-16/src/xrPhysics/PHValideValues.h:3:
In file included from /data/data/com.termux/files/home/xray-16/src/xrPhysics/MathUtilsOde.h:14:
In file included from /data/data/com.termux/files/home/xray-16/src/xrPhysics/MathUtils.h:5:
In file included from /data/data/com.termux/files/home/xray-16/src/xrCore/_obb.h:3:
/data/data/com.termux/files/home/xray-16/src/xrCore/_matrix33.h:148:13: warning: variable 'nrot' set but not used [-Wunused-but-set-variable]
  148 |         int nrot;
      |             ^
1 warning generated.
[512/1826] Building CXX object src/xrPhysics/CMakeFiles/xrPhysics.dir/PHActivationShape.cpp.o
In file included from /data/data/com.termux/files/home/xray-16/src/xrPhysics/PHActivationShape.cpp:2:
In file included from /data/data/com.termux/files/home/xray-16/src/xrPhysics/PHActivationShape.h:3:
In file included from /data/data/com.termux/files/home/xray-16/src/xrPhysics/PHValideValues.h:3:
In file included from /data/data/com.termux/files/home/xray-16/src/xrPhysics/MathUtilsOde.h:14:
In file included from /data/data/com.termux/files/home/xray-16/src/xrPhysics/MathUtils.h:5:
In file included from /data/data/com.termux/files/home/xray-16/src/xrCore/_obb.h:3:
/data/data/com.termux/files/home/xray-16/src/xrCore/_matrix33.h:148:13: warning: variable 'nrot' set but not used [-Wunused-but-set-variable]
  148 |         int nrot;
      |             ^
1 warning generated.
[513/1826] Building CXX object src/xrPhysics/CMakeFiles/xrPhysics.dir/PhysicsExternalCommon.cpp.o
In file included from /data/data/com.termux/files/home/xray-16/src/xrPhysics/PhysicsExternalCommon.cpp:2:
In file included from /data/data/com.termux/files/home/xray-16/src/xrPhysics/PhysicsExternalCommon.h:6:
In file included from /data/data/com.termux/files/home/xray-16/src/xrPhysics/MathUtils.h:5:
In file included from /data/data/com.termux/files/home/xray-16/src/xrCore/_obb.h:3:
/data/data/com.termux/files/home/xray-16/src/xrCore/_matrix33.h:148:13: warning: variable 'nrot' set but not used [-Wunused-but-set-variable]
  148 |         int nrot;
      |             ^
1 warning generated.
[514/1826] Building CXX object src/xrPhysics/CMakeFiles/xrPhysics.dir/PHContactBodyEffector.cpp.o
In file included from /data/data/com.termux/files/home/xray-16/src/xrPhysics/PHContactBodyEffector.cpp:3:
In file included from /data/data/com.termux/files/home/xray-16/src/xrPhysics/ExtendedGeom.h:3:
In file included from /data/data/com.termux/files/home/xray-16/src/xrPhysics/PHObject.h:5:
In file included from /data/data/com.termux/files/home/xray-16/src/xrPhysics/PHIsland.h:12:
In file included from /data/data/com.termux/files/home/xray-16/src/xrPhysics/PhysicsCommon.h:4:
In file included from /data/data/com.termux/files/home/xray-16/src/xrPhysics/PhysicsExternalCommon.h:6:
In file included from /data/data/com.termux/files/home/xray-16/src/xrPhysics/MathUtils.h:5:
In file included from /data/data/com.termux/files/home/xray-16/src/xrCore/_obb.h:3:
/data/data/com.termux/files/home/xray-16/src/xrCore/_matrix33.h:148:13: warning: variable 'nrot' set but not used [-Wunused-but-set-variable]
  148 |         int nrot;
      |             ^
1 warning generated.
[515/1826] Building CXX object src/xrPhysics/CMakeFiles/xrPhysics.dir/PhysicsShell.cpp.o
In file included from /data/data/com.termux/files/home/xray-16/src/xrPhysics/PhysicsShell.cpp:3:
In file included from /data/data/com.termux/files/home/xray-16/src/xrPhysics/PhysicsShell.h:4:
In file included from /data/data/com.termux/files/home/xray-16/src/xrEngine/IPhysicsShell.h:3:
In file included from /data/data/com.termux/files/home/xray-16/src/xrCore/vector.h:27:
/data/data/com.termux/files/home/xray-16/src/xrCore/_matrix33.h:148:13: warning: variable 'nrot' set but not used [-Wunused-but-set-variable]
  148 |         int nrot;
      |             ^
In file included from /data/data/com.termux/files/home/xray-16/src/xrPhysics/PhysicsShell.cpp:7:
In file included from /data/data/com.termux/files/home/xray-16/src/xrPhysics/PHShell.h:4:
In file included from /data/data/com.termux/files/home/xray-16/src/xrPhysics/PHElement.h:7:
/data/data/com.termux/files/home/xray-16/src/xrPhysics/Geometry.h:67:8: warning: 'const' type qualifier on return type has no effect [-Wignored-qualifiers]
   67 |     IC const dGeomID geom() const { return dGeomTransformGetGeom(m_geom_transform); }
      |        ^~~~~
/data/data/com.termux/files/home/xray-16/src/xrPhysics/Geometry.h:68:8: warning: 'const' type qualifier on return type has no effect [-Wignored-qualifiers]
   68 |     IC const dGeomID geometry_transform() const { return m_geom_transform; }
      |        ^~~~~
/data/data/com.termux/files/home/xray-16/src/xrPhysics/Geometry.h:69:8: warning: 'const' type qualifier on return type has no effect [-Wignored-qualifiers]
   69 |     IC const dGeomID geometry() const { return m_geom_transform ? (geom() ? geom() : m_geom_transform) : NULL; }
      |        ^~~~~
/data/data/com.termux/files/home/xray-16/src/xrPhysics/Geometry.h:70:8: warning: 'const' type qualifier on return type has no effect [-Wignored-qualifiers]
   70 |     IC const dGeomID geometry_bt() const
      |        ^~~~~
In file included from /data/data/com.termux/files/home/xray-16/src/xrPhysics/PhysicsShell.cpp:7:
In file included from /data/data/com.termux/files/home/xray-16/src/xrPhysics/PHShell.h:4:
In file included from /data/data/com.termux/files/home/xray-16/src/xrPhysics/PHElement.h:10:
/data/data/com.termux/files/home/xray-16/src/xrPhysics/PHDisabling.h:87:18: warning: 'CPHDisablingRotational::set_DisableParams' hides overloaded virtual function [-Woverloaded-virtual]
   87 |     virtual void set_DisableParams(const SAllDDOParams& params);
      |                  ^
/data/data/com.termux/files/home/xray-16/src/xrPhysics/PHDisabling.h:62:18: note: hidden overloaded virtual function 'CPHDisablingBase::set_DisableParams' declared here: type mismatch at 1st parameter ('const SOneDDOParams &' vs 'const SAllDDOParams &')
   62 |     virtual void set_DisableParams(const SOneDDOParams& params);
      |                  ^
/data/data/com.termux/files/home/xray-16/src/xrPhysics/PHDisabling.h:96:18: warning: 'CPHDisablingTranslational::set_DisableParams' hides overloaded virtual function [-Woverloaded-virtual]
   96 |     virtual void set_DisableParams(const SAllDDOParams& params);
      |                  ^
/data/data/com.termux/files/home/xray-16/src/xrPhysics/PHDisabling.h:62:18: note: hidden overloaded virtual function 'CPHDisablingBase::set_DisableParams' declared here: type mismatch at 1st parameter ('const SOneDDOParams &' vs 'const SAllDDOParams &')
   62 |     virtual void set_DisableParams(const SOneDDOParams& params);
      |                  ^
In file included from /data/data/com.termux/files/home/xray-16/src/xrPhysics/PhysicsShell.cpp:7:
In file included from /data/data/com.termux/files/home/xray-16/src/xrPhysics/PHShell.h:4:
/data/data/com.termux/files/home/xray-16/src/xrPhysics/PHElement.h:248:13: warning: 'const' type qualifier on return type has no effect [-Wignored-qualifiers]
  248 |     virtual const dBodyID get_bodyConst() const { return m_body; } // aux
      |             ^~~~~
In file included from /data/data/com.termux/files/home/xray-16/src/xrPhysics/PhysicsShell.cpp:18:
/data/data/com.termux/files/home/xray-16/src/xrCore/Animation/Bone.hpp:329:13: warning: virtual method '~CBone' is inside a 'final' class and can never be overridden [-Wunnecessary-virtual-specifier]
  329 |     virtual ~CBone() = default;
      |             ^
/data/data/com.termux/files/home/xray-16/src/xrCore/Animation/Bone.hpp:462:13: warning: virtual method '~CBoneData' is inside a 'final' class and can never be overridden [-Wunnecessary-virtual-specifier]
  462 |     virtual ~CBoneData() = default;
      |             ^
/data/data/com.termux/files/home/xray-16/src/xrCore/Animation/Bone.hpp:491:20: warning: virtual method 'mem_usage' is inside a 'final' class and can never be overridden [-Wunnecessary-virtual-specifier]
  491 |     virtual size_t mem_usage()
      |                    ^
11 warnings generated.
[516/1826] Building CXX object src/xrPhysics/CMakeFiles/xrPhysics.dir/PHJointDestroyInfo.cpp.o
In file included from /data/data/com.termux/files/home/xray-16/src/xrPhysics/PHJointDestroyInfo.cpp:3:
In file included from /data/data/com.termux/files/home/xray-16/src/xrPhysics/PhysicsCommon.h:4:
In file included from /data/data/com.termux/files/home/xray-16/src/xrPhysics/PhysicsExternalCommon.h:6:
In file included from /data/data/com.termux/files/home/xray-16/src/xrPhysics/MathUtils.h:5:
In file included from /data/data/com.termux/files/home/xray-16/src/xrCore/_obb.h:3:
/data/data/com.termux/files/home/xray-16/src/xrCore/_matrix33.h:148:13: warning: variable 'nrot' set but not used [-Wunused-but-set-variable]
  148 |         int nrot;
      |             ^
1 warning generated.
[517/1826] Building CXX object src/xrPhysics/CMakeFiles/xrPhysics.dir/DisablingParams.cpp.o
[518/1826] Building CXX object src/xrPhysics/CMakeFiles/xrPhysics.dir/PHCollideValidator.cpp.o
In file included from /data/data/com.termux/files/home/xray-16/src/xrPhysics/PHCollideValidator.cpp:2:
In file included from /data/data/com.termux/files/home/xray-16/src/xrPhysics/PHObject.h:5:
In file included from /data/data/com.termux/files/home/xray-16/src/xrPhysics/PHIsland.h:12:
In file included from /data/data/com.termux/files/home/xray-16/src/xrPhysics/PhysicsCommon.h:4:
In file included from /data/data/com.termux/files/home/xray-16/src/xrPhysics/PhysicsExternalCommon.h:6:
In file included from /data/data/com.termux/files/home/xray-16/src/xrPhysics/MathUtils.h:5:
In file included from /data/data/com.termux/files/home/xray-16/src/xrCore/_obb.h:3:
/data/data/com.termux/files/home/xray-16/src/xrCore/_matrix33.h:148:13: warning: variable 'nrot' set but not used [-Wunused-but-set-variable]
  148 |         int nrot;
      |             ^
1 warning generated.
[519/1826] Building CXX object src/xrPhysics/CMakeFiles/xrPhysics.dir/PhysicsShellAnimator.cpp.o
In file included from /data/data/com.termux/files/home/xray-16/src/xrPhysics/PhysicsShellAnimator.cpp:2:
In file included from /data/data/com.termux/files/home/xray-16/src/xrPhysics/PhysicsShellAnimator.h:3:
In file included from /data/data/com.termux/files/home/xray-16/src/xrPhysics/PhysicsShell.h:4:
In file included from /data/data/com.termux/files/home/xray-16/src/xrEngine/IPhysicsShell.h:3:
In file included from /data/data/com.termux/files/home/xray-16/src/xrCore/vector.h:27:
/data/data/com.termux/files/home/xray-16/src/xrCore/_matrix33.h:148:13: warning: variable 'nrot' set but not used [-Wunused-but-set-variable]
  148 |         int nrot;
      |             ^
In file included from /data/data/com.termux/files/home/xray-16/src/xrPhysics/PhysicsShellAnimator.cpp:2:
In file included from /data/data/com.termux/files/home/xray-16/src/xrPhysics/PhysicsShellAnimator.h:4:
In file included from /data/data/com.termux/files/home/xray-16/src/xrPhysics/PhysicsShellAnimatorBoneData.h:3:
In file included from /data/data/com.termux/files/home/xray-16/src/xrPhysics/PHShell.h:4:
In file included from /data/data/com.termux/files/home/xray-16/src/xrPhysics/PHElement.h:7:
/data/data/com.termux/files/home/xray-16/src/xrPhysics/Geometry.h:67:8: warning: 'const' type qualifier on return type has no effect [-Wignored-qualifiers]
   67 |     IC const dGeomID geom() const { return dGeomTransformGetGeom(m_geom_transform); }
      |        ^~~~~
/data/data/com.termux/files/home/xray-16/src/xrPhysics/Geometry.h:68:8: warning: 'const' type qualifier on return type has no effect [-Wignored-qualifiers]
   68 |     IC const dGeomID geometry_transform() const { return m_geom_transform; }
      |        ^~~~~
/data/data/com.termux/files/home/xray-16/src/xrPhysics/Geometry.h:69:8: warning: 'const' type qualifier on return type has no effect [-Wignored-qualifiers]
   69 |     IC const dGeomID geometry() const { return m_geom_transform ? (geom() ? geom() : m_geom_transform) : NULL; }
      |        ^~~~~
/data/data/com.termux/files/home/xray-16/src/xrPhysics/Geometry.h:70:8: warning: 'const' type qualifier on return type has no effect [-Wignored-qualifiers]
   70 |     IC const dGeomID geometry_bt() const
      |        ^~~~~
In file included from /data/data/com.termux/files/home/xray-16/src/xrPhysics/PhysicsShellAnimator.cpp:2:
In file included from /data/data/com.termux/files/home/xray-16/src/xrPhysics/PhysicsShellAnimator.h:4:
In file included from /data/data/com.termux/files/home/xray-16/src/xrPhysics/PhysicsShellAnimatorBoneData.h:3:
In file included from /data/data/com.termux/files/home/xray-16/src/xrPhysics/PHShell.h:4:
In file included from /data/data/com.termux/files/home/xray-16/src/xrPhysics/PHElement.h:10:
/data/data/com.termux/files/home/xray-16/src/xrPhysics/PHDisabling.h:87:18: warning: 'CPHDisablingRotational::set_DisableParams' hides overloaded virtual function [-Woverloaded-virtual]
   87 |     virtual void set_DisableParams(const SAllDDOParams& params);
      |                  ^
/data/data/com.termux/files/home/xray-16/src/xrPhysics/PHDisabling.h:62:18: note: hidden overloaded virtual function 'CPHDisablingBase::set_DisableParams' declared here: type mismatch at 1st parameter ('const SOneDDOParams &' vs 'const SAllDDOParams &')
   62 |     virtual void set_DisableParams(const SOneDDOParams& params);
      |                  ^
/data/data/com.termux/files/home/xray-16/src/xrPhysics/PHDisabling.h:96:18: warning: 'CPHDisablingTranslational::set_DisableParams' hides overloaded virtual function [-Woverloaded-virtual]
   96 |     virtual void set_DisableParams(const SAllDDOParams& params);
      |                  ^
/data/data/com.termux/files/home/xray-16/src/xrPhysics/PHDisabling.h:62:18: note: hidden overloaded virtual function 'CPHDisablingBase::set_DisableParams' declared here: type mismatch at 1st parameter ('const SOneDDOParams &' vs 'const SAllDDOParams &')
   62 |     virtual void set_DisableParams(const SOneDDOParams& params);
      |                  ^
In file included from /data/data/com.termux/files/home/xray-16/src/xrPhysics/PhysicsShellAnimator.cpp:2:
In file included from /data/data/com.termux/files/home/xray-16/src/xrPhysics/PhysicsShellAnimator.h:4:
In file included from /data/data/com.termux/files/home/xray-16/src/xrPhysics/PhysicsShellAnimatorBoneData.h:3:
In file included from /data/data/com.termux/files/home/xray-16/src/xrPhysics/PHShell.h:4:
/data/data/com.termux/files/home/xray-16/src/xrPhysics/PHElement.h:248:13: warning: 'const' type qualifier on return type has no effect [-Wignored-qualifiers]
  248 |     virtual const dBodyID get_bodyConst() const { return m_body; } // aux
      |             ^~~~~
In file included from /data/data/com.termux/files/home/xray-16/src/xrPhysics/PhysicsShellAnimator.cpp:4:
In file included from /data/data/com.termux/files/home/xray-16/src/Include/xrRender/KinematicsAnimated.h:5:
In file included from /data/data/com.termux/files/home/xray-16/src/xrCore/Animation/SkeletonMotions.hpp:5:
/data/data/com.termux/files/home/xray-16/src/xrCore/Animation/Bone.hpp:329:13: warning: virtual method '~CBone' is inside a 'final' class and can never be overridden [-Wunnecessary-virtual-specifier]
  329 |     virtual ~CBone() = default;
      |             ^
/data/data/com.termux/files/home/xray-16/src/xrCore/Animation/Bone.hpp:462:13: warning: virtual method '~CBoneData' is inside a 'final' class and can never be overridden [-Wunnecessary-virtual-specifier]
  462 |     virtual ~CBoneData() = default;
      |             ^
/data/data/com.termux/files/home/xray-16/src/xrCore/Animation/Bone.hpp:491:20: warning: virtual method 'mem_usage' is inside a 'final' class and can never be overridden [-Wunnecessary-virtual-specifier]
  491 |     virtual size_t mem_usage()
      |                    ^
11 warnings generated.
[520/1826] Building CXX object src/xrPhysics/CMakeFiles/xrPhysics.dir/PHFracture.cpp.o
In file included from /data/data/com.termux/files/home/xray-16/src/xrPhysics/PHFracture.cpp:3:
In file included from /data/data/com.termux/files/home/xray-16/src/xrPhysics/Physics.h:4:
In file included from /data/data/com.termux/files/home/xray-16/src/xrPhysics/PhysicsShell.h:4:
In file included from /data/data/com.termux/files/home/xray-16/src/xrEngine/IPhysicsShell.h:3:
In file included from /data/data/com.termux/files/home/xray-16/src/xrCore/vector.h:27:
/data/data/com.termux/files/home/xray-16/src/xrCore/_matrix33.h:148:13: warning: variable 'nrot' set but not used [-Wunused-but-set-variable]
  148 |         int nrot;
      |             ^
In file included from /data/data/com.termux/files/home/xray-16/src/xrPhysics/PHFracture.cpp:4:
In file included from /data/data/com.termux/files/home/xray-16/src/xrPhysics/PHElement.h:7:
/data/data/com.termux/files/home/xray-16/src/xrPhysics/Geometry.h:67:8: warning: 'const' type qualifier on return type has no effect [-Wignored-qualifiers]
   67 |     IC const dGeomID geom() const { return dGeomTransformGetGeom(m_geom_transform); }
      |        ^~~~~
/data/data/com.termux/files/home/xray-16/src/xrPhysics/Geometry.h:68:8: warning: 'const' type qualifier on return type has no effect [-Wignored-qualifiers]
   68 |     IC const dGeomID geometry_transform() const { return m_geom_transform; }
      |        ^~~~~
/data/data/com.termux/files/home/xray-16/src/xrPhysics/Geometry.h:69:8: warning: 'const' type qualifier on return type has no effect [-Wignored-qualifiers]
   69 |     IC const dGeomID geometry() const { return m_geom_transform ? (geom() ? geom() : m_geom_transform) : NULL; }
      |        ^~~~~
/data/data/com.termux/files/home/xray-16/src/xrPhysics/Geometry.h:70:8: warning: 'const' type qualifier on return type has no effect [-Wignored-qualifiers]
   70 |     IC const dGeomID geometry_bt() const
      |        ^~~~~
In file included from /data/data/com.termux/files/home/xray-16/src/xrPhysics/PHFracture.cpp:4:
In file included from /data/data/com.termux/files/home/xray-16/src/xrPhysics/PHElement.h:10:
/data/data/com.termux/files/home/xray-16/src/xrPhysics/PHDisabling.h:87:18: warning: 'CPHDisablingRotational::set_DisableParams' hides overloaded virtual function [-Woverloaded-virtual]
   87 |     virtual void set_DisableParams(const SAllDDOParams& params);
      |                  ^
/data/data/com.termux/files/home/xray-16/src/xrPhysics/PHDisabling.h:62:18: note: hidden overloaded virtual function 'CPHDisablingBase::set_DisableParams' declared here: type mismatch at 1st parameter ('const SOneDDOParams &' vs 'const SAllDDOParams &')
   62 |     virtual void set_DisableParams(const SOneDDOParams& params);
      |                  ^
/data/data/com.termux/files/home/xray-16/src/xrPhysics/PHDisabling.h:96:18: warning: 'CPHDisablingTranslational::set_DisableParams' hides overloaded virtual function [-Woverloaded-virtual]
   96 |     virtual void set_DisableParams(const SAllDDOParams& params);
      |                  ^
/data/data/com.termux/files/home/xray-16/src/xrPhysics/PHDisabling.h:62:18: note: hidden overloaded virtual function 'CPHDisablingBase::set_DisableParams' declared here: type mismatch at 1st parameter ('const SOneDDOParams &' vs 'const SAllDDOParams &')
   62 |     virtual void set_DisableParams(const SOneDDOParams& params);
      |                  ^
In file included from /data/data/com.termux/files/home/xray-16/src/xrPhysics/PHFracture.cpp:4:
/data/data/com.termux/files/home/xray-16/src/xrPhysics/PHElement.h:248:13: warning: 'const' type qualifier on return type has no effect [-Wignored-qualifiers]
  248 |     virtual const dBodyID get_bodyConst() const { return m_body; } // aux
      |             ^~~~~
In file included from /data/data/com.termux/files/home/xray-16/src/xrPhysics/PHFracture.cpp:10:
/data/data/com.termux/files/home/xray-16/src/xrCore/Animation/Bone.hpp:329:13: warning: virtual method '~CBone' is inside a 'final' class and can never be overridden [-Wunnecessary-virtual-specifier]
  329 |     virtual ~CBone() = default;
      |             ^
/data/data/com.termux/files/home/xray-16/src/xrCore/Animation/Bone.hpp:462:13: warning: virtual method '~CBoneData' is inside a 'final' class and can never be overridden [-Wunnecessary-virtual-specifier]
  462 |     virtual ~CBoneData() = default;
      |             ^
/data/data/com.termux/files/home/xray-16/src/xrCore/Animation/Bone.hpp:491:20: warning: virtual method 'mem_usage' is inside a 'final' class and can never be overridden [-Wunnecessary-virtual-specifier]
  491 |     virtual size_t mem_usage()
      |                    ^
11 warnings generated.
[521/1826] Building CXX object src/xrPhysics/CMakeFiles/xrPhysics.dir/PHDisabling.cpp.o
In file included from /data/data/com.termux/files/home/xray-16/src/xrPhysics/PHDisabling.cpp:2:
/data/data/com.termux/files/home/xray-16/src/xrPhysics/PHDisabling.h:87:18: warning: 'CPHDisablingRotational::set_DisableParams' hides overloaded virtual function [-Woverloaded-virtual]
   87 |     virtual void set_DisableParams(const SAllDDOParams& params);
      |                  ^
/data/data/com.termux/files/home/xray-16/src/xrPhysics/PHDisabling.h:62:18: note: hidden overloaded virtual function 'CPHDisablingBase::set_DisableParams' declared here: type mismatch at 1st parameter ('const SOneDDOParams &' vs 'const SAllDDOParams &')
   62 |     virtual void set_DisableParams(const SOneDDOParams& params);
      |                  ^
/data/data/com.termux/files/home/xray-16/src/xrPhysics/PHDisabling.h:96:18: warning: 'CPHDisablingTranslational::set_DisableParams' hides overloaded virtual function [-Woverloaded-virtual]
   96 |     virtual void set_DisableParams(const SAllDDOParams& params);
      |                  ^
/data/data/com.termux/files/home/xray-16/src/xrPhysics/PHDisabling.h:62:18: note: hidden overloaded virtual function 'CPHDisablingBase::set_DisableParams' declared here: type mismatch at 1st parameter ('const SOneDDOParams &' vs 'const SAllDDOParams &')
   62 |     virtual void set_DisableParams(const SOneDDOParams& params);
      |                  ^
In file included from /data/data/com.termux/files/home/xray-16/src/xrPhysics/PHDisabling.cpp:3:
In file included from /data/data/com.termux/files/home/xray-16/src/xrPhysics/PhysicsCommon.h:4:
In file included from /data/data/com.termux/files/home/xray-16/src/xrPhysics/PhysicsExternalCommon.h:6:
In file included from /data/data/com.termux/files/home/xray-16/src/xrPhysics/MathUtils.h:5:
In file included from /data/data/com.termux/files/home/xray-16/src/xrCore/_obb.h:3:
/data/data/com.termux/files/home/xray-16/src/xrCore/_matrix33.h:148:13: warning: variable 'nrot' set but not used [-Wunused-but-set-variable]
  148 |         int nrot;
      |             ^
/data/data/com.termux/files/home/xray-16/src/xrPhysics/PHDisabling.cpp:51:40: warning: field 'm_disabled' will be initialized after field 'm_last_frame_updated' [-Wreorder-ctor]
   51 | CBaseDisableData::CBaseDisableData() : m_disabled(false), m_last_frame_updated(u16(-1))
      |                                        ^~~~~~~~~~~~~~~~~  ~~~~~~~~~~~~~~~~~~~~~~~~~~~~~
      |                                        m_last_frame_updated(u16(-1)) m_disabled(false)
4 warnings generated.
[522/1826] Building CXX object src/xrPhysics/CMakeFiles/xrPhysics.dir/ExtendedGeom.cpp.o
In file included from /data/data/com.termux/files/home/xray-16/src/xrPhysics/ExtendedGeom.cpp:2:
In file included from /data/data/com.termux/files/home/xray-16/src/xrPhysics/ExtendedGeom.h:3:
In file included from /data/data/com.termux/files/home/xray-16/src/xrPhysics/PHObject.h:5:
In file included from /data/data/com.termux/files/home/xray-16/src/xrPhysics/PHIsland.h:12:
In file included from /data/data/com.termux/files/home/xray-16/src/xrPhysics/PhysicsCommon.h:4:
In file included from /data/data/com.termux/files/home/xray-16/src/xrPhysics/PhysicsExternalCommon.h:6:
In file included from /data/data/com.termux/files/home/xray-16/src/xrPhysics/MathUtils.h:5:
In file included from /data/data/com.termux/files/home/xray-16/src/xrCore/_obb.h:3:
/data/data/com.termux/files/home/xray-16/src/xrCore/_matrix33.h:148:13: warning: variable 'nrot' set but not used [-Wunused-but-set-variable]
  148 |         int nrot;
      |             ^
1 warning generated.
[523/1826] Building CXX object src/xrPhysics/CMakeFiles/xrPhysics.dir/PHShellSplitter.cpp.o
In file included from /data/data/com.termux/files/home/xray-16/src/xrPhysics/PHShellSplitter.cpp:2:
In file included from /data/data/com.termux/files/home/xray-16/src/xrPhysics/Physics.h:4:
In file included from /data/data/com.termux/files/home/xray-16/src/xrPhysics/PhysicsShell.h:4:
In file included from /data/data/com.termux/files/home/xray-16/src/xrEngine/IPhysicsShell.h:3:
In file included from /data/data/com.termux/files/home/xray-16/src/xrCore/vector.h:27:
/data/data/com.termux/files/home/xray-16/src/xrCore/_matrix33.h:148:13: warning: variable 'nrot' set but not used [-Wunused-but-set-variable]
  148 |         int nrot;
      |             ^
In file included from /data/data/com.termux/files/home/xray-16/src/xrPhysics/PHShellSplitter.cpp:3:
In file included from /data/data/com.termux/files/home/xray-16/src/xrPhysics/PHShell.h:4:
In file included from /data/data/com.termux/files/home/xray-16/src/xrPhysics/PHElement.h:7:
/data/data/com.termux/files/home/xray-16/src/xrPhysics/Geometry.h:67:8: warning: 'const' type qualifier on return type has no effect [-Wignored-qualifiers]
   67 |     IC const dGeomID geom() const { return dGeomTransformGetGeom(m_geom_transform); }
      |        ^~~~~
/data/data/com.termux/files/home/xray-16/src/xrPhysics/Geometry.h:68:8: warning: 'const' type qualifier on return type has no effect [-Wignored-qualifiers]
   68 |     IC const dGeomID geometry_transform() const { return m_geom_transform; }
      |        ^~~~~
/data/data/com.termux/files/home/xray-16/src/xrPhysics/Geometry.h:69:8: warning: 'const' type qualifier on return type has no effect [-Wignored-qualifiers]
   69 |     IC const dGeomID geometry() const { return m_geom_transform ? (geom() ? geom() : m_geom_transform) : NULL; }
      |        ^~~~~
/data/data/com.termux/files/home/xray-16/src/xrPhysics/Geometry.h:70:8: warning: 'const' type qualifier on return type has no effect [-Wignored-qualifiers]
   70 |     IC const dGeomID geometry_bt() const
      |        ^~~~~
In file included from /data/data/com.termux/files/home/xray-16/src/xrPhysics/PHShellSplitter.cpp:3:
In file included from /data/data/com.termux/files/home/xray-16/src/xrPhysics/PHShell.h:4:
In file included from /data/data/com.termux/files/home/xray-16/src/xrPhysics/PHElement.h:10:
/data/data/com.termux/files/home/xray-16/src/xrPhysics/PHDisabling.h:87:18: warning: 'CPHDisablingRotational::set_DisableParams' hides overloaded virtual function [-Woverloaded-virtual]
   87 |     virtual void set_DisableParams(const SAllDDOParams& params);
      |                  ^
/data/data/com.termux/files/home/xray-16/src/xrPhysics/PHDisabling.h:62:18: note: hidden overloaded virtual function 'CPHDisablingBase::set_DisableParams' declared here: type mismatch at 1st parameter ('const SOneDDOParams &' vs 'const SAllDDOParams &')
   62 |     virtual void set_DisableParams(const SOneDDOParams& params);
      |                  ^
/data/data/com.termux/files/home/xray-16/src/xrPhysics/PHDisabling.h:96:18: warning: 'CPHDisablingTranslational::set_DisableParams' hides overloaded virtual function [-Woverloaded-virtual]
   96 |     virtual void set_DisableParams(const SAllDDOParams& params);
      |                  ^
/data/data/com.termux/files/home/xray-16/src/xrPhysics/PHDisabling.h:62:18: note: hidden overloaded virtual function 'CPHDisablingBase::set_DisableParams' declared here: type mismatch at 1st parameter ('const SOneDDOParams &' vs 'const SAllDDOParams &')
   62 |     virtual void set_DisableParams(const SOneDDOParams& params);
      |                  ^
In file included from /data/data/com.termux/files/home/xray-16/src/xrPhysics/PHShellSplitter.cpp:3:
In file included from /data/data/com.termux/files/home/xray-16/src/xrPhysics/PHShell.h:4:
/data/data/com.termux/files/home/xray-16/src/xrPhysics/PHElement.h:248:13: warning: 'const' type qualifier on return type has no effect [-Wignored-qualifiers]
  248 |     virtual const dBodyID get_bodyConst() const { return m_body; } // aux
      |             ^~~~~
8 warnings generated.
[524/1826] Building CXX object src/xrPhysics/CMakeFiles/xrPhysics.dir/PHElementNetState.cpp.o
In file included from /data/data/com.termux/files/home/xray-16/src/xrPhysics/PHElementNetState.cpp:2:
In file included from /data/data/com.termux/files/home/xray-16/src/xrPhysics/PhysicsShell.h:4:
In file included from /data/data/com.termux/files/home/xray-16/src/xrEngine/IPhysicsShell.h:3:
In file included from /data/data/com.termux/files/home/xray-16/src/xrCore/vector.h:27:
/data/data/com.termux/files/home/xray-16/src/xrCore/_matrix33.h:148:13: warning: variable 'nrot' set but not used [-Wunused-but-set-variable]
  148 |         int nrot;
      |             ^
In file included from /data/data/com.termux/files/home/xray-16/src/xrPhysics/PHElementNetState.cpp:4:
In file included from /data/data/com.termux/files/home/xray-16/src/xrPhysics/PHElement.h:7:
/data/data/com.termux/files/home/xray-16/src/xrPhysics/Geometry.h:67:8: warning: 'const' type qualifier on return type has no effect [-Wignored-qualifiers]
   67 |     IC const dGeomID geom() const { return dGeomTransformGetGeom(m_geom_transform); }
      |        ^~~~~
/data/data/com.termux/files/home/xray-16/src/xrPhysics/Geometry.h:68:8: warning: 'const' type qualifier on return type has no effect [-Wignored-qualifiers]
   68 |     IC const dGeomID geometry_transform() const { return m_geom_transform; }
      |        ^~~~~
/data/data/com.termux/files/home/xray-16/src/xrPhysics/Geometry.h:69:8: warning: 'const' type qualifier on return type has no effect [-Wignored-qualifiers]
   69 |     IC const dGeomID geometry() const { return m_geom_transform ? (geom() ? geom() : m_geom_transform) : NULL; }
      |        ^~~~~
/data/data/com.termux/files/home/xray-16/src/xrPhysics/Geometry.h:70:8: warning: 'const' type qualifier on return type has no effect [-Wignored-qualifiers]
   70 |     IC const dGeomID geometry_bt() const
      |        ^~~~~
In file included from /data/data/com.termux/files/home/xray-16/src/xrPhysics/PHElementNetState.cpp:4:
In file included from /data/data/com.termux/files/home/xray-16/src/xrPhysics/PHElement.h:10:
/data/data/com.termux/files/home/xray-16/src/xrPhysics/PHDisabling.h:87:18: warning: 'CPHDisablingRotational::set_DisableParams' hides overloaded virtual function [-Woverloaded-virtual]
   87 |     virtual void set_DisableParams(const SAllDDOParams& params);
      |                  ^
/data/data/com.termux/files/home/xray-16/src/xrPhysics/PHDisabling.h:62:18: note: hidden overloaded virtual function 'CPHDisablingBase::set_DisableParams' declared here: type mismatch at 1st parameter ('const SOneDDOParams &' vs 'const SAllDDOParams &')
   62 |     virtual void set_DisableParams(const SOneDDOParams& params);
      |                  ^
/data/data/com.termux/files/home/xray-16/src/xrPhysics/PHDisabling.h:96:18: warning: 'CPHDisablingTranslational::set_DisableParams' hides overloaded virtual function [-Woverloaded-virtual]
   96 |     virtual void set_DisableParams(const SAllDDOParams& params);
      |                  ^
/data/data/com.termux/files/home/xray-16/src/xrPhysics/PHDisabling.h:62:18: note: hidden overloaded virtual function 'CPHDisablingBase::set_DisableParams' declared here: type mismatch at 1st parameter ('const SOneDDOParams &' vs 'const SAllDDOParams &')
   62 |     virtual void set_DisableParams(const SOneDDOParams& params);
      |                  ^
In file included from /data/data/com.termux/files/home/xray-16/src/xrPhysics/PHElementNetState.cpp:4:
/data/data/com.termux/files/home/xray-16/src/xrPhysics/PHElement.h:248:13: warning: 'const' type qualifier on return type has no effect [-Wignored-qualifiers]
  248 |     virtual const dBodyID get_bodyConst() const { return m_body; } // aux
      |             ^~~~~
8 warnings generated.
[525/1826] Building CXX object src/xrPhysics/CMakeFiles/xrPhysics.dir/Geometry.cpp.o
In file included from /data/data/com.termux/files/home/xray-16/src/xrPhysics/Geometry.cpp:2:
In file included from /data/data/com.termux/files/home/xray-16/src/xrPhysics/Geometry.h:3:
In file included from /data/data/com.termux/files/home/xray-16/src/xrPhysics/PhysicsCommon.h:4:
In file included from /data/data/com.termux/files/home/xray-16/src/xrPhysics/PhysicsExternalCommon.h:6:
In file included from /data/data/com.termux/files/home/xray-16/src/xrPhysics/MathUtils.h:5:
In file included from /data/data/com.termux/files/home/xray-16/src/xrCore/_obb.h:3:
/data/data/com.termux/files/home/xray-16/src/xrCore/_matrix33.h:148:13: warning: variable 'nrot' set but not used [-Wunused-but-set-variable]
  148 |         int nrot;
      |             ^
In file included from /data/data/com.termux/files/home/xray-16/src/xrPhysics/Geometry.cpp:2:
/data/data/com.termux/files/home/xray-16/src/xrPhysics/Geometry.h:67:8: warning: 'const' type qualifier on return type has no effect [-Wignored-qualifiers]
   67 |     IC const dGeomID geom() const { return dGeomTransformGetGeom(m_geom_transform); }
      |        ^~~~~
/data/data/com.termux/files/home/xray-16/src/xrPhysics/Geometry.h:68:8: warning: 'const' type qualifier on return type has no effect [-Wignored-qualifiers]
   68 |     IC const dGeomID geometry_transform() const { return m_geom_transform; }
      |        ^~~~~
/data/data/com.termux/files/home/xray-16/src/xrPhysics/Geometry.h:69:8: warning: 'const' type qualifier on return type has no effect [-Wignored-qualifiers]
   69 |     IC const dGeomID geometry() const { return m_geom_transform ? (geom() ? geom() : m_geom_transform) : NULL; }
      |        ^~~~~
/data/data/com.termux/files/home/xray-16/src/xrPhysics/Geometry.h:70:8: warning: 'const' type qualifier on return type has no effect [-Wignored-qualifiers]
   70 |     IC const dGeomID geometry_bt() const
      |        ^~~~~
In file included from /data/data/com.termux/files/home/xray-16/src/xrPhysics/Geometry.cpp:7:
/data/data/com.termux/files/home/xray-16/src/xrCore/Animation/Bone.hpp:329:13: warning: virtual method '~CBone' is inside a 'final' class and can never be overridden [-Wunnecessary-virtual-specifier]
  329 |     virtual ~CBone() = default;
      |             ^
/data/data/com.termux/files/home/xray-16/src/xrCore/Animation/Bone.hpp:462:13: warning: virtual method '~CBoneData' is inside a 'final' class and can never be overridden [-Wunnecessary-virtual-specifier]
  462 |     virtual ~CBoneData() = default;
      |             ^
/data/data/com.termux/files/home/xray-16/src/xrCore/Animation/Bone.hpp:491:20: warning: virtual method 'mem_usage' is inside a 'final' class and can never be overridden [-Wunnecessary-virtual-specifier]
  491 |     virtual size_t mem_usage()
      |                    ^
8 warnings generated.
[526/1826] Building CXX object src/xrPhysics/CMakeFiles/xrPhysics.dir/PHMoveStorage.cpp.o
In file included from /data/data/com.termux/files/home/xray-16/src/xrPhysics/PHMoveStorage.cpp:2:
In file included from /data/data/com.termux/files/home/xray-16/src/xrPhysics/PHMoveStorage.h:3:
In file included from /data/data/com.termux/files/home/xray-16/src/xrPhysics/PHGeometryOwner.h:3:
In file included from /data/data/com.termux/files/home/xray-16/src/xrPhysics/Geometry.h:3:
In file included from /data/data/com.termux/files/home/xray-16/src/xrPhysics/PhysicsCommon.h:4:
In file included from /data/data/com.termux/files/home/xray-16/src/xrPhysics/PhysicsExternalCommon.h:6:
In file included from /data/data/com.termux/files/home/xray-16/src/xrPhysics/MathUtils.h:5:
In file included from /data/data/com.termux/files/home/xray-16/src/xrCore/_obb.h:3:
/data/data/com.termux/files/home/xray-16/src/xrCore/_matrix33.h:148:13: warning: variable 'nrot' set but not used [-Wunused-but-set-variable]
  148 |         int nrot;
      |             ^
In file included from /data/data/com.termux/files/home/xray-16/src/xrPhysics/PHMoveStorage.cpp:2:
In file included from /data/data/com.termux/files/home/xray-16/src/xrPhysics/PHMoveStorage.h:3:
In file included from /data/data/com.termux/files/home/xray-16/src/xrPhysics/PHGeometryOwner.h:3:
/data/data/com.termux/files/home/xray-16/src/xrPhysics/Geometry.h:67:8: warning: 'const' type qualifier on return type has no effect [-Wignored-qualifiers]
   67 |     IC const dGeomID geom() const { return dGeomTransformGetGeom(m_geom_transform); }
      |        ^~~~~
/data/data/com.termux/files/home/xray-16/src/xrPhysics/Geometry.h:68:8: warning: 'const' type qualifier on return type has no effect [-Wignored-qualifiers]
   68 |     IC const dGeomID geometry_transform() const { return m_geom_transform; }
      |        ^~~~~
/data/data/com.termux/files/home/xray-16/src/xrPhysics/Geometry.h:69:8: warning: 'const' type qualifier on return type has no effect [-Wignored-qualifiers]
   69 |     IC const dGeomID geometry() const { return m_geom_transform ? (geom() ? geom() : m_geom_transform) : NULL; }
      |        ^~~~~
/data/data/com.termux/files/home/xray-16/src/xrPhysics/Geometry.h:70:8: warning: 'const' type qualifier on return type has no effect [-Wignored-qualifiers]
   70 |     IC const dGeomID geometry_bt() const
      |        ^~~~~
5 warnings generated.
[527/1826] Building CXX object src/xrPhysics/CMakeFiles/xrPhysics.dir/PHGeometryOwner.cpp.o
In file included from /data/data/com.termux/files/home/xray-16/src/xrPhysics/PHGeometryOwner.cpp:2:
In file included from /data/data/com.termux/files/home/xray-16/src/xrPhysics/PHGeometryOwner.h:3:
In file included from /data/data/com.termux/files/home/xray-16/src/xrPhysics/Geometry.h:3:
In file included from /data/data/com.termux/files/home/xray-16/src/xrPhysics/PhysicsCommon.h:4:
In file included from /data/data/com.termux/files/home/xray-16/src/xrPhysics/PhysicsExternalCommon.h:6:
In file included from /data/data/com.termux/files/home/xray-16/src/xrPhysics/MathUtils.h:5:
In file included from /data/data/com.termux/files/home/xray-16/src/xrCore/_obb.h:3:
/data/data/com.termux/files/home/xray-16/src/xrCore/_matrix33.h:148:13: warning: variable 'nrot' set but not used [-Wunused-but-set-variable]
  148 |         int nrot;
      |             ^
In file included from /data/data/com.termux/files/home/xray-16/src/xrPhysics/PHGeometryOwner.cpp:2:
In file included from /data/data/com.termux/files/home/xray-16/src/xrPhysics/PHGeometryOwner.h:3:
/data/data/com.termux/files/home/xray-16/src/xrPhysics/Geometry.h:67:8: warning: 'const' type qualifier on return type has no effect [-Wignored-qualifiers]
   67 |     IC const dGeomID geom() const { return dGeomTransformGetGeom(m_geom_transform); }
      |        ^~~~~
/data/data/com.termux/files/home/xray-16/src/xrPhysics/Geometry.h:68:8: warning: 'const' type qualifier on return type has no effect [-Wignored-qualifiers]
   68 |     IC const dGeomID geometry_transform() const { return m_geom_transform; }
      |        ^~~~~
/data/data/com.termux/files/home/xray-16/src/xrPhysics/Geometry.h:69:8: warning: 'const' type qualifier on return type has no effect [-Wignored-qualifiers]
   69 |     IC const dGeomID geometry() const { return m_geom_transform ? (geom() ? geom() : m_geom_transform) : NULL; }
      |        ^~~~~
/data/data/com.termux/files/home/xray-16/src/xrPhysics/Geometry.h:70:8: warning: 'const' type qualifier on return type has no effect [-Wignored-qualifiers]
   70 |     IC const dGeomID geometry_bt() const
      |        ^~~~~
In file included from /data/data/com.termux/files/home/xray-16/src/xrPhysics/PHGeometryOwner.cpp:6:
/data/data/com.termux/files/home/xray-16/src/xrCore/Animation/Bone.hpp:329:13: warning: virtual method '~CBone' is inside a 'final' class and can never be overridden [-Wunnecessary-virtual-specifier]
  329 |     virtual ~CBone() = default;
      |             ^
/data/data/com.termux/files/home/xray-16/src/xrCore/Animation/Bone.hpp:462:13: warning: virtual method '~CBoneData' is inside a 'final' class and can never be overridden [-Wunnecessary-virtual-specifier]
  462 |     virtual ~CBoneData() = default;
      |             ^
/data/data/com.termux/files/home/xray-16/src/xrCore/Animation/Bone.hpp:491:20: warning: virtual method 'mem_usage' is inside a 'final' class and can never be overridden [-Wunnecessary-virtual-specifier]
  491 |     virtual size_t mem_usage()
      |                    ^
8 warnings generated.
[528/1826] Building CXX object src/xrPhysics/CMakeFiles/xrPhysics.dir/PHElement.cpp.o
In file included from /data/data/com.termux/files/home/xray-16/src/xrPhysics/PHElement.cpp:2:
In file included from /data/data/com.termux/files/home/xray-16/src/xrPhysics/PHDynamicData.h:8:
In file included from /data/data/com.termux/files/home/xray-16/src/xrPhysics/MathUtilsOde.h:14:
In file included from /data/data/com.termux/files/home/xray-16/src/xrPhysics/MathUtils.h:5:
In file included from /data/data/com.termux/files/home/xray-16/src/xrCore/_obb.h:3:
/data/data/com.termux/files/home/xray-16/src/xrCore/_matrix33.h:148:13: warning: variable 'nrot' set but not used [-Wunused-but-set-variable]
  148 |         int nrot;
      |             ^
In file included from /data/data/com.termux/files/home/xray-16/src/xrPhysics/PHElement.cpp:13:
In file included from /data/data/com.termux/files/home/xray-16/src/Include/xrRender/KinematicsAnimated.h:5:
In file included from /data/data/com.termux/files/home/xray-16/src/xrCore/Animation/SkeletonMotions.hpp:5:
/data/data/com.termux/files/home/xray-16/src/xrCore/Animation/Bone.hpp:329:13: warning: virtual method '~CBone' is inside a 'final' class and can never be overridden [-Wunnecessary-virtual-specifier]
  329 |     virtual ~CBone() = default;
      |             ^
/data/data/com.termux/files/home/xray-16/src/xrCore/Animation/Bone.hpp:462:13: warning: virtual method '~CBoneData' is inside a 'final' class and can never be overridden [-Wunnecessary-virtual-specifier]
  462 |     virtual ~CBoneData() = default;
      |             ^
/data/data/com.termux/files/home/xray-16/src/xrCore/Animation/Bone.hpp:491:20: warning: virtual method 'mem_usage' is inside a 'final' class and can never be overridden [-Wunnecessary-virtual-specifier]
  491 |     virtual size_t mem_usage()
      |                    ^
In file included from /data/data/com.termux/files/home/xray-16/src/xrPhysics/PHElement.cpp:27:
In file included from /data/data/com.termux/files/home/xray-16/src/xrPhysics/PHShell.h:4:
In file included from /data/data/com.termux/files/home/xray-16/src/xrPhysics/PHElement.h:7:
/data/data/com.termux/files/home/xray-16/src/xrPhysics/Geometry.h:67:8: warning: 'const' type qualifier on return type has no effect [-Wignored-qualifiers]
   67 |     IC const dGeomID geom() const { return dGeomTransformGetGeom(m_geom_transform); }
      |        ^~~~~
/data/data/com.termux/files/home/xray-16/src/xrPhysics/Geometry.h:68:8: warning: 'const' type qualifier on return type has no effect [-Wignored-qualifiers]
   68 |     IC const dGeomID geometry_transform() const { return m_geom_transform; }
      |        ^~~~~
/data/data/com.termux/files/home/xray-16/src/xrPhysics/Geometry.h:69:8: warning: 'const' type qualifier on return type has no effect [-Wignored-qualifiers]
   69 |     IC const dGeomID geometry() const { return m_geom_transform ? (geom() ? geom() : m_geom_transform) : NULL; }
      |        ^~~~~
/data/data/com.termux/files/home/xray-16/src/xrPhysics/Geometry.h:70:8: warning: 'const' type qualifier on return type has no effect [-Wignored-qualifiers]
   70 |     IC const dGeomID geometry_bt() const
      |        ^~~~~
In file included from /data/data/com.termux/files/home/xray-16/src/xrPhysics/PHElement.cpp:27:
In file included from /data/data/com.termux/files/home/xray-16/src/xrPhysics/PHShell.h:4:
In file included from /data/data/com.termux/files/home/xray-16/src/xrPhysics/PHElement.h:10:
/data/data/com.termux/files/home/xray-16/src/xrPhysics/PHDisabling.h:87:18: warning: 'CPHDisablingRotational::set_DisableParams' hides overloaded virtual function [-Woverloaded-virtual]
   87 |     virtual void set_DisableParams(const SAllDDOParams& params);
      |                  ^
/data/data/com.termux/files/home/xray-16/src/xrPhysics/PHDisabling.h:62:18: note: hidden overloaded virtual function 'CPHDisablingBase::set_DisableParams' declared here: type mismatch at 1st parameter ('const SOneDDOParams &' vs 'const SAllDDOParams &')
   62 |     virtual void set_DisableParams(const SOneDDOParams& params);
      |                  ^
/data/data/com.termux/files/home/xray-16/src/xrPhysics/PHDisabling.h:96:18: warning: 'CPHDisablingTranslational::set_DisableParams' hides overloaded virtual function [-Woverloaded-virtual]
   96 |     virtual void set_DisableParams(const SAllDDOParams& params);
      |                  ^
/data/data/com.termux/files/home/xray-16/src/xrPhysics/PHDisabling.h:62:18: note: hidden overloaded virtual function 'CPHDisablingBase::set_DisableParams' declared here: type mismatch at 1st parameter ('const SOneDDOParams &' vs 'const SAllDDOParams &')
   62 |     virtual void set_DisableParams(const SOneDDOParams& params);
      |                  ^
In file included from /data/data/com.termux/files/home/xray-16/src/xrPhysics/PHElement.cpp:27:
In file included from /data/data/com.termux/files/home/xray-16/src/xrPhysics/PHShell.h:4:
/data/data/com.termux/files/home/xray-16/src/xrPhysics/PHElement.h:248:13: warning: 'const' type qualifier on return type has no effect [-Wignored-qualifiers]
  248 |     virtual const dBodyID get_bodyConst() const { return m_body; } // aux
      |             ^~~~~
11 warnings generated.
[529/1826] Building CXX object src/xrPhysics/CMakeFiles/xrPhysics.dir/PHJoint.cpp.o
In file included from /data/data/com.termux/files/home/xray-16/src/xrPhysics/PHJoint.cpp:3:
In file included from /data/data/com.termux/files/home/xray-16/src/xrPhysics/PHDynamicData.h:8:
In file included from /data/data/com.termux/files/home/xray-16/src/xrPhysics/MathUtilsOde.h:14:
In file included from /data/data/com.termux/files/home/xray-16/src/xrPhysics/MathUtils.h:5:
In file included from /data/data/com.termux/files/home/xray-16/src/xrCore/_obb.h:3:
/data/data/com.termux/files/home/xray-16/src/xrCore/_matrix33.h:148:13: warning: variable 'nrot' set but not used [-Wunused-but-set-variable]
  148 |         int nrot;
      |             ^
In file included from /data/data/com.termux/files/home/xray-16/src/xrPhysics/PHJoint.cpp:13:
In file included from /data/data/com.termux/files/home/xray-16/src/xrPhysics/PHElement.h:7:
/data/data/com.termux/files/home/xray-16/src/xrPhysics/Geometry.h:67:8: warning: 'const' type qualifier on return type has no effect [-Wignored-qualifiers]
   67 |     IC const dGeomID geom() const { return dGeomTransformGetGeom(m_geom_transform); }
      |        ^~~~~
/data/data/com.termux/files/home/xray-16/src/xrPhysics/Geometry.h:68:8: warning: 'const' type qualifier on return type has no effect [-Wignored-qualifiers]
   68 |     IC const dGeomID geometry_transform() const { return m_geom_transform; }
      |        ^~~~~
/data/data/com.termux/files/home/xray-16/src/xrPhysics/Geometry.h:69:8: warning: 'const' type qualifier on return type has no effect [-Wignored-qualifiers]
   69 |     IC const dGeomID geometry() const { return m_geom_transform ? (geom() ? geom() : m_geom_transform) : NULL; }
      |        ^~~~~
/data/data/com.termux/files/home/xray-16/src/xrPhysics/Geometry.h:70:8: warning: 'const' type qualifier on return type has no effect [-Wignored-qualifiers]
   70 |     IC const dGeomID geometry_bt() const
      |        ^~~~~
In file included from /data/data/com.termux/files/home/xray-16/src/xrPhysics/PHJoint.cpp:13:
In file included from /data/data/com.termux/files/home/xray-16/src/xrPhysics/PHElement.h:10:
/data/data/com.termux/files/home/xray-16/src/xrPhysics/PHDisabling.h:87:18: warning: 'CPHDisablingRotational::set_DisableParams' hides overloaded virtual function [-Woverloaded-virtual]
   87 |     virtual void set_DisableParams(const SAllDDOParams& params);
      |                  ^
/data/data/com.termux/files/home/xray-16/src/xrPhysics/PHDisabling.h:62:18: note: hidden overloaded virtual function 'CPHDisablingBase::set_DisableParams' declared here: type mismatch at 1st parameter ('const SOneDDOParams &' vs 'const SAllDDOParams &')
   62 |     virtual void set_DisableParams(const SOneDDOParams& params);
      |                  ^
/data/data/com.termux/files/home/xray-16/src/xrPhysics/PHDisabling.h:96:18: warning: 'CPHDisablingTranslational::set_DisableParams' hides overloaded virtual function [-Woverloaded-virtual]
   96 |     virtual void set_DisableParams(const SAllDDOParams& params);
      |                  ^
/data/data/com.termux/files/home/xray-16/src/xrPhysics/PHDisabling.h:62:18: note: hidden overloaded virtual function 'CPHDisablingBase::set_DisableParams' declared here: type mismatch at 1st parameter ('const SOneDDOParams &' vs 'const SAllDDOParams &')
   62 |     virtual void set_DisableParams(const SOneDDOParams& params);
      |                  ^
In file included from /data/data/com.termux/files/home/xray-16/src/xrPhysics/PHJoint.cpp:13:
/data/data/com.termux/files/home/xray-16/src/xrPhysics/PHElement.h:248:13: warning: 'const' type qualifier on return type has no effect [-Wignored-qualifiers]
  248 |     virtual const dBodyID get_bodyConst() const { return m_body; } // aux
      |             ^~~~~
8 warnings generated.
[530/1826] Building CXX object src/xrPhysics/CMakeFiles/xrPhysics.dir/PhysicsShellScript.cpp.o
In file included from /data/data/com.termux/files/home/xray-16/src/xrPhysics/PhysicsShellScript.cpp:3:
In file included from /data/data/com.termux/files/home/xray-16/src/xrPhysics/PhysicsShell.h:4:
In file included from /data/data/com.termux/files/home/xray-16/src/xrEngine/IPhysicsShell.h:3:
In file included from /data/data/com.termux/files/home/xray-16/src/xrCore/vector.h:27:
/data/data/com.termux/files/home/xray-16/src/xrCore/_matrix33.h:148:13: warning: variable 'nrot' set but not used [-Wunused-but-set-variable]
  148 |         int nrot;
      |             ^
1 warning generated.
[531/1826] Building CXX object src/xrPhysics/CMakeFiles/xrPhysics.dir/PHCommander.cpp.o
In file included from /data/data/com.termux/files/home/xray-16/src/xrPhysics/PHCommander.cpp:4:
/data/data/com.termux/files/home/xray-16/src/xrPhysics/PHSimpleCalls.h:51:18: warning: 'CPHShellBasedAction::compare' hides overloaded virtual function [-Woverloaded-virtual]
   51 |     virtual bool compare(const CPhysicsShell* shl) const { return shl == m_shell; }
      |                  ^
/data/data/com.termux/files/home/xray-16/src/xrPhysics/PHCommander.h:15:18: note: hidden overloaded virtual function 'CPHReqBase::compare' declared here: type mismatch at 1st parameter ('const CPHReqComparerV *' vs 'const CPhysicsShell *')
   15 |     virtual bool compare(const CPHReqComparerV* v) const { return false; };
      |                  ^
1 warning generated.
[532/1826] Building CXX object src/xrPhysics/CMakeFiles/xrPhysics.dir/__/xrServerEntities/PHNetState.cpp.o
[533/1826] Building CXX object src/xrPhysics/CMakeFiles/xrPhysics.dir/PHIsland.cpp.o
In file included from /data/data/com.termux/files/home/xray-16/src/xrPhysics/PHIsland.cpp:2:
In file included from /data/data/com.termux/files/home/xray-16/src/xrPhysics/PHIsland.h:12:
In file included from /data/data/com.termux/files/home/xray-16/src/xrPhysics/PhysicsCommon.h:4:
In file included from /data/data/com.termux/files/home/xray-16/src/xrPhysics/PhysicsExternalCommon.h:6:
In file included from /data/data/com.termux/files/home/xray-16/src/xrPhysics/MathUtils.h:5:
In file included from /data/data/com.termux/files/home/xray-16/src/xrCore/_obb.h:3:
/data/data/com.termux/files/home/xray-16/src/xrCore/_matrix33.h:148:13: warning: variable 'nrot' set but not used [-Wunused-but-set-variable]
  148 |         int nrot;
      |             ^
1 warning generated.
[534/1826] Building CXX object src/xrPhysics/CMakeFiles/xrPhysics.dir/PHScriptCall.cpp.o
In file included from /data/data/com.termux/files/home/xray-16/src/xrPhysics/PHScriptCall.cpp:3:
/data/data/com.termux/files/home/xray-16/src/xrPhysics/PHScriptCall.h:22:18: warning: 'CPHScriptCondition::compare' hides overloaded virtual functions [-Woverloaded-virtual]
   22 |     virtual bool compare(const CPHReqComparerV* v) const { return v->compare(this); }
      |                  ^
/data/data/com.termux/files/home/xray-16/src/xrPhysics/PHReqComparer.h:19:18: note: hidden overloaded virtual function 'CPHReqComparerV::compare' declared here: type mismatch at 1st parameter ('const CPHScriptAction *' vs 'const CPHReqComparerV *')
   19 |     virtual bool compare(const CPHScriptAction* v) const { return false; }
      |                  ^
/data/data/com.termux/files/home/xray-16/src/xrPhysics/PHReqComparer.h:20:18: note: hidden overloaded virtual function 'CPHReqComparerV::compare' declared here: type mismatch at 1st parameter ('const CPHScriptObjectCondition *' vs 'const CPHReqComparerV *')
   20 |     virtual bool compare(const CPHScriptObjectCondition* v) const { return false; }
      |                  ^
/data/data/com.termux/files/home/xray-16/src/xrPhysics/PHReqComparer.h:21:18: note: hidden overloaded virtual function 'CPHReqComparerV::compare' declared here: type mismatch at 1st parameter ('const CPHScriptObjectAction *' vs 'const CPHReqComparerV *')
   21 |     virtual bool compare(const CPHScriptObjectAction* v) const { return false; }
      |                  ^
/data/data/com.termux/files/home/xray-16/src/xrPhysics/PHReqComparer.h:22:18: note: hidden overloaded virtual function 'CPHReqComparerV::compare' declared here: type mismatch at 1st parameter ('const CPHScriptObjectConditionN *' vs 'const CPHReqComparerV *')
   22 |     virtual bool compare(const CPHScriptObjectConditionN* v) const { return false; }
      |                  ^
/data/data/com.termux/files/home/xray-16/src/xrPhysics/PHReqComparer.h:23:18: note: hidden overloaded virtual function 'CPHReqComparerV::compare' declared here: type mismatch at 1st parameter ('const CPHScriptObjectActionN *' vs 'const CPHReqComparerV *')
   23 |     virtual bool compare(const CPHScriptObjectActionN* v) const { return false; }
      |                  ^
/data/data/com.termux/files/home/xray-16/src/xrPhysics/PHReqComparer.h:24:18: note: hidden overloaded virtual function 'CPHReqComparerV::compare' declared here: type mismatch at 1st parameter ('const CPHScriptGameObjectAction *' vs 'const CPHReqComparerV *')
   24 |     virtual bool compare(const CPHScriptGameObjectAction* v) const { return false; }
      |                  ^
/data/data/com.termux/files/home/xray-16/src/xrPhysics/PHReqComparer.h:25:18: note: hidden overloaded virtual function 'CPHReqComparerV::compare' declared here: type mismatch at 1st parameter ('const CPHScriptGameObjectCondition *' vs 'const CPHReqComparerV *')
   25 |     virtual bool compare(const CPHScriptGameObjectCondition* v) const { return false; }
      |                  ^
/data/data/com.termux/files/home/xray-16/src/xrPhysics/PHReqComparer.h:26:18: note: hidden overloaded virtual function 'CPHReqComparerV::compare' declared here: type mismatch at 1st parameter ('const CPHConstForceAction *' vs 'const CPHReqComparerV *')
   26 |     virtual bool compare(const CPHConstForceAction* v) const { return false; }
      |                  ^
/data/data/com.termux/files/home/xray-16/src/xrPhysics/PHReqComparer.h:27:18: note: hidden overloaded virtual function 'CPHReqComparerV::compare' declared here: type mismatch at 1st parameter ('const CPHLiquidParticlesPlayCall *' vs 'const CPHReqComparerV *')
   27 |     virtual bool compare(const CPHLiquidParticlesPlayCall* v) const { return false; }
      |                  ^
/data/data/com.termux/files/home/xray-16/src/xrPhysics/PHReqComparer.h:28:18: note: hidden overloaded virtual function 'CPHReqComparerV::compare' declared here: type mismatch at 1st parameter ('const CPHLiquidParticlesCondition *' vs 'const CPHReqComparerV *')
   28 |     virtual bool compare(const CPHLiquidParticlesCondition* v) const { return false; }
      |                  ^
/data/data/com.termux/files/home/xray-16/src/xrPhysics/PHReqComparer.h:29:18: note: hidden overloaded virtual function 'CPHReqComparerV::compare' declared here: type mismatch at 1st parameter ('const CPHFindLiquidParticlesComparer *' vs 'const CPHReqComparerV *')
   29 |     virtual bool compare(const CPHFindLiquidParticlesComparer* v) const { return false; }
      |                  ^
In file included from /data/data/com.termux/files/home/xray-16/src/xrPhysics/PHScriptCall.cpp:3:
/data/data/com.termux/files/home/xray-16/src/xrPhysics/PHScriptCall.h:42:18: warning: 'CPHScriptAction::compare' hides overloaded virtual functions [-Woverloaded-virtual]
   42 |     virtual bool compare(const CPHReqComparerV* v) const { return v->compare(this); }
      |                  ^
/data/data/com.termux/files/home/xray-16/src/xrPhysics/PHReqComparer.h:18:18: note: hidden overloaded virtual function 'CPHReqComparerV::compare' declared here: type mismatch at 1st parameter ('const CPHScriptCondition *' vs 'const CPHReqComparerV *')
   18 |     virtual bool compare(const CPHScriptCondition* v) const { return false; }
      |                  ^
/data/data/com.termux/files/home/xray-16/src/xrPhysics/PHReqComparer.h:20:18: note: hidden overloaded virtual function 'CPHReqComparerV::compare' declared here: type mismatch at 1st parameter ('const CPHScriptObjectCondition *' vs 'const CPHReqComparerV *')
   20 |     virtual bool compare(const CPHScriptObjectCondition* v) const { return false; }
      |                  ^
/data/data/com.termux/files/home/xray-16/src/xrPhysics/PHReqComparer.h:21:18: note: hidden overloaded virtual function 'CPHReqComparerV::compare' declared here: type mismatch at 1st parameter ('const CPHScriptObjectAction *' vs 'const CPHReqComparerV *')
   21 |     virtual bool compare(const CPHScriptObjectAction* v) const { return false; }
      |                  ^
/data/data/com.termux/files/home/xray-16/src/xrPhysics/PHReqComparer.h:22:18: note: hidden overloaded virtual function 'CPHReqComparerV::compare' declared here: type mismatch at 1st parameter ('const CPHScriptObjectConditionN *' vs 'const CPHReqComparerV *')
   22 |     virtual bool compare(const CPHScriptObjectConditionN* v) const { return false; }
      |                  ^
/data/data/com.termux/files/home/xray-16/src/xrPhysics/PHReqComparer.h:23:18: note: hidden overloaded virtual function 'CPHReqComparerV::compare' declared here: type mismatch at 1st parameter ('const CPHScriptObjectActionN *' vs 'const CPHReqComparerV *')
   23 |     virtual bool compare(const CPHScriptObjectActionN* v) const { return false; }
      |                  ^
/data/data/com.termux/files/home/xray-16/src/xrPhysics/PHReqComparer.h:24:18: note: hidden overloaded virtual function 'CPHReqComparerV::compare' declared here: type mismatch at 1st parameter ('const CPHScriptGameObjectAction *' vs 'const CPHReqComparerV *')
   24 |     virtual bool compare(const CPHScriptGameObjectAction* v) const { return false; }
      |                  ^
/data/data/com.termux/files/home/xray-16/src/xrPhysics/PHReqComparer.h:25:18: note: hidden overloaded virtual function 'CPHReqComparerV::compare' declared here: type mismatch at 1st parameter ('const CPHScriptGameObjectCondition *' vs 'const CPHReqComparerV *')
   25 |     virtual bool compare(const CPHScriptGameObjectCondition* v) const { return false; }
      |                  ^
/data/data/com.termux/files/home/xray-16/src/xrPhysics/PHReqComparer.h:26:18: note: hidden overloaded virtual function 'CPHReqComparerV::compare' declared here: type mismatch at 1st parameter ('const CPHConstForceAction *' vs 'const CPHReqComparerV *')
   26 |     virtual bool compare(const CPHConstForceAction* v) const { return false; }
      |                  ^
/data/data/com.termux/files/home/xray-16/src/xrPhysics/PHReqComparer.h:27:18: note: hidden overloaded virtual function 'CPHReqComparerV::compare' declared here: type mismatch at 1st parameter ('const CPHLiquidParticlesPlayCall *' vs 'const CPHReqComparerV *')
   27 |     virtual bool compare(const CPHLiquidParticlesPlayCall* v) const { return false; }
      |                  ^
/data/data/com.termux/files/home/xray-16/src/xrPhysics/PHReqComparer.h:28:18: note: hidden overloaded virtual function 'CPHReqComparerV::compare' declared here: type mismatch at 1st parameter ('const CPHLiquidParticlesCondition *' vs 'const CPHReqComparerV *')
   28 |     virtual bool compare(const CPHLiquidParticlesCondition* v) const { return false; }
      |                  ^
/data/data/com.termux/files/home/xray-16/src/xrPhysics/PHReqComparer.h:29:18: note: hidden overloaded virtual function 'CPHReqComparerV::compare' declared here: type mismatch at 1st parameter ('const CPHFindLiquidParticlesComparer *' vs 'const CPHReqComparerV *')
   29 |     virtual bool compare(const CPHFindLiquidParticlesComparer* v) const { return false; }
      |                  ^
In file included from /data/data/com.termux/files/home/xray-16/src/xrPhysics/PHScriptCall.cpp:3:
/data/data/com.termux/files/home/xray-16/src/xrPhysics/PHScriptCall.h:62:18: warning: 'CPHScriptObjectCondition::compare' hides overloaded virtual functions [-Woverloaded-virtual]
   62 |     virtual bool compare(const luabind::object* v) const { return *m_lua_object == *v; }
      |                  ^
/data/data/com.termux/files/home/xray-16/src/xrPhysics/PHReqComparer.h:18:18: note: hidden overloaded virtual function 'CPHReqComparerV::compare' declared here: type mismatch at 1st parameter ('const CPHScriptCondition *' vs 'const luabind::object *')
   18 |     virtual bool compare(const CPHScriptCondition* v) const { return false; }
      |                  ^
/data/data/com.termux/files/home/xray-16/src/xrPhysics/PHReqComparer.h:19:18: note: hidden overloaded virtual function 'CPHReqComparerV::compare' declared here: type mismatch at 1st parameter ('const CPHScriptAction *' vs 'const luabind::object *')
   19 |     virtual bool compare(const CPHScriptAction* v) const { return false; }
      |                  ^
/data/data/com.termux/files/home/xray-16/src/xrPhysics/PHReqComparer.h:21:18: note: hidden overloaded virtual function 'CPHReqComparerV::compare' declared here: type mismatch at 1st parameter ('const CPHScriptObjectAction *' vs 'const luabind::object *')
   21 |     virtual bool compare(const CPHScriptObjectAction* v) const { return false; }
      |                  ^
/data/data/com.termux/files/home/xray-16/src/xrPhysics/PHReqComparer.h:22:18: note: hidden overloaded virtual function 'CPHReqComparerV::compare' declared here: type mismatch at 1st parameter ('const CPHScriptObjectConditionN *' vs 'const luabind::object *')
   22 |     virtual bool compare(const CPHScriptObjectConditionN* v) const { return false; }
      |                  ^
/data/data/com.termux/files/home/xray-16/src/xrPhysics/PHReqComparer.h:23:18: note: hidden overloaded virtual function 'CPHReqComparerV::compare' declared here: type mismatch at 1st parameter ('const CPHScriptObjectActionN *' vs 'const luabind::object *')
   23 |     virtual bool compare(const CPHScriptObjectActionN* v) const { return false; }
      |                  ^
/data/data/com.termux/files/home/xray-16/src/xrPhysics/PHReqComparer.h:24:18: note: hidden overloaded virtual function 'CPHReqComparerV::compare' declared here: type mismatch at 1st parameter ('const CPHScriptGameObjectAction *' vs 'const luabind::object *')
   24 |     virtual bool compare(const CPHScriptGameObjectAction* v) const { return false; }
      |                  ^
/data/data/com.termux/files/home/xray-16/src/xrPhysics/PHReqComparer.h:25:18: note: hidden overloaded virtual function 'CPHReqComparerV::compare' declared here: type mismatch at 1st parameter ('const CPHScriptGameObjectCondition *' vs 'const luabind::object *')
   25 |     virtual bool compare(const CPHScriptGameObjectCondition* v) const { return false; }
      |                  ^
/data/data/com.termux/files/home/xray-16/src/xrPhysics/PHReqComparer.h:26:18: note: hidden overloaded virtual function 'CPHReqComparerV::compare' declared here: type mismatch at 1st parameter ('const CPHConstForceAction *' vs 'const luabind::object *')
   26 |     virtual bool compare(const CPHConstForceAction* v) const { return false; }
      |                  ^
/data/data/com.termux/files/home/xray-16/src/xrPhysics/PHReqComparer.h:27:18: note: hidden overloaded virtual function 'CPHReqComparerV::compare' declared here: type mismatch at 1st parameter ('const CPHLiquidParticlesPlayCall *' vs 'const luabind::object *')
   27 |     virtual bool compare(const CPHLiquidParticlesPlayCall* v) const { return false; }
      |                  ^
/data/data/com.termux/files/home/xray-16/src/xrPhysics/PHReqComparer.h:28:18: note: hidden overloaded virtual function 'CPHReqComparerV::compare' declared here: type mismatch at 1st parameter ('const CPHLiquidParticlesCondition *' vs 'const luabind::object *')
   28 |     virtual bool compare(const CPHLiquidParticlesCondition* v) const { return false; }
      |                  ^
/data/data/com.termux/files/home/xray-16/src/xrPhysics/PHReqComparer.h:29:18: note: hidden overloaded virtual function 'CPHReqComparerV::compare' declared here: type mismatch at 1st parameter ('const CPHFindLiquidParticlesComparer *' vs 'const luabind::object *')
   29 |     virtual bool compare(const CPHFindLiquidParticlesComparer* v) const { return false; }
      |                  ^
In file included from /data/data/com.termux/files/home/xray-16/src/xrPhysics/PHScriptCall.cpp:3:
/data/data/com.termux/files/home/xray-16/src/xrPhysics/PHScriptCall.h:63:18: warning: 'CPHScriptObjectCondition::compare' hides overloaded virtual functions [-Woverloaded-virtual]
   63 |     virtual bool compare(const CPHReqComparerV* v) const { return v->compare(this); }
      |                  ^
/data/data/com.termux/files/home/xray-16/src/xrPhysics/PHReqComparer.h:18:18: note: hidden overloaded virtual function 'CPHReqComparerV::compare' declared here: type mismatch at 1st parameter ('const CPHScriptCondition *' vs 'const CPHReqComparerV *')
   18 |     virtual bool compare(const CPHScriptCondition* v) const { return false; }
      |                  ^
/data/data/com.termux/files/home/xray-16/src/xrPhysics/PHReqComparer.h:19:18: note: hidden overloaded virtual function 'CPHReqComparerV::compare' declared here: type mismatch at 1st parameter ('const CPHScriptAction *' vs 'const CPHReqComparerV *')
   19 |     virtual bool compare(const CPHScriptAction* v) const { return false; }
      |                  ^
/data/data/com.termux/files/home/xray-16/src/xrPhysics/PHReqComparer.h:21:18: note: hidden overloaded virtual function 'CPHReqComparerV::compare' declared here: type mismatch at 1st parameter ('const CPHScriptObjectAction *' vs 'const CPHReqComparerV *')
   21 |     virtual bool compare(const CPHScriptObjectAction* v) const { return false; }
      |                  ^
/data/data/com.termux/files/home/xray-16/src/xrPhysics/PHReqComparer.h:22:18: note: hidden overloaded virtual function 'CPHReqComparerV::compare' declared here: type mismatch at 1st parameter ('const CPHScriptObjectConditionN *' vs 'const CPHReqComparerV *')
   22 |     virtual bool compare(const CPHScriptObjectConditionN* v) const { return false; }
      |                  ^
/data/data/com.termux/files/home/xray-16/src/xrPhysics/PHReqComparer.h:23:18: note: hidden overloaded virtual function 'CPHReqComparerV::compare' declared here: type mismatch at 1st parameter ('const CPHScriptObjectActionN *' vs 'const CPHReqComparerV *')
   23 |     virtual bool compare(const CPHScriptObjectActionN* v) const { return false; }
      |                  ^
/data/data/com.termux/files/home/xray-16/src/xrPhysics/PHReqComparer.h:24:18: note: hidden overloaded virtual function 'CPHReqComparerV::compare' declared here: type mismatch at 1st parameter ('const CPHScriptGameObjectAction *' vs 'const CPHReqComparerV *')
   24 |     virtual bool compare(const CPHScriptGameObjectAction* v) const { return false; }
      |                  ^
/data/data/com.termux/files/home/xray-16/src/xrPhysics/PHReqComparer.h:25:18: note: hidden overloaded virtual function 'CPHReqComparerV::compare' declared here: type mismatch at 1st parameter ('const CPHScriptGameObjectCondition *' vs 'const CPHReqComparerV *')
   25 |     virtual bool compare(const CPHScriptGameObjectCondition* v) const { return false; }
      |                  ^
/data/data/com.termux/files/home/xray-16/src/xrPhysics/PHReqComparer.h:26:18: note: hidden overloaded virtual function 'CPHReqComparerV::compare' declared here: type mismatch at 1st parameter ('const CPHConstForceAction *' vs 'const CPHReqComparerV *')
   26 |     virtual bool compare(const CPHConstForceAction* v) const { return false; }
      |                  ^
/data/data/com.termux/files/home/xray-16/src/xrPhysics/PHReqComparer.h:27:18: note: hidden overloaded virtual function 'CPHReqComparerV::compare' declared here: type mismatch at 1st parameter ('const CPHLiquidParticlesPlayCall *' vs 'const CPHReqComparerV *')
   27 |     virtual bool compare(const CPHLiquidParticlesPlayCall* v) const { return false; }
      |                  ^
/data/data/com.termux/files/home/xray-16/src/xrPhysics/PHReqComparer.h:28:18: note: hidden overloaded virtual function 'CPHReqComparerV::compare' declared here: type mismatch at 1st parameter ('const CPHLiquidParticlesCondition *' vs 'const CPHReqComparerV *')
   28 |     virtual bool compare(const CPHLiquidParticlesCondition* v) const { return false; }
      |                  ^
/data/data/com.termux/files/home/xray-16/src/xrPhysics/PHReqComparer.h:29:18: note: hidden overloaded virtual function 'CPHReqComparerV::compare' declared here: type mismatch at 1st parameter ('const CPHFindLiquidParticlesComparer *' vs 'const CPHReqComparerV *')
   29 |     virtual bool compare(const CPHFindLiquidParticlesComparer* v) const { return false; }
      |                  ^
In file included from /data/data/com.termux/files/home/xray-16/src/xrPhysics/PHScriptCall.cpp:3:
/data/data/com.termux/files/home/xray-16/src/xrPhysics/PHScriptCall.h:79:18: warning: 'CPHScriptObjectAction::compare' hides overloaded virtual functions [-Woverloaded-virtual]
   79 |     virtual bool compare(const luabind::object* v) const { return *m_lua_object == *v; }
      |                  ^
/data/data/com.termux/files/home/xray-16/src/xrPhysics/PHReqComparer.h:18:18: note: hidden overloaded virtual function 'CPHReqComparerV::compare' declared here: type mismatch at 1st parameter ('const CPHScriptCondition *' vs 'const luabind::object *')
   18 |     virtual bool compare(const CPHScriptCondition* v) const { return false; }
      |                  ^
/data/data/com.termux/files/home/xray-16/src/xrPhysics/PHReqComparer.h:19:18: note: hidden overloaded virtual function 'CPHReqComparerV::compare' declared here: type mismatch at 1st parameter ('const CPHScriptAction *' vs 'const luabind::object *')
   19 |     virtual bool compare(const CPHScriptAction* v) const { return false; }
      |                  ^
/data/data/com.termux/files/home/xray-16/src/xrPhysics/PHReqComparer.h:20:18: note: hidden overloaded virtual function 'CPHReqComparerV::compare' declared here: type mismatch at 1st parameter ('const CPHScriptObjectCondition *' vs 'const luabind::object *')
   20 |     virtual bool compare(const CPHScriptObjectCondition* v) const { return false; }
      |                  ^
/data/data/com.termux/files/home/xray-16/src/xrPhysics/PHReqComparer.h:22:18: note: hidden overloaded virtual function 'CPHReqComparerV::compare' declared here: type mismatch at 1st parameter ('const CPHScriptObjectConditionN *' vs 'const luabind::object *')
   22 |     virtual bool compare(const CPHScriptObjectConditionN* v) const { return false; }
      |                  ^
/data/data/com.termux/files/home/xray-16/src/xrPhysics/PHReqComparer.h:23:18: note: hidden overloaded virtual function 'CPHReqComparerV::compare' declared here: type mismatch at 1st parameter ('const CPHScriptObjectActionN *' vs 'const luabind::object *')
   23 |     virtual bool compare(const CPHScriptObjectActionN* v) const { return false; }
      |                  ^
/data/data/com.termux/files/home/xray-16/src/xrPhysics/PHReqComparer.h:24:18: note: hidden overloaded virtual function 'CPHReqComparerV::compare' declared here: type mismatch at 1st parameter ('const CPHScriptGameObjectAction *' vs 'const luabind::object *')
   24 |     virtual bool compare(const CPHScriptGameObjectAction* v) const { return false; }
      |                  ^
/data/data/com.termux/files/home/xray-16/src/xrPhysics/PHReqComparer.h:25:18: note: hidden overloaded virtual function 'CPHReqComparerV::compare' declared here: type mismatch at 1st parameter ('const CPHScriptGameObjectCondition *' vs 'const luabind::object *')
   25 |     virtual bool compare(const CPHScriptGameObjectCondition* v) const { return false; }
      |                  ^
/data/data/com.termux/files/home/xray-16/src/xrPhysics/PHReqComparer.h:26:18: note: hidden overloaded virtual function 'CPHReqComparerV::compare' declared here: type mismatch at 1st parameter ('const CPHConstForceAction *' vs 'const luabind::object *')
   26 |     virtual bool compare(const CPHConstForceAction* v) const { return false; }
      |                  ^
/data/data/com.termux/files/home/xray-16/src/xrPhysics/PHReqComparer.h:27:18: note: hidden overloaded virtual function 'CPHReqComparerV::compare' declared here: type mismatch at 1st parameter ('const CPHLiquidParticlesPlayCall *' vs 'const luabind::object *')
   27 |     virtual bool compare(const CPHLiquidParticlesPlayCall* v) const { return false; }
      |                  ^
/data/data/com.termux/files/home/xray-16/src/xrPhysics/PHReqComparer.h:28:18: note: hidden overloaded virtual function 'CPHReqComparerV::compare' declared here: type mismatch at 1st parameter ('const CPHLiquidParticlesCondition *' vs 'const luabind::object *')
   28 |     virtual bool compare(const CPHLiquidParticlesCondition* v) const { return false; }
      |                  ^
/data/data/com.termux/files/home/xray-16/src/xrPhysics/PHReqComparer.h:29:18: note: hidden overloaded virtual function 'CPHReqComparerV::compare' declared here: type mismatch at 1st parameter ('const CPHFindLiquidParticlesComparer *' vs 'const luabind::object *')
   29 |     virtual bool compare(const CPHFindLiquidParticlesComparer* v) const { return false; }
      |                  ^
In file included from /data/data/com.termux/files/home/xray-16/src/xrPhysics/PHScriptCall.cpp:3:
/data/data/com.termux/files/home/xray-16/src/xrPhysics/PHScriptCall.h:80:18: warning: 'CPHScriptObjectAction::compare' hides overloaded virtual functions [-Woverloaded-virtual]
   80 |     virtual bool compare(const CPHReqComparerV* v) const { return v->compare(this); }
      |                  ^
/data/data/com.termux/files/home/xray-16/src/xrPhysics/PHReqComparer.h:18:18: note: hidden overloaded virtual function 'CPHReqComparerV::compare' declared here: type mismatch at 1st parameter ('const CPHScriptCondition *' vs 'const CPHReqComparerV *')
   18 |     virtual bool compare(const CPHScriptCondition* v) const { return false; }
      |                  ^
/data/data/com.termux/files/home/xray-16/src/xrPhysics/PHReqComparer.h:19:18: note: hidden overloaded virtual function 'CPHReqComparerV::compare' declared here: type mismatch at 1st parameter ('const CPHScriptAction *' vs 'const CPHReqComparerV *')
   19 |     virtual bool compare(const CPHScriptAction* v) const { return false; }
      |                  ^
/data/data/com.termux/files/home/xray-16/src/xrPhysics/PHReqComparer.h:20:18: note: hidden overloaded virtual function 'CPHReqComparerV::compare' declared here: type mismatch at 1st parameter ('const CPHScriptObjectCondition *' vs 'const CPHReqComparerV *')
   20 |     virtual bool compare(const CPHScriptObjectCondition* v) const { return false; }
      |                  ^
/data/data/com.termux/files/home/xray-16/src/xrPhysics/PHReqComparer.h:22:18: note: hidden overloaded virtual function 'CPHReqComparerV::compare' declared here: type mismatch at 1st parameter ('const CPHScriptObjectConditionN *' vs 'const CPHReqComparerV *')
   22 |     virtual bool compare(const CPHScriptObjectConditionN* v) const { return false; }
      |                  ^
/data/data/com.termux/files/home/xray-16/src/xrPhysics/PHReqComparer.h:23:18: note: hidden overloaded virtual function 'CPHReqComparerV::compare' declared here: type mismatch at 1st parameter ('const CPHScriptObjectActionN *' vs 'const CPHReqComparerV *')
   23 |     virtual bool compare(const CPHScriptObjectActionN* v) const { return false; }
      |                  ^
/data/data/com.termux/files/home/xray-16/src/xrPhysics/PHReqComparer.h:24:18: note: hidden overloaded virtual function 'CPHReqComparerV::compare' declared here: type mismatch at 1st parameter ('const CPHScriptGameObjectAction *' vs 'const CPHReqComparerV *')
   24 |     virtual bool compare(const CPHScriptGameObjectAction* v) const { return false; }
      |                  ^
/data/data/com.termux/files/home/xray-16/src/xrPhysics/PHReqComparer.h:25:18: note: hidden overloaded virtual function 'CPHReqComparerV::compare' declared here: type mismatch at 1st parameter ('const CPHScriptGameObjectCondition *' vs 'const CPHReqComparerV *')
   25 |     virtual bool compare(const CPHScriptGameObjectCondition* v) const { return false; }
      |                  ^
/data/data/com.termux/files/home/xray-16/src/xrPhysics/PHReqComparer.h:26:18: note: hidden overloaded virtual function 'CPHReqComparerV::compare' declared here: type mismatch at 1st parameter ('const CPHConstForceAction *' vs 'const CPHReqComparerV *')
   26 |     virtual bool compare(const CPHConstForceAction* v) const { return false; }
      |                  ^
/data/data/com.termux/files/home/xray-16/src/xrPhysics/PHReqComparer.h:27:18: note: hidden overloaded virtual function 'CPHReqComparerV::compare' declared here: type mismatch at 1st parameter ('const CPHLiquidParticlesPlayCall *' vs 'const CPHReqComparerV *')
   27 |     virtual bool compare(const CPHLiquidParticlesPlayCall* v) const { return false; }
      |                  ^
/data/data/com.termux/files/home/xray-16/src/xrPhysics/PHReqComparer.h:28:18: note: hidden overloaded virtual function 'CPHReqComparerV::compare' declared here: type mismatch at 1st parameter ('const CPHLiquidParticlesCondition *' vs 'const CPHReqComparerV *')
   28 |     virtual bool compare(const CPHLiquidParticlesCondition* v) const { return false; }
      |                  ^
/data/data/com.termux/files/home/xray-16/src/xrPhysics/PHReqComparer.h:29:18: note: hidden overloaded virtual function 'CPHReqComparerV::compare' declared here: type mismatch at 1st parameter ('const CPHFindLiquidParticlesComparer *' vs 'const CPHReqComparerV *')
   29 |     virtual bool compare(const CPHFindLiquidParticlesComparer* v) const { return false; }
      |                  ^
In file included from /data/data/com.termux/files/home/xray-16/src/xrPhysics/PHScriptCall.cpp:3:
/data/data/com.termux/files/home/xray-16/src/xrPhysics/PHScriptCall.h:94:18: warning: 'CPHScriptObjectConditionN::compare' hides overloaded virtual functions [-Woverloaded-virtual]
   94 |     virtual bool compare(const luabind::object* v) const { return m_callback == (*v); }
      |                  ^
/data/data/com.termux/files/home/xray-16/src/xrPhysics/PHReqComparer.h:18:18: note: hidden overloaded virtual function 'CPHReqComparerV::compare' declared here: type mismatch at 1st parameter ('const CPHScriptCondition *' vs 'const luabind::object *')
   18 |     virtual bool compare(const CPHScriptCondition* v) const { return false; }
      |                  ^
/data/data/com.termux/files/home/xray-16/src/xrPhysics/PHReqComparer.h:19:18: note: hidden overloaded virtual function 'CPHReqComparerV::compare' declared here: type mismatch at 1st parameter ('const CPHScriptAction *' vs 'const luabind::object *')
   19 |     virtual bool compare(const CPHScriptAction* v) const { return false; }
      |                  ^
/data/data/com.termux/files/home/xray-16/src/xrPhysics/PHReqComparer.h:20:18: note: hidden overloaded virtual function 'CPHReqComparerV::compare' declared here: type mismatch at 1st parameter ('const CPHScriptObjectCondition *' vs 'const luabind::object *')
   20 |     virtual bool compare(const CPHScriptObjectCondition* v) const { return false; }
      |                  ^
/data/data/com.termux/files/home/xray-16/src/xrPhysics/PHReqComparer.h:21:18: note: hidden overloaded virtual function 'CPHReqComparerV::compare' declared here: type mismatch at 1st parameter ('const CPHScriptObjectAction *' vs 'const luabind::object *')
   21 |     virtual bool compare(const CPHScriptObjectAction* v) const { return false; }
      |                  ^
/data/data/com.termux/files/home/xray-16/src/xrPhysics/PHReqComparer.h:23:18: note: hidden overloaded virtual function 'CPHReqComparerV::compare' declared here: type mismatch at 1st parameter ('const CPHScriptObjectActionN *' vs 'const luabind::object *')
   23 |     virtual bool compare(const CPHScriptObjectActionN* v) const { return false; }
      |                  ^
/data/data/com.termux/files/home/xray-16/src/xrPhysics/PHReqComparer.h:24:18: note: hidden overloaded virtual function 'CPHReqComparerV::compare' declared here: type mismatch at 1st parameter ('const CPHScriptGameObjectAction *' vs 'const luabind::object *')
   24 |     virtual bool compare(const CPHScriptGameObjectAction* v) const { return false; }
      |                  ^
/data/data/com.termux/files/home/xray-16/src/xrPhysics/PHReqComparer.h:25:18: note: hidden overloaded virtual function 'CPHReqComparerV::compare' declared here: type mismatch at 1st parameter ('const CPHScriptGameObjectCondition *' vs 'const luabind::object *')
   25 |     virtual bool compare(const CPHScriptGameObjectCondition* v) const { return false; }
      |                  ^
/data/data/com.termux/files/home/xray-16/src/xrPhysics/PHReqComparer.h:26:18: note: hidden overloaded virtual function 'CPHReqComparerV::compare' declared here: type mismatch at 1st parameter ('const CPHConstForceAction *' vs 'const luabind::object *')
   26 |     virtual bool compare(const CPHConstForceAction* v) const { return false; }
      |                  ^
/data/data/com.termux/files/home/xray-16/src/xrPhysics/PHReqComparer.h:27:18: note: hidden overloaded virtual function 'CPHReqComparerV::compare' declared here: type mismatch at 1st parameter ('const CPHLiquidParticlesPlayCall *' vs 'const luabind::object *')
   27 |     virtual bool compare(const CPHLiquidParticlesPlayCall* v) const { return false; }
      |                  ^
/data/data/com.termux/files/home/xray-16/src/xrPhysics/PHReqComparer.h:28:18: note: hidden overloaded virtual function 'CPHReqComparerV::compare' declared here: type mismatch at 1st parameter ('const CPHLiquidParticlesCondition *' vs 'const luabind::object *')
   28 |     virtual bool compare(const CPHLiquidParticlesCondition* v) const { return false; }
      |                  ^
/data/data/com.termux/files/home/xray-16/src/xrPhysics/PHReqComparer.h:29:18: note: hidden overloaded virtual function 'CPHReqComparerV::compare' declared here: type mismatch at 1st parameter ('const CPHFindLiquidParticlesComparer *' vs 'const luabind::object *')
   29 |     virtual bool compare(const CPHFindLiquidParticlesComparer* v) const { return false; }
      |                  ^
In file included from /data/data/com.termux/files/home/xray-16/src/xrPhysics/PHScriptCall.cpp:3:
/data/data/com.termux/files/home/xray-16/src/xrPhysics/PHScriptCall.h:95:18: warning: 'CPHScriptObjectConditionN::compare' hides overloaded virtual functions [-Woverloaded-virtual]
   95 |     virtual bool compare(const CPHReqComparerV* v) const { return v->compare(this); }
      |                  ^
/data/data/com.termux/files/home/xray-16/src/xrPhysics/PHReqComparer.h:18:18: note: hidden overloaded virtual function 'CPHReqComparerV::compare' declared here: type mismatch at 1st parameter ('const CPHScriptCondition *' vs 'const CPHReqComparerV *')
   18 |     virtual bool compare(const CPHScriptCondition* v) const { return false; }
      |                  ^
/data/data/com.termux/files/home/xray-16/src/xrPhysics/PHReqComparer.h:19:18: note: hidden overloaded virtual function 'CPHReqComparerV::compare' declared here: type mismatch at 1st parameter ('const CPHScriptAction *' vs 'const CPHReqComparerV *')
   19 |     virtual bool compare(const CPHScriptAction* v) const { return false; }
      |                  ^
/data/data/com.termux/files/home/xray-16/src/xrPhysics/PHReqComparer.h:20:18: note: hidden overloaded virtual function 'CPHReqComparerV::compare' declared here: type mismatch at 1st parameter ('const CPHScriptObjectCondition *' vs 'const CPHReqComparerV *')
   20 |     virtual bool compare(const CPHScriptObjectCondition* v) const { return false; }
      |                  ^
/data/data/com.termux/files/home/xray-16/src/xrPhysics/PHReqComparer.h:21:18: note: hidden overloaded virtual function 'CPHReqComparerV::compare' declared here: type mismatch at 1st parameter ('const CPHScriptObjectAction *' vs 'const CPHReqComparerV *')
   21 |     virtual bool compare(const CPHScriptObjectAction* v) const { return false; }
      |                  ^
/data/data/com.termux/files/home/xray-16/src/xrPhysics/PHReqComparer.h:23:18: note: hidden overloaded virtual function 'CPHReqComparerV::compare' declared here: type mismatch at 1st parameter ('const CPHScriptObjectActionN *' vs 'const CPHReqComparerV *')
   23 |     virtual bool compare(const CPHScriptObjectActionN* v) const { return false; }
      |                  ^
/data/data/com.termux/files/home/xray-16/src/xrPhysics/PHReqComparer.h:24:18: note: hidden overloaded virtual function 'CPHReqComparerV::compare' declared here: type mismatch at 1st parameter ('const CPHScriptGameObjectAction *' vs 'const CPHReqComparerV *')
   24 |     virtual bool compare(const CPHScriptGameObjectAction* v) const { return false; }
      |                  ^
/data/data/com.termux/files/home/xray-16/src/xrPhysics/PHReqComparer.h:25:18: note: hidden overloaded virtual function 'CPHReqComparerV::compare' declared here: type mismatch at 1st parameter ('const CPHScriptGameObjectCondition *' vs 'const CPHReqComparerV *')
   25 |     virtual bool compare(const CPHScriptGameObjectCondition* v) const { return false; }
      |                  ^
/data/data/com.termux/files/home/xray-16/src/xrPhysics/PHReqComparer.h:26:18: note: hidden overloaded virtual function 'CPHReqComparerV::compare' declared here: type mismatch at 1st parameter ('const CPHConstForceAction *' vs 'const CPHReqComparerV *')
   26 |     virtual bool compare(const CPHConstForceAction* v) const { return false; }
      |                  ^
/data/data/com.termux/files/home/xray-16/src/xrPhysics/PHReqComparer.h:27:18: note: hidden overloaded virtual function 'CPHReqComparerV::compare' declared here: type mismatch at 1st parameter ('const CPHLiquidParticlesPlayCall *' vs 'const CPHReqComparerV *')
   27 |     virtual bool compare(const CPHLiquidParticlesPlayCall* v) const { return false; }
      |                  ^
/data/data/com.termux/files/home/xray-16/src/xrPhysics/PHReqComparer.h:28:18: note: hidden overloaded virtual function 'CPHReqComparerV::compare' declared here: type mismatch at 1st parameter ('const CPHLiquidParticlesCondition *' vs 'const CPHReqComparerV *')
   28 |     virtual bool compare(const CPHLiquidParticlesCondition* v) const { return false; }
      |                  ^
/data/data/com.termux/files/home/xray-16/src/xrPhysics/PHReqComparer.h:29:18: note: hidden overloaded virtual function 'CPHReqComparerV::compare' declared here: type mismatch at 1st parameter ('const CPHFindLiquidParticlesComparer *' vs 'const CPHReqComparerV *')
   29 |     virtual bool compare(const CPHFindLiquidParticlesComparer* v) const { return false; }
      |                  ^
In file included from /data/data/com.termux/files/home/xray-16/src/xrPhysics/PHScriptCall.cpp:3:
/data/data/com.termux/files/home/xray-16/src/xrPhysics/PHScriptCall.h:109:18: warning: 'CPHScriptObjectActionN::compare' hides overloaded virtual functions [-Woverloaded-virtual]
  109 |     virtual bool compare(const luabind::object* v) const { return m_callback == *v; }
      |                  ^
/data/data/com.termux/files/home/xray-16/src/xrPhysics/PHReqComparer.h:18:18: note: hidden overloaded virtual function 'CPHReqComparerV::compare' declared here: type mismatch at 1st parameter ('const CPHScriptCondition *' vs 'const luabind::object *')
   18 |     virtual bool compare(const CPHScriptCondition* v) const { return false; }
      |                  ^
/data/data/com.termux/files/home/xray-16/src/xrPhysics/PHReqComparer.h:19:18: note: hidden overloaded virtual function 'CPHReqComparerV::compare' declared here: type mismatch at 1st parameter ('const CPHScriptAction *' vs 'const luabind::object *')
   19 |     virtual bool compare(const CPHScriptAction* v) const { return false; }
      |                  ^
/data/data/com.termux/files/home/xray-16/src/xrPhysics/PHReqComparer.h:20:18: note: hidden overloaded virtual function 'CPHReqComparerV::compare' declared here: type mismatch at 1st parameter ('const CPHScriptObjectCondition *' vs 'const luabind::object *')
   20 |     virtual bool compare(const CPHScriptObjectCondition* v) const { return false; }
      |                  ^
/data/data/com.termux/files/home/xray-16/src/xrPhysics/PHReqComparer.h:21:18: note: hidden overloaded virtual function 'CPHReqComparerV::compare' declared here: type mismatch at 1st parameter ('const CPHScriptObjectAction *' vs 'const luabind::object *')
   21 |     virtual bool compare(const CPHScriptObjectAction* v) const { return false; }
      |                  ^
/data/data/com.termux/files/home/xray-16/src/xrPhysics/PHReqComparer.h:22:18: note: hidden overloaded virtual function 'CPHReqComparerV::compare' declared here: type mismatch at 1st parameter ('const CPHScriptObjectConditionN *' vs 'const luabind::object *')
   22 |     virtual bool compare(const CPHScriptObjectConditionN* v) const { return false; }
      |                  ^
/data/data/com.termux/files/home/xray-16/src/xrPhysics/PHReqComparer.h:24:18: note: hidden overloaded virtual function 'CPHReqComparerV::compare' declared here: type mismatch at 1st parameter ('const CPHScriptGameObjectAction *' vs 'const luabind::object *')
   24 |     virtual bool compare(const CPHScriptGameObjectAction* v) const { return false; }
      |                  ^
/data/data/com.termux/files/home/xray-16/src/xrPhysics/PHReqComparer.h:25:18: note: hidden overloaded virtual function 'CPHReqComparerV::compare' declared here: type mismatch at 1st parameter ('const CPHScriptGameObjectCondition *' vs 'const luabind::object *')
   25 |     virtual bool compare(const CPHScriptGameObjectCondition* v) const { return false; }
      |                  ^
/data/data/com.termux/files/home/xray-16/src/xrPhysics/PHReqComparer.h:26:18: note: hidden overloaded virtual function 'CPHReqComparerV::compare' declared here: type mismatch at 1st parameter ('const CPHConstForceAction *' vs 'const luabind::object *')
   26 |     virtual bool compare(const CPHConstForceAction* v) const { return false; }
      |                  ^
/data/data/com.termux/files/home/xray-16/src/xrPhysics/PHReqComparer.h:27:18: note: hidden overloaded virtual function 'CPHReqComparerV::compare' declared here: type mismatch at 1st parameter ('const CPHLiquidParticlesPlayCall *' vs 'const luabind::object *')
   27 |     virtual bool compare(const CPHLiquidParticlesPlayCall* v) const { return false; }
      |                  ^
/data/data/com.termux/files/home/xray-16/src/xrPhysics/PHReqComparer.h:28:18: note: hidden overloaded virtual function 'CPHReqComparerV::compare' declared here: type mismatch at 1st parameter ('const CPHLiquidParticlesCondition *' vs 'const luabind::object *')
   28 |     virtual bool compare(const CPHLiquidParticlesCondition* v) const { return false; }
      |                  ^
/data/data/com.termux/files/home/xray-16/src/xrPhysics/PHReqComparer.h:29:18: note: hidden overloaded virtual function 'CPHReqComparerV::compare' declared here: type mismatch at 1st parameter ('const CPHFindLiquidParticlesComparer *' vs 'const luabind::object *')
   29 |     virtual bool compare(const CPHFindLiquidParticlesComparer* v) const { return false; }
      |                  ^
In file included from /data/data/com.termux/files/home/xray-16/src/xrPhysics/PHScriptCall.cpp:3:
/data/data/com.termux/files/home/xray-16/src/xrPhysics/PHScriptCall.h:110:18: warning: 'CPHScriptObjectActionN::compare' hides overloaded virtual functions [-Woverloaded-virtual]
  110 |     virtual bool compare(const CPHReqComparerV* v) const { return v->compare(this); }
      |                  ^
/data/data/com.termux/files/home/xray-16/src/xrPhysics/PHReqComparer.h:18:18: note: hidden overloaded virtual function 'CPHReqComparerV::compare' declared here: type mismatch at 1st parameter ('const CPHScriptCondition *' vs 'const CPHReqComparerV *')
   18 |     virtual bool compare(const CPHScriptCondition* v) const { return false; }
      |                  ^
/data/data/com.termux/files/home/xray-16/src/xrPhysics/PHReqComparer.h:19:18: note: hidden overloaded virtual function 'CPHReqComparerV::compare' declared here: type mismatch at 1st parameter ('const CPHScriptAction *' vs 'const CPHReqComparerV *')
   19 |     virtual bool compare(const CPHScriptAction* v) const { return false; }
      |                  ^
/data/data/com.termux/files/home/xray-16/src/xrPhysics/PHReqComparer.h:20:18: note: hidden overloaded virtual function 'CPHReqComparerV::compare' declared here: type mismatch at 1st parameter ('const CPHScriptObjectCondition *' vs 'const CPHReqComparerV *')
   20 |     virtual bool compare(const CPHScriptObjectCondition* v) const { return false; }
      |                  ^
/data/data/com.termux/files/home/xray-16/src/xrPhysics/PHReqComparer.h:21:18: note: hidden overloaded virtual function 'CPHReqComparerV::compare' declared here: type mismatch at 1st parameter ('const CPHScriptObjectAction *' vs 'const CPHReqComparerV *')
   21 |     virtual bool compare(const CPHScriptObjectAction* v) const { return false; }
      |                  ^
/data/data/com.termux/files/home/xray-16/src/xrPhysics/PHReqComparer.h:22:18: note: hidden overloaded virtual function 'CPHReqComparerV::compare' declared here: type mismatch at 1st parameter ('const CPHScriptObjectConditionN *' vs 'const CPHReqComparerV *')
   22 |     virtual bool compare(const CPHScriptObjectConditionN* v) const { return false; }
      |                  ^
/data/data/com.termux/files/home/xray-16/src/xrPhysics/PHReqComparer.h:24:18: note: hidden overloaded virtual function 'CPHReqComparerV::compare' declared here: type mismatch at 1st parameter ('const CPHScriptGameObjectAction *' vs 'const CPHReqComparerV *')
   24 |     virtual bool compare(const CPHScriptGameObjectAction* v) const { return false; }
      |                  ^
/data/data/com.termux/files/home/xray-16/src/xrPhysics/PHReqComparer.h:25:18: note: hidden overloaded virtual function 'CPHReqComparerV::compare' declared here: type mismatch at 1st parameter ('const CPHScriptGameObjectCondition *' vs 'const CPHReqComparerV *')
   25 |     virtual bool compare(const CPHScriptGameObjectCondition* v) const { return false; }
      |                  ^
/data/data/com.termux/files/home/xray-16/src/xrPhysics/PHReqComparer.h:26:18: note: hidden overloaded virtual function 'CPHReqComparerV::compare' declared here: type mismatch at 1st parameter ('const CPHConstForceAction *' vs 'const CPHReqComparerV *')
   26 |     virtual bool compare(const CPHConstForceAction* v) const { return false; }
      |                  ^
/data/data/com.termux/files/home/xray-16/src/xrPhysics/PHReqComparer.h:27:18: note: hidden overloaded virtual function 'CPHReqComparerV::compare' declared here: type mismatch at 1st parameter ('const CPHLiquidParticlesPlayCall *' vs 'const CPHReqComparerV *')
   27 |     virtual bool compare(const CPHLiquidParticlesPlayCall* v) const { return false; }
      |                  ^
/data/data/com.termux/files/home/xray-16/src/xrPhysics/PHReqComparer.h:28:18: note: hidden overloaded virtual function 'CPHReqComparerV::compare' declared here: type mismatch at 1st parameter ('const CPHLiquidParticlesCondition *' vs 'const CPHReqComparerV *')
   28 |     virtual bool compare(const CPHLiquidParticlesCondition* v) const { return false; }
      |                  ^
/data/data/com.termux/files/home/xray-16/src/xrPhysics/PHReqComparer.h:29:18: note: hidden overloaded virtual function 'CPHReqComparerV::compare' declared here: type mismatch at 1st parameter ('const CPHFindLiquidParticlesComparer *' vs 'const CPHReqComparerV *')
   29 |     virtual bool compare(const CPHFindLiquidParticlesComparer* v) const { return false; }
      |                  ^
In file included from /data/data/com.termux/files/home/xray-16/src/xrPhysics/PHScriptCall.cpp:3:
/data/data/com.termux/files/home/xray-16/src/xrPhysics/PHScriptCall.h:132:18: warning: 'CPHScriptGameObjectCondition::compare' hides overloaded virtual functions [-Woverloaded-virtual]
  132 |     virtual bool compare(const IGameObject* v) const { return m_obj->ID() == v->ID(); }
      |                  ^
/data/data/com.termux/files/home/xray-16/src/xrPhysics/PHScriptCall.h:94:18: note: hidden overloaded virtual function 'CPHScriptObjectConditionN::compare' declared here: type mismatch at 1st parameter ('const luabind::object *' vs 'const IGameObject *')
   94 |     virtual bool compare(const luabind::object* v) const { return m_callback == (*v); }
      |                  ^
/data/data/com.termux/files/home/xray-16/src/xrPhysics/PHScriptCall.h:96:18: note: hidden overloaded virtual function 'CPHScriptObjectConditionN::compare' declared here: type mismatch at 1st parameter ('const CPHScriptObjectConditionN *' vs 'const IGameObject *')
   96 |     virtual bool compare(const CPHScriptObjectConditionN* v) const { return m_callback == v->m_callback; }
      |                  ^
/data/data/com.termux/files/home/xray-16/src/xrPhysics/PHScriptCall.h:148:18: warning: 'CPHScriptGameObjectAction::compare' hides overloaded virtual functions [-Woverloaded-virtual]
  148 |     virtual bool compare(const IGameObject* v) const { return m_obj->ID() == v->ID(); }
      |                  ^
/data/data/com.termux/files/home/xray-16/src/xrPhysics/PHScriptCall.h:109:18: note: hidden overloaded virtual function 'CPHScriptObjectActionN::compare' declared here: type mismatch at 1st parameter ('const luabind::object *' vs 'const IGameObject *')
  109 |     virtual bool compare(const luabind::object* v) const { return m_callback == *v; }
      |                  ^
/data/data/com.termux/files/home/xray-16/src/xrPhysics/PHScriptCall.h:111:18: note: hidden overloaded virtual function 'CPHScriptObjectActionN::compare' declared here: type mismatch at 1st parameter ('const CPHScriptObjectActionN *' vs 'const IGameObject *')
  111 |     virtual bool compare(const CPHScriptObjectActionN* v) const { return m_callback == v->m_callback; }
      |                  ^
12 warnings generated.
[535/1826] Building CXX object src/xrPhysics/CMakeFiles/xrPhysics.dir/PHSimpleCallsScript.cpp.o
In file included from /data/data/com.termux/files/home/xray-16/src/xrPhysics/PHSimpleCallsScript.cpp:3:
/data/data/com.termux/files/home/xray-16/src/xrPhysics/PHSimpleCalls.h:51:18: warning: 'CPHShellBasedAction::compare' hides overloaded virtual function [-Woverloaded-virtual]
   51 |     virtual bool compare(const CPhysicsShell* shl) const { return shl == m_shell; }
      |                  ^
/data/data/com.termux/files/home/xray-16/src/xrPhysics/PHCommander.h:15:18: note: hidden overloaded virtual function 'CPHReqBase::compare' declared here: type mismatch at 1st parameter ('const CPHReqComparerV *' vs 'const CPhysicsShell *')
   15 |     virtual bool compare(const CPHReqComparerV* v) const { return false; };
      |                  ^
In file included from /data/data/com.termux/files/home/xray-16/src/xrPhysics/PHSimpleCallsScript.cpp:4:
In file included from /data/data/com.termux/files/home/xray-16/src/xrPhysics/PhysicsShell.h:4:
In file included from /data/data/com.termux/files/home/xray-16/src/xrEngine/IPhysicsShell.h:3:
In file included from /data/data/com.termux/files/home/xray-16/src/xrCore/vector.h:27:
/data/data/com.termux/files/home/xray-16/src/xrCore/_matrix33.h:148:13: warning: variable 'nrot' set but not used [-Wunused-but-set-variable]
  148 |         int nrot;
      |             ^
2 warnings generated.
[536/1826] Building CXX object src/xrPhysics/CMakeFiles/xrPhysics.dir/MovementBoxDynamicActivate.cpp.o
In file included from /data/data/com.termux/files/home/xray-16/src/xrPhysics/MovementBoxDynamicActivate.cpp:5:
In file included from /data/data/com.termux/files/home/xray-16/src/xrPhysics/ExtendedGeom.h:3:
In file included from /data/data/com.termux/files/home/xray-16/src/xrPhysics/PHObject.h:5:
In file included from /data/data/com.termux/files/home/xray-16/src/xrPhysics/PHIsland.h:12:
In file included from /data/data/com.termux/files/home/xray-16/src/xrPhysics/PhysicsCommon.h:4:
In file included from /data/data/com.termux/files/home/xray-16/src/xrPhysics/PhysicsExternalCommon.h:6:
In file included from /data/data/com.termux/files/home/xray-16/src/xrPhysics/MathUtils.h:5:
In file included from /data/data/com.termux/files/home/xray-16/src/xrCore/_obb.h:3:
/data/data/com.termux/files/home/xray-16/src/xrCore/_matrix33.h:148:13: warning: variable 'nrot' set but not used [-Wunused-but-set-variable]
  148 |         int nrot;
      |             ^
In file included from /data/data/com.termux/files/home/xray-16/src/xrPhysics/MovementBoxDynamicActivate.cpp:11:
In file included from /data/data/com.termux/files/home/xray-16/src/xrPhysics/PHCharacter.h:7:
/data/data/com.termux/files/home/xray-16/src/xrPhysics/PHDisabling.h:87:18: warning: 'CPHDisablingRotational::set_DisableParams' hides overloaded virtual function [-Woverloaded-virtual]
   87 |     virtual void set_DisableParams(const SAllDDOParams& params);
      |                  ^
/data/data/com.termux/files/home/xray-16/src/xrPhysics/PHDisabling.h:62:18: note: hidden overloaded virtual function 'CPHDisablingBase::set_DisableParams' declared here: type mismatch at 1st parameter ('const SOneDDOParams &' vs 'const SAllDDOParams &')
   62 |     virtual void set_DisableParams(const SOneDDOParams& params);
      |                  ^
/data/data/com.termux/files/home/xray-16/src/xrPhysics/PHDisabling.h:96:18: warning: 'CPHDisablingTranslational::set_DisableParams' hides overloaded virtual function [-Woverloaded-virtual]
   96 |     virtual void set_DisableParams(const SAllDDOParams& params);
      |                  ^
/data/data/com.termux/files/home/xray-16/src/xrPhysics/PHDisabling.h:62:18: note: hidden overloaded virtual function 'CPHDisablingBase::set_DisableParams' declared here: type mismatch at 1st parameter ('const SOneDDOParams &' vs 'const SAllDDOParams &')
   62 |     virtual void set_DisableParams(const SOneDDOParams& params);
      |                  ^
3 warnings generated.
[537/1826] Building CXX object src/xrPhysics/CMakeFiles/xrPhysics.dir/PHSimpleCalls.cpp.o
In file included from /data/data/com.termux/files/home/xray-16/src/xrPhysics/PHSimpleCalls.cpp:3:
In file included from /data/data/com.termux/files/home/xray-16/src/xrPhysics/PhysicsShell.h:4:
In file included from /data/data/com.termux/files/home/xray-16/src/xrEngine/IPhysicsShell.h:3:
In file included from /data/data/com.termux/files/home/xray-16/src/xrCore/vector.h:27:
/data/data/com.termux/files/home/xray-16/src/xrCore/_matrix33.h:148:13: warning: variable 'nrot' set but not used [-Wunused-but-set-variable]
  148 |         int nrot;
      |             ^
In file included from /data/data/com.termux/files/home/xray-16/src/xrPhysics/PHSimpleCalls.cpp:4:
/data/data/com.termux/files/home/xray-16/src/xrPhysics/PHSimpleCalls.h:51:18: warning: 'CPHShellBasedAction::compare' hides overloaded virtual function [-Woverloaded-virtual]
   51 |     virtual bool compare(const CPhysicsShell* shl) const { return shl == m_shell; }
      |                  ^
/data/data/com.termux/files/home/xray-16/src/xrPhysics/PHCommander.h:15:18: note: hidden overloaded virtual function 'CPHReqBase::compare' declared here: type mismatch at 1st parameter ('const CPHReqComparerV *' vs 'const CPhysicsShell *')
   15 |     virtual bool compare(const CPHReqComparerV* v) const { return false; };
      |                  ^
2 warnings generated.
[538/1826] Building CXX object src/xrPhysics/CMakeFiles/xrPhysics.dir/PHActorCharacter.cpp.o
In file included from /data/data/com.termux/files/home/xray-16/src/xrPhysics/PHActorCharacter.cpp:2:
In file included from /data/data/com.termux/files/home/xray-16/src/xrPhysics/PHActorCharacter.h:2:
In file included from /data/data/com.termux/files/home/xray-16/src/xrPhysics/PHSimpleCharacter.h:2:
In file included from /data/data/com.termux/files/home/xray-16/src/xrPhysics/PHCharacter.h:3:
In file included from /data/data/com.termux/files/home/xray-16/src/xrPhysics/PHObject.h:5:
In file included from /data/data/com.termux/files/home/xray-16/src/xrPhysics/PHIsland.h:12:
In file included from /data/data/com.termux/files/home/xray-16/src/xrPhysics/PhysicsCommon.h:4:
In file included from /data/data/com.termux/files/home/xray-16/src/xrPhysics/PhysicsExternalCommon.h:6:
In file included from /data/data/com.termux/files/home/xray-16/src/xrPhysics/MathUtils.h:5:
In file included from /data/data/com.termux/files/home/xray-16/src/xrCore/_obb.h:3:
/data/data/com.termux/files/home/xray-16/src/xrCore/_matrix33.h:148:13: warning: variable 'nrot' set but not used [-Wunused-but-set-variable]
  148 |         int nrot;
      |             ^
In file included from /data/data/com.termux/files/home/xray-16/src/xrPhysics/PHActorCharacter.cpp:2:
In file included from /data/data/com.termux/files/home/xray-16/src/xrPhysics/PHActorCharacter.h:2:
In file included from /data/data/com.termux/files/home/xray-16/src/xrPhysics/PHSimpleCharacter.h:2:
In file included from /data/data/com.termux/files/home/xray-16/src/xrPhysics/PHCharacter.h:7:
/data/data/com.termux/files/home/xray-16/src/xrPhysics/PHDisabling.h:87:18: warning: 'CPHDisablingRotational::set_DisableParams' hides overloaded virtual function [-Woverloaded-virtual]
   87 |     virtual void set_DisableParams(const SAllDDOParams& params);
      |                  ^
/data/data/com.termux/files/home/xray-16/src/xrPhysics/PHDisabling.h:62:18: note: hidden overloaded virtual function 'CPHDisablingBase::set_DisableParams' declared here: type mismatch at 1st parameter ('const SOneDDOParams &' vs 'const SAllDDOParams &')
   62 |     virtual void set_DisableParams(const SOneDDOParams& params);
      |                  ^
/data/data/com.termux/files/home/xray-16/src/xrPhysics/PHDisabling.h:96:18: warning: 'CPHDisablingTranslational::set_DisableParams' hides overloaded virtual function [-Woverloaded-virtual]
   96 |     virtual void set_DisableParams(const SAllDDOParams& params);
      |                  ^
/data/data/com.termux/files/home/xray-16/src/xrPhysics/PHDisabling.h:62:18: note: hidden overloaded virtual function 'CPHDisablingBase::set_DisableParams' declared here: type mismatch at 1st parameter ('const SOneDDOParams &' vs 'const SAllDDOParams &')
   62 |     virtual void set_DisableParams(const SOneDDOParams& params);
      |                  ^
In file included from /data/data/com.termux/files/home/xray-16/src/xrPhysics/PHActorCharacter.cpp:2:
/data/data/com.termux/files/home/xray-16/src/xrPhysics/PHActorCharacter.h:100:11: warning: private field 'm_speed_goal' is not used [-Wunused-private-field]
  100 |     float m_speed_goal;
      |           ^
4 warnings generated.
[539/1826] Building CXX object src/xrPhysics/CMakeFiles/xrPhysics.dir/PHCharacter.cpp.o
In file included from /data/data/com.termux/files/home/xray-16/src/xrPhysics/PHCharacter.cpp:3:
In file included from /data/data/com.termux/files/home/xray-16/src/xrPhysics/PHCharacter.h:3:
In file included from /data/data/com.termux/files/home/xray-16/src/xrPhysics/PHObject.h:5:
In file included from /data/data/com.termux/files/home/xray-16/src/xrPhysics/PHIsland.h:12:
In file included from /data/data/com.termux/files/home/xray-16/src/xrPhysics/PhysicsCommon.h:4:
In file included from /data/data/com.termux/files/home/xray-16/src/xrPhysics/PhysicsExternalCommon.h:6:
In file included from /data/data/com.termux/files/home/xray-16/src/xrPhysics/MathUtils.h:5:
In file included from /data/data/com.termux/files/home/xray-16/src/xrCore/_obb.h:3:
/data/data/com.termux/files/home/xray-16/src/xrCore/_matrix33.h:148:13: warning: variable 'nrot' set but not used [-Wunused-but-set-variable]
  148 |         int nrot;
      |             ^
In file included from /data/data/com.termux/files/home/xray-16/src/xrPhysics/PHCharacter.cpp:3:
In file included from /data/data/com.termux/files/home/xray-16/src/xrPhysics/PHCharacter.h:7:
/data/data/com.termux/files/home/xray-16/src/xrPhysics/PHDisabling.h:87:18: warning: 'CPHDisablingRotational::set_DisableParams' hides overloaded virtual function [-Woverloaded-virtual]
   87 |     virtual void set_DisableParams(const SAllDDOParams& params);
      |                  ^
/data/data/com.termux/files/home/xray-16/src/xrPhysics/PHDisabling.h:62:18: note: hidden overloaded virtual function 'CPHDisablingBase::set_DisableParams' declared here: type mismatch at 1st parameter ('const SOneDDOParams &' vs 'const SAllDDOParams &')
   62 |     virtual void set_DisableParams(const SOneDDOParams& params);
      |                  ^
/data/data/com.termux/files/home/xray-16/src/xrPhysics/PHDisabling.h:96:18: warning: 'CPHDisablingTranslational::set_DisableParams' hides overloaded virtual function [-Woverloaded-virtual]
   96 |     virtual void set_DisableParams(const SAllDDOParams& params);
      |                  ^
/data/data/com.termux/files/home/xray-16/src/xrPhysics/PHDisabling.h:62:18: note: hidden overloaded virtual function 'CPHDisablingBase::set_DisableParams' declared here: type mismatch at 1st parameter ('const SOneDDOParams &' vs 'const SAllDDOParams &')
   62 |     virtual void set_DisableParams(const SOneDDOParams& params);
      |                  ^
3 warnings generated.
[540/1826] Building CXX object src/xrPhysics/CMakeFiles/xrPhysics.dir/PHObject.cpp.o
In file included from /data/data/com.termux/files/home/xray-16/src/xrPhysics/PHObject.cpp:5:
In file included from /data/data/com.termux/files/home/xray-16/src/xrPhysics/Physics.h:4:
In file included from /data/data/com.termux/files/home/xray-16/src/xrPhysics/PhysicsShell.h:4:
In file included from /data/data/com.termux/files/home/xray-16/src/xrEngine/IPhysicsShell.h:3:
In file included from /data/data/com.termux/files/home/xray-16/src/xrCore/vector.h:27:
/data/data/com.termux/files/home/xray-16/src/xrCore/_matrix33.h:148:13: warning: variable 'nrot' set but not used [-Wunused-but-set-variable]
  148 |         int nrot;
      |             ^
In file included from /data/data/com.termux/files/home/xray-16/src/xrPhysics/PHObject.cpp:8:
In file included from /data/data/com.termux/files/home/xray-16/src/xrPhysics/PHMoveStorage.h:3:
In file included from /data/data/com.termux/files/home/xray-16/src/xrPhysics/PHGeometryOwner.h:3:
/data/data/com.termux/files/home/xray-16/src/xrPhysics/Geometry.h:67:8: warning: 'const' type qualifier on return type has no effect [-Wignored-qualifiers]
   67 |     IC const dGeomID geom() const { return dGeomTransformGetGeom(m_geom_transform); }
      |        ^~~~~
/data/data/com.termux/files/home/xray-16/src/xrPhysics/Geometry.h:68:8: warning: 'const' type qualifier on return type has no effect [-Wignored-qualifiers]
   68 |     IC const dGeomID geometry_transform() const { return m_geom_transform; }
      |        ^~~~~
/data/data/com.termux/files/home/xray-16/src/xrPhysics/Geometry.h:69:8: warning: 'const' type qualifier on return type has no effect [-Wignored-qualifiers]
   69 |     IC const dGeomID geometry() const { return m_geom_transform ? (geom() ? geom() : m_geom_transform) : NULL; }
      |        ^~~~~
/data/data/com.termux/files/home/xray-16/src/xrPhysics/Geometry.h:70:8: warning: 'const' type qualifier on return type has no effect [-Wignored-qualifiers]
   70 |     IC const dGeomID geometry_bt() const
      |        ^~~~~
5 warnings generated.
[541/1826] Building CXX object src/xrPhysics/CMakeFiles/xrPhysics.dir/PHAICharacter.cpp.o
In file included from /data/data/com.termux/files/home/xray-16/src/xrPhysics/PHAICharacter.cpp:3:
In file included from /data/data/com.termux/files/home/xray-16/src/xrPhysics/PHDynamicData.h:8:
In file included from /data/data/com.termux/files/home/xray-16/src/xrPhysics/MathUtilsOde.h:14:
In file included from /data/data/com.termux/files/home/xray-16/src/xrPhysics/MathUtils.h:5:
In file included from /data/data/com.termux/files/home/xray-16/src/xrCore/_obb.h:3:
/data/data/com.termux/files/home/xray-16/src/xrCore/_matrix33.h:148:13: warning: variable 'nrot' set but not used [-Wunused-but-set-variable]
  148 |         int nrot;
      |             ^
In file included from /data/data/com.termux/files/home/xray-16/src/xrPhysics/PHAICharacter.cpp:9:
In file included from /data/data/com.termux/files/home/xray-16/src/xrPhysics/PHAICharacter.h:2:
In file included from /data/data/com.termux/files/home/xray-16/src/xrPhysics/PHSimpleCharacter.h:2:
In file included from /data/data/com.termux/files/home/xray-16/src/xrPhysics/PHCharacter.h:7:
/data/data/com.termux/files/home/xray-16/src/xrPhysics/PHDisabling.h:87:18: warning: 'CPHDisablingRotational::set_DisableParams' hides overloaded virtual function [-Woverloaded-virtual]
   87 |     virtual void set_DisableParams(const SAllDDOParams& params);
      |                  ^
/data/data/com.termux/files/home/xray-16/src/xrPhysics/PHDisabling.h:62:18: note: hidden overloaded virtual function 'CPHDisablingBase::set_DisableParams' declared here: type mismatch at 1st parameter ('const SOneDDOParams &' vs 'const SAllDDOParams &')
   62 |     virtual void set_DisableParams(const SOneDDOParams& params);
      |                  ^
/data/data/com.termux/files/home/xray-16/src/xrPhysics/PHDisabling.h:96:18: warning: 'CPHDisablingTranslational::set_DisableParams' hides overloaded virtual function [-Woverloaded-virtual]
   96 |     virtual void set_DisableParams(const SAllDDOParams& params);
      |                  ^
/data/data/com.termux/files/home/xray-16/src/xrPhysics/PHDisabling.h:62:18: note: hidden overloaded virtual function 'CPHDisablingBase::set_DisableParams' declared here: type mismatch at 1st parameter ('const SOneDDOParams &' vs 'const SAllDDOParams &')
   62 |     virtual void set_DisableParams(const SOneDDOParams& params);
      |                  ^
3 warnings generated.
[542/1826] Building CXX object src/xrPhysics/CMakeFiles/xrPhysics.dir/PHShellActivate.cpp.o
In file included from /data/data/com.termux/files/home/xray-16/src/xrPhysics/PHShellActivate.cpp:2:
In file included from /data/data/com.termux/files/home/xray-16/src/xrPhysics/PHDynamicData.h:8:
In file included from /data/data/com.termux/files/home/xray-16/src/xrPhysics/MathUtilsOde.h:14:
In file included from /data/data/com.termux/files/home/xray-16/src/xrPhysics/MathUtils.h:5:
In file included from /data/data/com.termux/files/home/xray-16/src/xrCore/_obb.h:3:
/data/data/com.termux/files/home/xray-16/src/xrCore/_matrix33.h:148:13: warning: variable 'nrot' set but not used [-Wunused-but-set-variable]
  148 |         int nrot;
      |             ^
In file included from /data/data/com.termux/files/home/xray-16/src/xrPhysics/PHShellActivate.cpp:11:
In file included from /data/data/com.termux/files/home/xray-16/src/xrPhysics/PhysicsShellAnimator.h:4:
In file included from /data/data/com.termux/files/home/xray-16/src/xrPhysics/PhysicsShellAnimatorBoneData.h:3:
In file included from /data/data/com.termux/files/home/xray-16/src/xrPhysics/PHShell.h:4:
In file included from /data/data/com.termux/files/home/xray-16/src/xrPhysics/PHElement.h:7:
/data/data/com.termux/files/home/xray-16/src/xrPhysics/Geometry.h:67:8: warning: 'const' type qualifier on return type has no effect [-Wignored-qualifiers]
   67 |     IC const dGeomID geom() const { return dGeomTransformGetGeom(m_geom_transform); }
      |        ^~~~~
/data/data/com.termux/files/home/xray-16/src/xrPhysics/Geometry.h:68:8: warning: 'const' type qualifier on return type has no effect [-Wignored-qualifiers]
   68 |     IC const dGeomID geometry_transform() const { return m_geom_transform; }
      |        ^~~~~
/data/data/com.termux/files/home/xray-16/src/xrPhysics/Geometry.h:69:8: warning: 'const' type qualifier on return type has no effect [-Wignored-qualifiers]
   69 |     IC const dGeomID geometry() const { return m_geom_transform ? (geom() ? geom() : m_geom_transform) : NULL; }
      |        ^~~~~
/data/data/com.termux/files/home/xray-16/src/xrPhysics/Geometry.h:70:8: warning: 'const' type qualifier on return type has no effect [-Wignored-qualifiers]
   70 |     IC const dGeomID geometry_bt() const
      |        ^~~~~
In file included from /data/data/com.termux/files/home/xray-16/src/xrPhysics/PHShellActivate.cpp:11:
In file included from /data/data/com.termux/files/home/xray-16/src/xrPhysics/PhysicsShellAnimator.h:4:
In file included from /data/data/com.termux/files/home/xray-16/src/xrPhysics/PhysicsShellAnimatorBoneData.h:3:
In file included from /data/data/com.termux/files/home/xray-16/src/xrPhysics/PHShell.h:4:
In file included from /data/data/com.termux/files/home/xray-16/src/xrPhysics/PHElement.h:10:
/data/data/com.termux/files/home/xray-16/src/xrPhysics/PHDisabling.h:87:18: warning: 'CPHDisablingRotational::set_DisableParams' hides overloaded virtual function [-Woverloaded-virtual]
   87 |     virtual void set_DisableParams(const SAllDDOParams& params);
      |                  ^
/data/data/com.termux/files/home/xray-16/src/xrPhysics/PHDisabling.h:62:18: note: hidden overloaded virtual function 'CPHDisablingBase::set_DisableParams' declared here: type mismatch at 1st parameter ('const SOneDDOParams &' vs 'const SAllDDOParams &')
   62 |     virtual void set_DisableParams(const SOneDDOParams& params);
      |                  ^
/data/data/com.termux/files/home/xray-16/src/xrPhysics/PHDisabling.h:96:18: warning: 'CPHDisablingTranslational::set_DisableParams' hides overloaded virtual function [-Woverloaded-virtual]
   96 |     virtual void set_DisableParams(const SAllDDOParams& params);
      |                  ^
/data/data/com.termux/files/home/xray-16/src/xrPhysics/PHDisabling.h:62:18: note: hidden overloaded virtual function 'CPHDisablingBase::set_DisableParams' declared here: type mismatch at 1st parameter ('const SOneDDOParams &' vs 'const SAllDDOParams &')
   62 |     virtual void set_DisableParams(const SOneDDOParams& params);
      |                  ^
In file included from /data/data/com.termux/files/home/xray-16/src/xrPhysics/PHShellActivate.cpp:11:
In file included from /data/data/com.termux/files/home/xray-16/src/xrPhysics/PhysicsShellAnimator.h:4:
In file included from /data/data/com.termux/files/home/xray-16/src/xrPhysics/PhysicsShellAnimatorBoneData.h:3:
In file included from /data/data/com.termux/files/home/xray-16/src/xrPhysics/PHShell.h:4:
/data/data/com.termux/files/home/xray-16/src/xrPhysics/PHElement.h:248:13: warning: 'const' type qualifier on return type has no effect [-Wignored-qualifiers]
  248 |     virtual const dBodyID get_bodyConst() const { return m_body; } // aux
      |             ^~~~~
8 warnings generated.
[543/1826] Building CXX object src/xrPhysics/CMakeFiles/xrPhysics.dir/PHSimpleCharacter.cpp.o
In file included from /data/data/com.termux/files/home/xray-16/src/xrPhysics/PHSimpleCharacter.cpp:3:
In file included from /data/data/com.termux/files/home/xray-16/src/xrPhysics/PHDynamicData.h:8:
In file included from /data/data/com.termux/files/home/xray-16/src/xrPhysics/MathUtilsOde.h:14:
In file included from /data/data/com.termux/files/home/xray-16/src/xrPhysics/MathUtils.h:5:
In file included from /data/data/com.termux/files/home/xray-16/src/xrCore/_obb.h:3:
/data/data/com.termux/files/home/xray-16/src/xrCore/_matrix33.h:148:13: warning: variable 'nrot' set but not used [-Wunused-but-set-variable]
  148 |         int nrot;
      |             ^
In file included from /data/data/com.termux/files/home/xray-16/src/xrPhysics/PHSimpleCharacter.cpp:8:
In file included from /data/data/com.termux/files/home/xray-16/src/xrPhysics/PHSimpleCharacter.h:2:
In file included from /data/data/com.termux/files/home/xray-16/src/xrPhysics/PHCharacter.h:7:
/data/data/com.termux/files/home/xray-16/src/xrPhysics/PHDisabling.h:87:18: warning: 'CPHDisablingRotational::set_DisableParams' hides overloaded virtual function [-Woverloaded-virtual]
   87 |     virtual void set_DisableParams(const SAllDDOParams& params);
      |                  ^
/data/data/com.termux/files/home/xray-16/src/xrPhysics/PHDisabling.h:62:18: note: hidden overloaded virtual function 'CPHDisablingBase::set_DisableParams' declared here: type mismatch at 1st parameter ('const SOneDDOParams &' vs 'const SAllDDOParams &')
   62 |     virtual void set_DisableParams(const SOneDDOParams& params);
      |                  ^
/data/data/com.termux/files/home/xray-16/src/xrPhysics/PHDisabling.h:96:18: warning: 'CPHDisablingTranslational::set_DisableParams' hides overloaded virtual function [-Woverloaded-virtual]
   96 |     virtual void set_DisableParams(const SAllDDOParams& params);
      |                  ^
/data/data/com.termux/files/home/xray-16/src/xrPhysics/PHDisabling.h:62:18: note: hidden overloaded virtual function 'CPHDisablingBase::set_DisableParams' declared here: type mismatch at 1st parameter ('const SOneDDOParams &' vs 'const SAllDDOParams &')
   62 |     virtual void set_DisableParams(const SOneDDOParams& params);
      |                  ^
In file included from /data/data/com.termux/files/home/xray-16/src/xrPhysics/PHSimpleCharacter.cpp:21:
In file included from /data/data/com.termux/files/home/xray-16/src/xrPhysics/CalculateTriangle.h:6:
/data/data/com.termux/files/home/xray-16/src/xrPhysics/Geometry.h:67:8: warning: 'const' type qualifier on return type has no effect [-Wignored-qualifiers]
   67 |     IC const dGeomID geom() const { return dGeomTransformGetGeom(m_geom_transform); }
      |        ^~~~~
/data/data/com.termux/files/home/xray-16/src/xrPhysics/Geometry.h:68:8: warning: 'const' type qualifier on return type has no effect [-Wignored-qualifiers]
   68 |     IC const dGeomID geometry_transform() const { return m_geom_transform; }
      |        ^~~~~
/data/data/com.termux/files/home/xray-16/src/xrPhysics/Geometry.h:69:8: warning: 'const' type qualifier on return type has no effect [-Wignored-qualifiers]
   69 |     IC const dGeomID geometry() const { return m_geom_transform ? (geom() ? geom() : m_geom_transform) : NULL; }
      |        ^~~~~
/data/data/com.termux/files/home/xray-16/src/xrPhysics/Geometry.h:70:8: warning: 'const' type qualifier on return type has no effect [-Wignored-qualifiers]
   70 |     IC const dGeomID geometry_bt() const
      |        ^~~~~
In file included from /data/data/com.termux/files/home/xray-16/src/xrPhysics/PHSimpleCharacter.cpp:25:
/data/data/com.termux/files/home/xray-16/src/xrCore/Animation/Bone.hpp:329:13: warning: virtual method '~CBone' is inside a 'final' class and can never be overridden [-Wunnecessary-virtual-specifier]
  329 |     virtual ~CBone() = default;
      |             ^
/data/data/com.termux/files/home/xray-16/src/xrCore/Animation/Bone.hpp:462:13: warning: virtual method '~CBoneData' is inside a 'final' class and can never be overridden [-Wunnecessary-virtual-specifier]
  462 |     virtual ~CBoneData() = default;
      |             ^
/data/data/com.termux/files/home/xray-16/src/xrCore/Animation/Bone.hpp:491:20: warning: virtual method 'mem_usage' is inside a 'final' class and can never be overridden [-Wunnecessary-virtual-specifier]
  491 |     virtual size_t mem_usage()
      |                    ^
/data/data/com.termux/files/home/xray-16/src/xrPhysics/PHSimpleCharacter.cpp:61:15: warning: variable 'sd' set but not used [-Wunused-but-set-variable]
   61 |         float sd, abs_sd, sg_sd;
      |               ^
11 warnings generated.
[544/1826] Building CXX object src/xrPhysics/CMakeFiles/xrPhysics.dir/ElevatorState.cpp.o
In file included from /data/data/com.termux/files/home/xray-16/src/xrPhysics/ElevatorState.cpp:4:
In file included from /data/data/com.termux/files/home/xray-16/src/xrPhysics/PHCharacter.h:3:
In file included from /data/data/com.termux/files/home/xray-16/src/xrPhysics/PHObject.h:5:
In file included from /data/data/com.termux/files/home/xray-16/src/xrPhysics/PHIsland.h:12:
In file included from /data/data/com.termux/files/home/xray-16/src/xrPhysics/PhysicsCommon.h:4:
In file included from /data/data/com.termux/files/home/xray-16/src/xrPhysics/PhysicsExternalCommon.h:6:
In file included from /data/data/com.termux/files/home/xray-16/src/xrPhysics/MathUtils.h:5:
In file included from /data/data/com.termux/files/home/xray-16/src/xrCore/_obb.h:3:
/data/data/com.termux/files/home/xray-16/src/xrCore/_matrix33.h:148:13: warning: variable 'nrot' set but not used [-Wunused-but-set-variable]
  148 |         int nrot;
      |             ^
In file included from /data/data/com.termux/files/home/xray-16/src/xrPhysics/ElevatorState.cpp:4:
In file included from /data/data/com.termux/files/home/xray-16/src/xrPhysics/PHCharacter.h:7:
/data/data/com.termux/files/home/xray-16/src/xrPhysics/PHDisabling.h:87:18: warning: 'CPHDisablingRotational::set_DisableParams' hides overloaded virtual function [-Woverloaded-virtual]
   87 |     virtual void set_DisableParams(const SAllDDOParams& params);
      |                  ^
/data/data/com.termux/files/home/xray-16/src/xrPhysics/PHDisabling.h:62:18: note: hidden overloaded virtual function 'CPHDisablingBase::set_DisableParams' declared here: type mismatch at 1st parameter ('const SOneDDOParams &' vs 'const SAllDDOParams &')
   62 |     virtual void set_DisableParams(const SOneDDOParams& params);
      |                  ^
/data/data/com.termux/files/home/xray-16/src/xrPhysics/PHDisabling.h:96:18: warning: 'CPHDisablingTranslational::set_DisableParams' hides overloaded virtual function [-Woverloaded-virtual]
   96 |     virtual void set_DisableParams(const SAllDDOParams& params);
      |                  ^
/data/data/com.termux/files/home/xray-16/src/xrPhysics/PHDisabling.h:62:18: note: hidden overloaded virtual function 'CPHDisablingBase::set_DisableParams' declared here: type mismatch at 1st parameter ('const SOneDDOParams &' vs 'const SAllDDOParams &')
   62 |     virtual void set_DisableParams(const SOneDDOParams& params);
      |                  ^
3 warnings generated.
[545/1826] Building CXX object src/xrPhysics/CMakeFiles/xrPhysics.dir/PHShellNetState.cpp.o
In file included from /data/data/com.termux/files/home/xray-16/src/xrPhysics/PHShellNetState.cpp:2:
In file included from /data/data/com.termux/files/home/xray-16/src/xrPhysics/PhysicsShell.h:4:
In file included from /data/data/com.termux/files/home/xray-16/src/xrEngine/IPhysicsShell.h:3:
In file included from /data/data/com.termux/files/home/xray-16/src/xrCore/vector.h:27:
/data/data/com.termux/files/home/xray-16/src/xrCore/_matrix33.h:148:13: warning: variable 'nrot' set but not used [-Wunused-but-set-variable]
  148 |         int nrot;
      |             ^
In file included from /data/data/com.termux/files/home/xray-16/src/xrPhysics/PHShellNetState.cpp:6:
In file included from /data/data/com.termux/files/home/xray-16/src/xrPhysics/PHShell.h:4:
In file included from /data/data/com.termux/files/home/xray-16/src/xrPhysics/PHElement.h:7:
/data/data/com.termux/files/home/xray-16/src/xrPhysics/Geometry.h:67:8: warning: 'const' type qualifier on return type has no effect [-Wignored-qualifiers]
   67 |     IC const dGeomID geom() const { return dGeomTransformGetGeom(m_geom_transform); }
      |        ^~~~~
/data/data/com.termux/files/home/xray-16/src/xrPhysics/Geometry.h:68:8: warning: 'const' type qualifier on return type has no effect [-Wignored-qualifiers]
   68 |     IC const dGeomID geometry_transform() const { return m_geom_transform; }
      |        ^~~~~
/data/data/com.termux/files/home/xray-16/src/xrPhysics/Geometry.h:69:8: warning: 'const' type qualifier on return type has no effect [-Wignored-qualifiers]
   69 |     IC const dGeomID geometry() const { return m_geom_transform ? (geom() ? geom() : m_geom_transform) : NULL; }
      |        ^~~~~
/data/data/com.termux/files/home/xray-16/src/xrPhysics/Geometry.h:70:8: warning: 'const' type qualifier on return type has no effect [-Wignored-qualifiers]
   70 |     IC const dGeomID geometry_bt() const
      |        ^~~~~
In file included from /data/data/com.termux/files/home/xray-16/src/xrPhysics/PHShellNetState.cpp:6:
In file included from /data/data/com.termux/files/home/xray-16/src/xrPhysics/PHShell.h:4:
In file included from /data/data/com.termux/files/home/xray-16/src/xrPhysics/PHElement.h:10:
/data/data/com.termux/files/home/xray-16/src/xrPhysics/PHDisabling.h:87:18: warning: 'CPHDisablingRotational::set_DisableParams' hides overloaded virtual function [-Woverloaded-virtual]
   87 |     virtual void set_DisableParams(const SAllDDOParams& params);
      |                  ^
/data/data/com.termux/files/home/xray-16/src/xrPhysics/PHDisabling.h:62:18: note: hidden overloaded virtual function 'CPHDisablingBase::set_DisableParams' declared here: type mismatch at 1st parameter ('const SOneDDOParams &' vs 'const SAllDDOParams &')
   62 |     virtual void set_DisableParams(const SOneDDOParams& params);
      |                  ^
/data/data/com.termux/files/home/xray-16/src/xrPhysics/PHDisabling.h:96:18: warning: 'CPHDisablingTranslational::set_DisableParams' hides overloaded virtual function [-Woverloaded-virtual]
   96 |     virtual void set_DisableParams(const SAllDDOParams& params);
      |                  ^
/data/data/com.termux/files/home/xray-16/src/xrPhysics/PHDisabling.h:62:18: note: hidden overloaded virtual function 'CPHDisablingBase::set_DisableParams' declared here: type mismatch at 1st parameter ('const SOneDDOParams &' vs 'const SAllDDOParams &')
   62 |     virtual void set_DisableParams(const SOneDDOParams& params);
      |                  ^
In file included from /data/data/com.termux/files/home/xray-16/src/xrPhysics/PHShellNetState.cpp:6:
In file included from /data/data/com.termux/files/home/xray-16/src/xrPhysics/PHShell.h:4:
/data/data/com.termux/files/home/xray-16/src/xrPhysics/PHElement.h:248:13: warning: 'const' type qualifier on return type has no effect [-Wignored-qualifiers]
  248 |     virtual const dBodyID get_bodyConst() const { return m_body; } // aux
      |             ^~~~~
8 warnings generated.
[546/1826] Building CXX object src/xrPhysics/CMakeFiles/xrPhysics.dir/phvalide.cpp.o
In file included from /data/data/com.termux/files/home/xray-16/src/xrPhysics/phvalide.cpp:4:
In file included from /data/data/com.termux/files/home/xray-16/src/xrPhysics/MathUtils.h:5:
In file included from /data/data/com.termux/files/home/xray-16/src/xrCore/_obb.h:3:
/data/data/com.termux/files/home/xray-16/src/xrCore/_matrix33.h:148:13: warning: variable 'nrot' set but not used [-Wunused-but-set-variable]
  148 |         int nrot;
      |             ^
1 warning generated.
[547/1826] Building CXX object src/xrPhysics/CMakeFiles/xrPhysics.dir/PHShell.cpp.o
In file included from /data/data/com.termux/files/home/xray-16/src/xrPhysics/PHShell.cpp:4:
In file included from /data/data/com.termux/files/home/xray-16/src/xrPhysics/PHDynamicData.h:8:
In file included from /data/data/com.termux/files/home/xray-16/src/xrPhysics/MathUtilsOde.h:14:
In file included from /data/data/com.termux/files/home/xray-16/src/xrPhysics/MathUtils.h:5:
In file included from /data/data/com.termux/files/home/xray-16/src/xrCore/_obb.h:3:
/data/data/com.termux/files/home/xray-16/src/xrCore/_matrix33.h:148:13: warning: variable 'nrot' set but not used [-Wunused-but-set-variable]
  148 |         int nrot;
      |             ^
In file included from /data/data/com.termux/files/home/xray-16/src/xrPhysics/PHShell.cpp:15:
/data/data/com.termux/files/home/xray-16/src/xrCore/Animation/Bone.hpp:329:13: warning: virtual method '~CBone' is inside a 'final' class and can never be overridden [-Wunnecessary-virtual-specifier]
  329 |     virtual ~CBone() = default;
      |             ^
/data/data/com.termux/files/home/xray-16/src/xrCore/Animation/Bone.hpp:462:13: warning: virtual method '~CBoneData' is inside a 'final' class and can never be overridden [-Wunnecessary-virtual-specifier]
  462 |     virtual ~CBoneData() = default;
      |             ^
/data/data/com.termux/files/home/xray-16/src/xrCore/Animation/Bone.hpp:491:20: warning: virtual method 'mem_usage' is inside a 'final' class and can never be overridden [-Wunnecessary-virtual-specifier]
  491 |     virtual size_t mem_usage()
      |                    ^
In file included from /data/data/com.termux/files/home/xray-16/src/xrPhysics/PHShell.cpp:18:
In file included from /data/data/com.termux/files/home/xray-16/src/xrPhysics/PHElement.h:7:
/data/data/com.termux/files/home/xray-16/src/xrPhysics/Geometry.h:67:8: warning: 'const' type qualifier on return type has no effect [-Wignored-qualifiers]
   67 |     IC const dGeomID geom() const { return dGeomTransformGetGeom(m_geom_transform); }
      |        ^~~~~
/data/data/com.termux/files/home/xray-16/src/xrPhysics/Geometry.h:68:8: warning: 'const' type qualifier on return type has no effect [-Wignored-qualifiers]
   68 |     IC const dGeomID geometry_transform() const { return m_geom_transform; }
      |        ^~~~~
/data/data/com.termux/files/home/xray-16/src/xrPhysics/Geometry.h:69:8: warning: 'const' type qualifier on return type has no effect [-Wignored-qualifiers]
   69 |     IC const dGeomID geometry() const { return m_geom_transform ? (geom() ? geom() : m_geom_transform) : NULL; }
      |        ^~~~~
/data/data/com.termux/files/home/xray-16/src/xrPhysics/Geometry.h:70:8: warning: 'const' type qualifier on return type has no effect [-Wignored-qualifiers]
   70 |     IC const dGeomID geometry_bt() const
      |        ^~~~~
In file included from /data/data/com.termux/files/home/xray-16/src/xrPhysics/PHShell.cpp:18:
In file included from /data/data/com.termux/files/home/xray-16/src/xrPhysics/PHElement.h:10:
/data/data/com.termux/files/home/xray-16/src/xrPhysics/PHDisabling.h:87:18: warning: 'CPHDisablingRotational::set_DisableParams' hides overloaded virtual function [-Woverloaded-virtual]
   87 |     virtual void set_DisableParams(const SAllDDOParams& params);
      |                  ^
/data/data/com.termux/files/home/xray-16/src/xrPhysics/PHDisabling.h:62:18: note: hidden overloaded virtual function 'CPHDisablingBase::set_DisableParams' declared here: type mismatch at 1st parameter ('const SOneDDOParams &' vs 'const SAllDDOParams &')
   62 |     virtual void set_DisableParams(const SOneDDOParams& params);
      |                  ^
/data/data/com.termux/files/home/xray-16/src/xrPhysics/PHDisabling.h:96:18: warning: 'CPHDisablingTranslational::set_DisableParams' hides overloaded virtual function [-Woverloaded-virtual]
   96 |     virtual void set_DisableParams(const SAllDDOParams& params);
      |                  ^
/data/data/com.termux/files/home/xray-16/src/xrPhysics/PHDisabling.h:62:18: note: hidden overloaded virtual function 'CPHDisablingBase::set_DisableParams' declared here: type mismatch at 1st parameter ('const SOneDDOParams &' vs 'const SAllDDOParams &')
   62 |     virtual void set_DisableParams(const SOneDDOParams& params);
      |                  ^
In file included from /data/data/com.termux/files/home/xray-16/src/xrPhysics/PHShell.cpp:18:
/data/data/com.termux/files/home/xray-16/src/xrPhysics/PHElement.h:248:13: warning: 'const' type qualifier on return type has no effect [-Wignored-qualifiers]
  248 |     virtual const dBodyID get_bodyConst() const { return m_body; } // aux
      |             ^~~~~
11 warnings generated.
[548/1826] Building CXX object src/xrPhysics/CMakeFiles/xrPhysics.dir/PHCaptureInit.cpp.o
In file included from /data/data/com.termux/files/home/xray-16/src/xrPhysics/PHCaptureInit.cpp:3:
In file included from /data/data/com.termux/files/home/xray-16/src/xrPhysics/PHCharacter.h:3:
In file included from /data/data/com.termux/files/home/xray-16/src/xrPhysics/PHObject.h:5:
In file included from /data/data/com.termux/files/home/xray-16/src/xrPhysics/PHIsland.h:12:
In file included from /data/data/com.termux/files/home/xray-16/src/xrPhysics/PhysicsCommon.h:4:
In file included from /data/data/com.termux/files/home/xray-16/src/xrPhysics/PhysicsExternalCommon.h:6:
In file included from /data/data/com.termux/files/home/xray-16/src/xrPhysics/MathUtils.h:5:
In file included from /data/data/com.termux/files/home/xray-16/src/xrCore/_obb.h:3:
/data/data/com.termux/files/home/xray-16/src/xrCore/_matrix33.h:148:13: warning: variable 'nrot' set but not used [-Wunused-but-set-variable]
  148 |         int nrot;
      |             ^
In file included from /data/data/com.termux/files/home/xray-16/src/xrPhysics/PHCaptureInit.cpp:3:
In file included from /data/data/com.termux/files/home/xray-16/src/xrPhysics/PHCharacter.h:7:
/data/data/com.termux/files/home/xray-16/src/xrPhysics/PHDisabling.h:87:18: warning: 'CPHDisablingRotational::set_DisableParams' hides overloaded virtual function [-Woverloaded-virtual]
   87 |     virtual void set_DisableParams(const SAllDDOParams& params);
      |                  ^
/data/data/com.termux/files/home/xray-16/src/xrPhysics/PHDisabling.h:62:18: note: hidden overloaded virtual function 'CPHDisablingBase::set_DisableParams' declared here: type mismatch at 1st parameter ('const SOneDDOParams &' vs 'const SAllDDOParams &')
   62 |     virtual void set_DisableParams(const SOneDDOParams& params);
      |                  ^
/data/data/com.termux/files/home/xray-16/src/xrPhysics/PHDisabling.h:96:18: warning: 'CPHDisablingTranslational::set_DisableParams' hides overloaded virtual function [-Woverloaded-virtual]
   96 |     virtual void set_DisableParams(const SAllDDOParams& params);
      |                  ^
/data/data/com.termux/files/home/xray-16/src/xrPhysics/PHDisabling.h:62:18: note: hidden overloaded virtual function 'CPHDisablingBase::set_DisableParams' declared here: type mismatch at 1st parameter ('const SOneDDOParams &' vs 'const SAllDDOParams &')
   62 |     virtual void set_DisableParams(const SOneDDOParams& params);
      |                  ^
In file included from /data/data/com.termux/files/home/xray-16/src/xrPhysics/PHCaptureInit.cpp:11:
/data/data/com.termux/files/home/xray-16/src/xrCore/Animation/Bone.hpp:329:13: warning: virtual method '~CBone' is inside a 'final' class and can never be overridden [-Wunnecessary-virtual-specifier]
  329 |     virtual ~CBone() = default;
      |             ^
/data/data/com.termux/files/home/xray-16/src/xrCore/Animation/Bone.hpp:462:13: warning: virtual method '~CBoneData' is inside a 'final' class and can never be overridden [-Wunnecessary-virtual-specifier]
  462 |     virtual ~CBoneData() = default;
      |             ^
/data/data/com.termux/files/home/xray-16/src/xrCore/Animation/Bone.hpp:491:20: warning: virtual method 'mem_usage' is inside a 'final' class and can never be overridden [-Wunnecessary-virtual-specifier]
  491 |     virtual size_t mem_usage()
      |                    ^
/data/data/com.termux/files/home/xray-16/src/xrPhysics/PHCaptureInit.cpp:92:38: warning: initializer order does not match the declaration order [-Wreorder-ctor]
   92 |     : m_joint(NULL), m_ajoint(NULL), m_body(NULL), m_taget_object(a_taget_object), m_character(a_character),
      |       ~~~~~~~~~~~~~  ~~~~~~~~~~~~~~  ^~~~~~~~~~~~  ~~~~~~~~~~~~~~~~~~~~~~~~~~~~~~  ~~~~~~~~~~~~~~~~~~~~~~~~
      |       m_character(a_character) m_taget_element(0) m_taget_object(a_taget_object) m_joint(NULL) m_ajoint(NULL)
   93 |       b_disabled(false), b_character_feedback(false), e_state(cstFree),
      |       ~~~~~~~~~~~~~~~~~  ~~~~~~~~~~~~~~~~~~~~~~~~~~~  ~~~~~~~~~~~~~~~~
      |       m_capture_pos(Fvector().set(0, 0, 0)) m_back_force(0) m_pull_force(0)
   94 |       ///////////////////////////////////////////////////////////////
   95 |       m_taget_element(0),
      |       ~~~~~~~~~~~~~~~~~~
      |       m_capture_force(0)
   96 |       // dJointFeedback         m_joint_feedback;                                                               ,
   97 |       m_capture_pos(Fvector().set(0, 0, 0)), m_back_force(0), m_pull_force(0), m_capture_force(0),
      |       ~~~~~~~~~~~~~~~~~~~~~~~~~~~~~~~~~~~~~  ~~~~~~~~~~~~~~~  ~~~~~~~~~~~~~~~  ~~~~~~~~~~~~~~~~~~
      |       m_capture_distance(0)                  m_capture_time(0)m_time_start(0)  m_capture_bone(0)
   98 |       m_capture_distance(0), m_capture_time(0), m_time_start(0), m_capture_bone(0),
      |       ~~~~~~~~~~~~~~~~~~~~~  ~~~~~~~~~~~~~~~~~  ~~~~~~~~~~~~~~~  ~~~~~~~~~~~~~~~~~
      |       m_body(NULL)           b_collide(false)   b_disabled(false)b_character_feedback(false)
   99 |       // CPHIsland                      m_island;
  100 |       b_collide(false)
      |       ~~~~~~~~~~~~~~~~
      |       e_state(cstFree)
/data/data/com.termux/files/home/xray-16/src/xrPhysics/PHCaptureInit.cpp:92:38: note: field 'm_body' will be initialized after field 'm_taget_object'
   92 |     : m_joint(NULL), m_ajoint(NULL), m_body(NULL), m_taget_object(a_taget_object), m_character(a_character),
      |                                      ^~~~~~~~~~~~
/data/data/com.termux/files/home/xray-16/src/xrPhysics/PHCaptureInit.cpp:92:52: note: field 'm_taget_object' will be initialized after field 'm_character'
   92 |     : m_joint(NULL), m_ajoint(NULL), m_body(NULL), m_taget_object(a_taget_object), m_character(a_character),
      |                                                    ^~~~~~~~~~~~~~~~~~~~~~~~~~~~~~
/data/data/com.termux/files/home/xray-16/src/xrPhysics/PHCaptureInit.cpp:93:55: note: field 'e_state' will be initialized after field 'm_taget_element'
   93 |       b_disabled(false), b_character_feedback(false), e_state(cstFree),
      |                                                       ^~~~~~~~~~~~~~~~
/data/data/com.termux/files/home/xray-16/src/xrPhysics/PHCaptureInit.cpp:119:71: warning: initializer order does not match the declaration order [-Wreorder-ctor]
  119 |     : m_joint(NULL), m_ajoint(NULL), m_body(NULL), b_disabled(false), b_character_feedback(false),
      |       ~~~~~~~~~~~~~  ~~~~~~~~~~~~~~  ~~~~~~~~~~~~  ~~~~~~~~~~~~~~~~~  ^~~~~~~~~~~~~~~~~~~~~~~~~~~
      |       m_character(a_character) m_taget_element(0) m_taget_object(a_taget_object) m_joint(NULL) m_ajoint(NULL)
  120 |       m_taget_object(a_taget_object), m_character(a_character), e_state(cstFree),
      |       ~~~~~~~~~~~~~~~~~~~~~~~~~~~~~~  ~~~~~~~~~~~~~~~~~~~~~~~~  ~~~~~~~~~~~~~~~~
      |       m_capture_pos(Fvector().set(0, 0, 0)) m_back_force(0)     m_pull_force(0)
  121 | 
  122 |       ///////////////////////////////////////////////////////////////
  123 |       m_taget_element(0),
      |       ~~~~~~~~~~~~~~~~~~
      |       m_capture_force(0)
  124 |       // dJointFeedback         m_joint_feedback;                                                               ,
  125 |       m_capture_pos(Fvector().set(0, 0, 0)), m_back_force(0), m_pull_force(0), m_capture_force(0),
      |       ~~~~~~~~~~~~~~~~~~~~~~~~~~~~~~~~~~~~~  ~~~~~~~~~~~~~~~  ~~~~~~~~~~~~~~~  ~~~~~~~~~~~~~~~~~~
      |       m_capture_distance(0)                  m_capture_time(0)m_time_start(0)  m_capture_bone(0)
  126 |       m_capture_distance(0), m_capture_time(0), m_time_start(0), m_capture_bone(0),
      |       ~~~~~~~~~~~~~~~~~~~~~  ~~~~~~~~~~~~~~~~~  ~~~~~~~~~~~~~~~  ~~~~~~~~~~~~~~~~~
      |       m_body(NULL)           b_collide(false)   b_disabled(false)b_character_feedback(false)
  127 |       // CPHIsland                      m_island;
  128 |       b_collide(false)
      |       ~~~~~~~~~~~~~~~~
      |       e_state(cstFree)
/data/data/com.termux/files/home/xray-16/src/xrPhysics/PHCaptureInit.cpp:119:71: note: field 'b_character_feedback' will be initialized after field 'm_taget_object'
  119 |     : m_joint(NULL), m_ajoint(NULL), m_body(NULL), b_disabled(false), b_character_feedback(false),
      |                                                                       ^~~~~~~~~~~~~~~~~~~~~~~~~~~
/data/data/com.termux/files/home/xray-16/src/xrPhysics/PHCaptureInit.cpp:120:7: note: field 'm_taget_object' will be initialized after field 'm_character'
  120 |       m_taget_object(a_taget_object), m_character(a_character), e_state(cstFree),
      |       ^~~~~~~~~~~~~~~~~~~~~~~~~~~~~~
/data/data/com.termux/files/home/xray-16/src/xrPhysics/PHCaptureInit.cpp:120:65: note: field 'e_state' will be initialized after field 'm_taget_element'
  120 |       m_taget_object(a_taget_object), m_character(a_character), e_state(cstFree),
      |                                                                 ^~~~~~~~~~~~~~~~
In file included from /data/data/com.termux/files/home/xray-16/src/xrPhysics/PHCaptureInit.cpp:251:
In file included from /data/data/com.termux/files/home/xray-16/src/xrPhysics/PHElement.h:7:
/data/data/com.termux/files/home/xray-16/src/xrPhysics/Geometry.h:67:8: warning: 'const' type qualifier on return type has no effect [-Wignored-qualifiers]
   67 |     IC const dGeomID geom() const { return dGeomTransformGetGeom(m_geom_transform); }
      |        ^~~~~
/data/data/com.termux/files/home/xray-16/src/xrPhysics/Geometry.h:68:8: warning: 'const' type qualifier on return type has no effect [-Wignored-qualifiers]
   68 |     IC const dGeomID geometry_transform() const { return m_geom_transform; }
      |        ^~~~~
/data/data/com.termux/files/home/xray-16/src/xrPhysics/Geometry.h:69:8: warning: 'const' type qualifier on return type has no effect [-Wignored-qualifiers]
   69 |     IC const dGeomID geometry() const { return m_geom_transform ? (geom() ? geom() : m_geom_transform) : NULL; }
      |        ^~~~~
/data/data/com.termux/files/home/xray-16/src/xrPhysics/Geometry.h:70:8: warning: 'const' type qualifier on return type has no effect [-Wignored-qualifiers]
   70 |     IC const dGeomID geometry_bt() const
      |        ^~~~~
In file included from /data/data/com.termux/files/home/xray-16/src/xrPhysics/PHCaptureInit.cpp:251:
/data/data/com.termux/files/home/xray-16/src/xrPhysics/PHElement.h:248:13: warning: 'const' type qualifier on return type has no effect [-Wignored-qualifiers]
  248 |     virtual const dBodyID get_bodyConst() const { return m_body; } // aux
      |             ^~~~~
13 warnings generated.
[549/1826] Building CXX object src/xrPhysics/CMakeFiles/xrPhysics.dir/PHStaticGeomShell.cpp.o
In file included from /data/data/com.termux/files/home/xray-16/src/xrPhysics/PHStaticGeomShell.cpp:2:
In file included from /data/data/com.termux/files/home/xray-16/src/xrPhysics/PHStaticGeomShell.h:3:
In file included from /data/data/com.termux/files/home/xray-16/src/xrPhysics/PHGeometryOwner.h:3:
In file included from /data/data/com.termux/files/home/xray-16/src/xrPhysics/Geometry.h:3:
In file included from /data/data/com.termux/files/home/xray-16/src/xrPhysics/PhysicsCommon.h:4:
In file included from /data/data/com.termux/files/home/xray-16/src/xrPhysics/PhysicsExternalCommon.h:6:
In file included from /data/data/com.termux/files/home/xray-16/src/xrPhysics/MathUtils.h:5:
In file included from /data/data/com.termux/files/home/xray-16/src/xrCore/_obb.h:3:
/data/data/com.termux/files/home/xray-16/src/xrCore/_matrix33.h:148:13: warning: variable 'nrot' set but not used [-Wunused-but-set-variable]
  148 |         int nrot;
      |             ^
In file included from /data/data/com.termux/files/home/xray-16/src/xrPhysics/PHStaticGeomShell.cpp:2:
In file included from /data/data/com.termux/files/home/xray-16/src/xrPhysics/PHStaticGeomShell.h:3:
In file included from /data/data/com.termux/files/home/xray-16/src/xrPhysics/PHGeometryOwner.h:3:
/data/data/com.termux/files/home/xray-16/src/xrPhysics/Geometry.h:67:8: warning: 'const' type qualifier on return type has no effect [-Wignored-qualifiers]
   67 |     IC const dGeomID geom() const { return dGeomTransformGetGeom(m_geom_transform); }
      |        ^~~~~
/data/data/com.termux/files/home/xray-16/src/xrPhysics/Geometry.h:68:8: warning: 'const' type qualifier on return type has no effect [-Wignored-qualifiers]
   68 |     IC const dGeomID geometry_transform() const { return m_geom_transform; }
      |        ^~~~~
/data/data/com.termux/files/home/xray-16/src/xrPhysics/Geometry.h:69:8: warning: 'const' type qualifier on return type has no effect [-Wignored-qualifiers]
   69 |     IC const dGeomID geometry() const { return m_geom_transform ? (geom() ? geom() : m_geom_transform) : NULL; }
      |        ^~~~~
/data/data/com.termux/files/home/xray-16/src/xrPhysics/Geometry.h:70:8: warning: 'const' type qualifier on return type has no effect [-Wignored-qualifiers]
   70 |     IC const dGeomID geometry_bt() const
      |        ^~~~~
In file included from /data/data/com.termux/files/home/xray-16/src/xrPhysics/PHStaticGeomShell.cpp:6:
In file included from /data/data/com.termux/files/home/xray-16/src/xrPhysics/PHCharacter.h:7:
/data/data/com.termux/files/home/xray-16/src/xrPhysics/PHDisabling.h:87:18: warning: 'CPHDisablingRotational::set_DisableParams' hides overloaded virtual function [-Woverloaded-virtual]
   87 |     virtual void set_DisableParams(const SAllDDOParams& params);
      |                  ^
/data/data/com.termux/files/home/xray-16/src/xrPhysics/PHDisabling.h:62:18: note: hidden overloaded virtual function 'CPHDisablingBase::set_DisableParams' declared here: type mismatch at 1st parameter ('const SOneDDOParams &' vs 'const SAllDDOParams &')
   62 |     virtual void set_DisableParams(const SOneDDOParams& params);
      |                  ^
/data/data/com.termux/files/home/xray-16/src/xrPhysics/PHDisabling.h:96:18: warning: 'CPHDisablingTranslational::set_DisableParams' hides overloaded virtual function [-Woverloaded-virtual]
   96 |     virtual void set_DisableParams(const SAllDDOParams& params);
      |                  ^
/data/data/com.termux/files/home/xray-16/src/xrPhysics/PHDisabling.h:62:18: note: hidden overloaded virtual function 'CPHDisablingBase::set_DisableParams' declared here: type mismatch at 1st parameter ('const SOneDDOParams &' vs 'const SAllDDOParams &')
   62 |     virtual void set_DisableParams(const SOneDDOParams& params);
      |                  ^
In file included from /data/data/com.termux/files/home/xray-16/src/xrPhysics/PHStaticGeomShell.cpp:12:
/data/data/com.termux/files/home/xray-16/src/xrCore/Animation/Bone.hpp:329:13: warning: virtual method '~CBone' is inside a 'final' class and can never be overridden [-Wunnecessary-virtual-specifier]
  329 |     virtual ~CBone() = default;
      |             ^
/data/data/com.termux/files/home/xray-16/src/xrCore/Animation/Bone.hpp:462:13: warning: virtual method '~CBoneData' is inside a 'final' class and can never be overridden [-Wunnecessary-virtual-specifier]
  462 |     virtual ~CBoneData() = default;
      |             ^
/data/data/com.termux/files/home/xray-16/src/xrCore/Animation/Bone.hpp:491:20: warning: virtual method 'mem_usage' is inside a 'final' class and can never be overridden [-Wunnecessary-virtual-specifier]
  491 |     virtual size_t mem_usage()
      |                    ^
10 warnings generated.
[550/1826] Building CXX object src/xrPhysics/CMakeFiles/xrPhysics.dir/PHCapture.cpp.o
In file included from /data/data/com.termux/files/home/xray-16/src/xrPhysics/PHCapture.cpp:4:
In file included from /data/data/com.termux/files/home/xray-16/src/xrPhysics/PHCapture.h:5:
In file included from /data/data/com.termux/files/home/xray-16/src/xrPhysics/PHIsland.h:12:
In file included from /data/data/com.termux/files/home/xray-16/src/xrPhysics/PhysicsCommon.h:4:
In file included from /data/data/com.termux/files/home/xray-16/src/xrPhysics/PhysicsExternalCommon.h:6:
In file included from /data/data/com.termux/files/home/xray-16/src/xrPhysics/MathUtils.h:5:
In file included from /data/data/com.termux/files/home/xray-16/src/xrCore/_obb.h:3:
/data/data/com.termux/files/home/xray-16/src/xrCore/_matrix33.h:148:13: warning: variable 'nrot' set but not used [-Wunused-but-set-variable]
  148 |         int nrot;
      |             ^
In file included from /data/data/com.termux/files/home/xray-16/src/xrPhysics/PHCapture.cpp:5:
In file included from /data/data/com.termux/files/home/xray-16/src/xrPhysics/PHCharacter.h:7:
/data/data/com.termux/files/home/xray-16/src/xrPhysics/PHDisabling.h:87:18: warning: 'CPHDisablingRotational::set_DisableParams' hides overloaded virtual function [-Woverloaded-virtual]
   87 |     virtual void set_DisableParams(const SAllDDOParams& params);
      |                  ^
/data/data/com.termux/files/home/xray-16/src/xrPhysics/PHDisabling.h:62:18: note: hidden overloaded virtual function 'CPHDisablingBase::set_DisableParams' declared here: type mismatch at 1st parameter ('const SOneDDOParams &' vs 'const SAllDDOParams &')
   62 |     virtual void set_DisableParams(const SOneDDOParams& params);
      |                  ^
/data/data/com.termux/files/home/xray-16/src/xrPhysics/PHDisabling.h:96:18: warning: 'CPHDisablingTranslational::set_DisableParams' hides overloaded virtual function [-Woverloaded-virtual]
   96 |     virtual void set_DisableParams(const SAllDDOParams& params);
      |                  ^
/data/data/com.termux/files/home/xray-16/src/xrPhysics/PHDisabling.h:62:18: note: hidden overloaded virtual function 'CPHDisablingBase::set_DisableParams' declared here: type mismatch at 1st parameter ('const SOneDDOParams &' vs 'const SAllDDOParams &')
   62 |     virtual void set_DisableParams(const SOneDDOParams& params);
      |                  ^
In file included from /data/data/com.termux/files/home/xray-16/src/xrPhysics/PHCapture.cpp:11:
/data/data/com.termux/files/home/xray-16/src/xrCore/Animation/Bone.hpp:329:13: warning: virtual method '~CBone' is inside a 'final' class and can never be overridden [-Wunnecessary-virtual-specifier]
  329 |     virtual ~CBone() = default;
      |             ^
/data/data/com.termux/files/home/xray-16/src/xrCore/Animation/Bone.hpp:462:13: warning: virtual method '~CBoneData' is inside a 'final' class and can never be overridden [-Wunnecessary-virtual-specifier]
  462 |     virtual ~CBoneData() = default;
      |             ^
/data/data/com.termux/files/home/xray-16/src/xrCore/Animation/Bone.hpp:491:20: warning: virtual method 'mem_usage' is inside a 'final' class and can never be overridden [-Wunnecessary-virtual-specifier]
  491 |     virtual size_t mem_usage()
      |                    ^
In file included from /data/data/com.termux/files/home/xray-16/src/xrPhysics/PHCapture.cpp:14:
In file included from /data/data/com.termux/files/home/xray-16/src/xrPhysics/PHElement.h:7:
/data/data/com.termux/files/home/xray-16/src/xrPhysics/Geometry.h:67:8: warning: 'const' type qualifier on return type has no effect [-Wignored-qualifiers]
   67 |     IC const dGeomID geom() const { return dGeomTransformGetGeom(m_geom_transform); }
      |        ^~~~~
/data/data/com.termux/files/home/xray-16/src/xrPhysics/Geometry.h:68:8: warning: 'const' type qualifier on return type has no effect [-Wignored-qualifiers]
   68 |     IC const dGeomID geometry_transform() const { return m_geom_transform; }
      |        ^~~~~
/data/data/com.termux/files/home/xray-16/src/xrPhysics/Geometry.h:69:8: warning: 'const' type qualifier on return type has no effect [-Wignored-qualifiers]
   69 |     IC const dGeomID geometry() const { return m_geom_transform ? (geom() ? geom() : m_geom_transform) : NULL; }
      |        ^~~~~
/data/data/com.termux/files/home/xray-16/src/xrPhysics/Geometry.h:70:8: warning: 'const' type qualifier on return type has no effect [-Wignored-qualifiers]
   70 |     IC const dGeomID geometry_bt() const
      |        ^~~~~
In file included from /data/data/com.termux/files/home/xray-16/src/xrPhysics/PHCapture.cpp:14:
/data/data/com.termux/files/home/xray-16/src/xrPhysics/PHElement.h:248:13: warning: 'const' type qualifier on return type has no effect [-Wignored-qualifiers]
  248 |     virtual const dBodyID get_bodyConst() const { return m_body; } // aux
      |             ^~~~~
11 warnings generated.
[551/1826] Building CXX object src/xrPhysics/CMakeFiles/xrPhysics.dir/PHSplitedShell.cpp.o
In file included from /data/data/com.termux/files/home/xray-16/src/xrPhysics/PHSplitedShell.cpp:2:
In file included from /data/data/com.termux/files/home/xray-16/src/xrPhysics/PhysicsShell.h:4:
In file included from /data/data/com.termux/files/home/xray-16/src/xrEngine/IPhysicsShell.h:3:
In file included from /data/data/com.termux/files/home/xray-16/src/xrCore/vector.h:27:
/data/data/com.termux/files/home/xray-16/src/xrCore/_matrix33.h:148:13: warning: variable 'nrot' set but not used [-Wunused-but-set-variable]
  148 |         int nrot;
      |             ^
In file included from /data/data/com.termux/files/home/xray-16/src/xrPhysics/PHSplitedShell.cpp:6:
In file included from /data/data/com.termux/files/home/xray-16/src/xrPhysics/PHShell.h:4:
In file included from /data/data/com.termux/files/home/xray-16/src/xrPhysics/PHElement.h:7:
/data/data/com.termux/files/home/xray-16/src/xrPhysics/Geometry.h:67:8: warning: 'const' type qualifier on return type has no effect [-Wignored-qualifiers]
   67 |     IC const dGeomID geom() const { return dGeomTransformGetGeom(m_geom_transform); }
      |        ^~~~~
/data/data/com.termux/files/home/xray-16/src/xrPhysics/Geometry.h:68:8: warning: 'const' type qualifier on return type has no effect [-Wignored-qualifiers]
   68 |     IC const dGeomID geometry_transform() const { return m_geom_transform; }
      |        ^~~~~
/data/data/com.termux/files/home/xray-16/src/xrPhysics/Geometry.h:69:8: warning: 'const' type qualifier on return type has no effect [-Wignored-qualifiers]
   69 |     IC const dGeomID geometry() const { return m_geom_transform ? (geom() ? geom() : m_geom_transform) : NULL; }
      |        ^~~~~
/data/data/com.termux/files/home/xray-16/src/xrPhysics/Geometry.h:70:8: warning: 'const' type qualifier on return type has no effect [-Wignored-qualifiers]
   70 |     IC const dGeomID geometry_bt() const
      |        ^~~~~
In file included from /data/data/com.termux/files/home/xray-16/src/xrPhysics/PHSplitedShell.cpp:6:
In file included from /data/data/com.termux/files/home/xray-16/src/xrPhysics/PHShell.h:4:
In file included from /data/data/com.termux/files/home/xray-16/src/xrPhysics/PHElement.h:10:
/data/data/com.termux/files/home/xray-16/src/xrPhysics/PHDisabling.h:87:18: warning: 'CPHDisablingRotational::set_DisableParams' hides overloaded virtual function [-Woverloaded-virtual]
   87 |     virtual void set_DisableParams(const SAllDDOParams& params);
      |                  ^
/data/data/com.termux/files/home/xray-16/src/xrPhysics/PHDisabling.h:62:18: note: hidden overloaded virtual function 'CPHDisablingBase::set_DisableParams' declared here: type mismatch at 1st parameter ('const SOneDDOParams &' vs 'const SAllDDOParams &')
   62 |     virtual void set_DisableParams(const SOneDDOParams& params);
      |                  ^
/data/data/com.termux/files/home/xray-16/src/xrPhysics/PHDisabling.h:96:18: warning: 'CPHDisablingTranslational::set_DisableParams' hides overloaded virtual function [-Woverloaded-virtual]
   96 |     virtual void set_DisableParams(const SAllDDOParams& params);
      |                  ^
/data/data/com.termux/files/home/xray-16/src/xrPhysics/PHDisabling.h:62:18: note: hidden overloaded virtual function 'CPHDisablingBase::set_DisableParams' declared here: type mismatch at 1st parameter ('const SOneDDOParams &' vs 'const SAllDDOParams &')
   62 |     virtual void set_DisableParams(const SOneDDOParams& params);
      |                  ^
In file included from /data/data/com.termux/files/home/xray-16/src/xrPhysics/PHSplitedShell.cpp:6:
In file included from /data/data/com.termux/files/home/xray-16/src/xrPhysics/PHShell.h:4:
/data/data/com.termux/files/home/xray-16/src/xrPhysics/PHElement.h:248:13: warning: 'const' type qualifier on return type has no effect [-Wignored-qualifiers]
  248 |     virtual const dBodyID get_bodyConst() const { return m_body; } // aux
      |             ^~~~~
8 warnings generated.
[552/1826] Building CXX object src/xrPhysics/CMakeFiles/xrPhysics.dir/params.cpp.o
[553/1826] Building CXX object src/xrPhysics/CMakeFiles/xrPhysics.dir/MathUtils.cpp.o
In file included from /data/data/com.termux/files/home/xray-16/src/xrPhysics/MathUtils.cpp:2:
In file included from /data/data/com.termux/files/home/xray-16/src/xrPhysics/MathUtils.h:5:
In file included from /data/data/com.termux/files/home/xray-16/src/xrCore/_obb.h:3:
/data/data/com.termux/files/home/xray-16/src/xrCore/_matrix33.h:148:13: warning: variable 'nrot' set but not used [-Wunused-but-set-variable]
  148 |         int nrot;
      |             ^
1 warning generated.
[554/1826] Building CXX object src/xrPhysics/CMakeFiles/xrPhysics.dir/PHDynamicData.cpp.o
In file included from /data/data/com.termux/files/home/xray-16/src/xrPhysics/PHDynamicData.cpp:5:
In file included from /data/data/com.termux/files/home/xray-16/src/xrPhysics/PHDynamicData.h:8:
In file included from /data/data/com.termux/files/home/xray-16/src/xrPhysics/MathUtilsOde.h:14:
In file included from /data/data/com.termux/files/home/xray-16/src/xrPhysics/MathUtils.h:5:
In file included from /data/data/com.termux/files/home/xray-16/src/xrCore/_obb.h:3:
/data/data/com.termux/files/home/xray-16/src/xrCore/_matrix33.h:148:13: warning: variable 'nrot' set but not used [-Wunused-but-set-variable]
  148 |         int nrot;
      |             ^
1 warning generated.
[555/1826] Building CXX object src/xrPhysics/CMakeFiles/xrPhysics.dir/PHInterpolation.cpp.o
In file included from /data/data/com.termux/files/home/xray-16/src/xrPhysics/PHInterpolation.cpp:3:
In file included from /data/data/com.termux/files/home/xray-16/src/xrPhysics/PHDynamicData.h:8:
In file included from /data/data/com.termux/files/home/xray-16/src/xrPhysics/MathUtilsOde.h:14:
In file included from /data/data/com.termux/files/home/xray-16/src/xrPhysics/MathUtils.h:5:
In file included from /data/data/com.termux/files/home/xray-16/src/xrCore/_obb.h:3:
/data/data/com.termux/files/home/xray-16/src/xrCore/_matrix33.h:148:13: warning: variable 'nrot' set but not used [-Wunused-but-set-variable]
  148 |         int nrot;
      |             ^
1 warning generated.
[556/1826] Building CXX object src/xrPhysics/CMakeFiles/xrPhysics.dir/GeometryBits.cpp.o
In file included from /data/data/com.termux/files/home/xray-16/src/xrPhysics/GeometryBits.cpp:5:
In file included from /data/data/com.termux/files/home/xray-16/src/xrPhysics/PHWorld.h:7:
In file included from /data/data/com.termux/files/home/xray-16/src/xrPhysics/Physics.h:4:
In file included from /data/data/com.termux/files/home/xray-16/src/xrPhysics/PhysicsShell.h:4:
In file included from /data/data/com.termux/files/home/xray-16/src/xrEngine/IPhysicsShell.h:3:
In file included from /data/data/com.termux/files/home/xray-16/src/xrCore/vector.h:27:
/data/data/com.termux/files/home/xray-16/src/xrCore/_matrix33.h:148:13: warning: variable 'nrot' set but not used [-Wunused-but-set-variable]
  148 |         int nrot;
      |             ^
In file included from /data/data/com.termux/files/home/xray-16/src/xrPhysics/GeometryBits.cpp:6:
/data/data/com.termux/files/home/xray-16/src/xrPhysics/Geometry.h:67:8: warning: 'const' type qualifier on return type has no effect [-Wignored-qualifiers]
   67 |     IC const dGeomID geom() const { return dGeomTransformGetGeom(m_geom_transform); }
      |        ^~~~~
/data/data/com.termux/files/home/xray-16/src/xrPhysics/Geometry.h:68:8: warning: 'const' type qualifier on return type has no effect [-Wignored-qualifiers]
   68 |     IC const dGeomID geometry_transform() const { return m_geom_transform; }
      |        ^~~~~
/data/data/com.termux/files/home/xray-16/src/xrPhysics/Geometry.h:69:8: warning: 'const' type qualifier on return type has no effect [-Wignored-qualifiers]
   69 |     IC const dGeomID geometry() const { return m_geom_transform ? (geom() ? geom() : m_geom_transform) : NULL; }
      |        ^~~~~
/data/data/com.termux/files/home/xray-16/src/xrPhysics/Geometry.h:70:8: warning: 'const' type qualifier on return type has no effect [-Wignored-qualifiers]
   70 |     IC const dGeomID geometry_bt() const
      |        ^~~~~
5 warnings generated.
[557/1826] Building CXX object src/xrPhysics/CMakeFiles/xrPhysics.dir/tri-colliderknoopc/dSortTriPrimitive.cpp.o
[558/1826] Building CXX object src/xrPhysics/CMakeFiles/xrPhysics.dir/dRayMotions.cpp.o
In file included from /data/data/com.termux/files/home/xray-16/src/xrPhysics/dRayMotions.cpp:3:
In file included from /data/data/com.termux/files/home/xray-16/src/xrPhysics/tri-colliderknoopc/dTriColliderCommon.h:6:
In file included from /data/data/com.termux/files/home/xray-16/src/xrPhysics/ExtendedGeom.h:3:
In file included from /data/data/com.termux/files/home/xray-16/src/xrPhysics/PHObject.h:5:
In file included from /data/data/com.termux/files/home/xray-16/src/xrPhysics/PHIsland.h:12:
In file included from /data/data/com.termux/files/home/xray-16/src/xrPhysics/PhysicsCommon.h:4:
In file included from /data/data/com.termux/files/home/xray-16/src/xrPhysics/PhysicsExternalCommon.h:6:
In file included from /data/data/com.termux/files/home/xray-16/src/xrPhysics/MathUtils.h:5:
In file included from /data/data/com.termux/files/home/xray-16/src/xrCore/_obb.h:3:
/data/data/com.termux/files/home/xray-16/src/xrCore/_matrix33.h:148:13: warning: variable 'nrot' set but not used [-Wunused-but-set-variable]
  148 |         int nrot;
      |             ^
1 warning generated.
[559/1826] Building CXX object src/xrPhysics/CMakeFiles/xrPhysics.dir/dcylinder/dCylinder.cpp.o
In file included from /data/data/com.termux/files/home/xray-16/src/xrPhysics/dcylinder/dCylinder.cpp:5:
In file included from /data/data/com.termux/files/home/xray-16/src/xrPhysics/tri-colliderknoopc/dTriColliderCommon.h:6:
In file included from /data/data/com.termux/files/home/xray-16/src/xrPhysics/ExtendedGeom.h:3:
In file included from /data/data/com.termux/files/home/xray-16/src/xrPhysics/PHObject.h:5:
In file included from /data/data/com.termux/files/home/xray-16/src/xrPhysics/PHIsland.h:12:
In file included from /data/data/com.termux/files/home/xray-16/src/xrPhysics/PhysicsCommon.h:4:
In file included from /data/data/com.termux/files/home/xray-16/src/xrPhysics/PhysicsExternalCommon.h:6:
In file included from /data/data/com.termux/files/home/xray-16/src/xrPhysics/MathUtils.h:5:
In file included from /data/data/com.termux/files/home/xray-16/src/xrCore/_obb.h:3:
/data/data/com.termux/files/home/xray-16/src/xrCore/_matrix33.h:148:13: warning: variable 'nrot' set but not used [-Wunused-but-set-variable]
  148 |         int nrot;
      |             ^
/data/data/com.termux/files/home/xray-16/src/xrPhysics/dcylinder/dCylinder.cpp:1134:19: warning: variable 'code' set but not used [-Wunused-but-set-variable]
 1134 |     unsigned char code;
      |                   ^
In file included from /data/data/com.termux/files/home/xray-16/src/xrPhysics/dcylinder/dCylinder.cpp:6:
In file included from /data/data/com.termux/files/home/xray-16/src/xrPhysics/tri-colliderknoopc/dTriCylinder.h:5:
/data/data/com.termux/files/home/xray-16/src/xrPhysics/tri-colliderknoopc/dcTriListCollider.h:55:14: warning: inline function 'dcTriListCollider::dBoxProj' is not defined [-Wundefined-inline]
   55 |     IC float dBoxProj(dxGeom* box, const dReal* normal);
      |              ^
/data/data/com.termux/files/home/xray-16/src/xrPhysics/tri-colliderknoopc/dcTriListCollider.h:92:1: note: used here
   92 | TRI_PRIMITIVE_COLIDE_CLASS_IMPLEMENT(Box)
      | ^
/data/data/com.termux/files/home/xray-16/src/xrPhysics/tri-colliderknoopc/TriPrimitiveCollideClassDef.h:26:27: note: expanded from macro 'TRI_PRIMITIVE_COLIDE_CLASS_IMPLEMENT'
   26 |         return m_tri_list.d##primitive##Proj(o, normal);                                                               \
      |                           ^
<scratch space>:55:1: note: expanded from here
   55 | dBoxProj
      | ^
3 warnings generated.
[560/1826] Building CXX object src/xrPhysics/CMakeFiles/xrPhysics.dir/Physics.cpp.o
In file included from /data/data/com.termux/files/home/xray-16/src/xrPhysics/Physics.cpp:5:
In file included from /data/data/com.termux/files/home/xray-16/src/xrPhysics/PHDynamicData.h:8:
In file included from /data/data/com.termux/files/home/xray-16/src/xrPhysics/MathUtilsOde.h:14:
In file included from /data/data/com.termux/files/home/xray-16/src/xrPhysics/MathUtils.h:5:
In file included from /data/data/com.termux/files/home/xray-16/src/xrCore/_obb.h:3:
/data/data/com.termux/files/home/xray-16/src/xrCore/_matrix33.h:148:13: warning: variable 'nrot' set but not used [-Wunused-but-set-variable]
  148 |         int nrot;
      |             ^
/data/data/com.termux/files/home/xray-16/src/xrPhysics/Physics.cpp:53:22: warning: suggest braces around initialization of subobject [-Wmissing-braces]
   53 | Fbox phBoundaries = {1000.f, 1000.f, -1000.f, -1000.f};
      |                      ^~~~~~~~~~~~~~~~~~~~~~~
      |                      {                      }
/data/data/com.termux/files/home/xray-16/src/xrPhysics/Physics.cpp:53:54: warning: missing field 'y' initializer [-Wmissing-field-initializers]
   53 | Fbox phBoundaries = {1000.f, 1000.f, -1000.f, -1000.f};
      |                                                      ^
/data/data/com.termux/files/home/xray-16/src/xrPhysics/Physics.cpp:53:47: warning: suggest braces around initialization of subobject [-Wmissing-braces]
   53 | Fbox phBoundaries = {1000.f, 1000.f, -1000.f, -1000.f};
      |                                               ^~~~~~~
      |                                               {      }
/data/data/com.termux/files/home/xray-16/src/xrPhysics/Physics.cpp:53:22: warning: suggest braces around initialization of subobject [-Wmissing-braces]
   53 | Fbox phBoundaries = {1000.f, 1000.f, -1000.f, -1000.f};
      |                      ^~~~~~~~~~~~~~~~~~~~~~~~~~~~~~~~
      |                      {                               }
5 warnings generated.
[561/1826] Building CXX object src/xrPhysics/CMakeFiles/xrPhysics.dir/tri-colliderknoopc/dTriCallideK.cpp.o
In file included from /data/data/com.termux/files/home/xray-16/src/xrPhysics/tri-colliderknoopc/dTriCallideK.cpp:2:
In file included from /data/data/com.termux/files/home/xray-16/src/xrPhysics/tri-colliderknoopc/dTriCollideK.h:4:
In file included from /data/data/com.termux/files/home/xray-16/src/xrPhysics/tri-colliderknoopc/dTriBox.h:5:
In file included from /data/data/com.termux/files/home/xray-16/src/xrPhysics/MathUtilsOde.h:14:
In file included from /data/data/com.termux/files/home/xray-16/src/xrPhysics/MathUtils.h:5:
In file included from /data/data/com.termux/files/home/xray-16/src/xrCore/_obb.h:3:
/data/data/com.termux/files/home/xray-16/src/xrCore/_matrix33.h:148:13: warning: variable 'nrot' set but not used [-Wunused-but-set-variable]
  148 |         int nrot;
      |             ^
1 warning generated.
[562/1826] Building CXX object src/xrPhysics/CMakeFiles/xrPhysics.dir/tri-colliderknoopc/dTriBox.cpp.o
In file included from /data/data/com.termux/files/home/xray-16/src/xrPhysics/tri-colliderknoopc/dTriBox.cpp:2:
In file included from /data/data/com.termux/files/home/xray-16/src/xrPhysics/tri-colliderknoopc/dTriColliderCommon.h:6:
In file included from /data/data/com.termux/files/home/xray-16/src/xrPhysics/ExtendedGeom.h:3:
In file included from /data/data/com.termux/files/home/xray-16/src/xrPhysics/PHObject.h:5:
In file included from /data/data/com.termux/files/home/xray-16/src/xrPhysics/PHIsland.h:12:
In file included from /data/data/com.termux/files/home/xray-16/src/xrPhysics/PhysicsCommon.h:4:
In file included from /data/data/com.termux/files/home/xray-16/src/xrPhysics/PhysicsExternalCommon.h:6:
In file included from /data/data/com.termux/files/home/xray-16/src/xrPhysics/MathUtils.h:5:
In file included from /data/data/com.termux/files/home/xray-16/src/xrCore/_obb.h:3:
/data/data/com.termux/files/home/xray-16/src/xrCore/_matrix33.h:148:13: warning: variable 'nrot' set but not used [-Wunused-but-set-variable]
  148 |         int nrot;
      |             ^
In file included from /data/data/com.termux/files/home/xray-16/src/xrPhysics/tri-colliderknoopc/dTriBox.cpp:3:
In file included from /data/data/com.termux/files/home/xray-16/src/xrPhysics/tri-colliderknoopc/dTriBox.h:6:
/data/data/com.termux/files/home/xray-16/src/xrPhysics/tri-colliderknoopc/dcTriListCollider.h:72:14: warning: inline function 'dcTriListCollider::dCylProj' is not defined [-Wundefined-inline]
   72 |     IC float dCylProj(dxGeom* cylinder, const dReal* normal);
      |              ^
/data/data/com.termux/files/home/xray-16/src/xrPhysics/tri-colliderknoopc/dcTriListCollider.h:93:1: note: used here
   93 | TRI_PRIMITIVE_COLIDE_CLASS_IMPLEMENT(Cyl)
      | ^
/data/data/com.termux/files/home/xray-16/src/xrPhysics/tri-colliderknoopc/TriPrimitiveCollideClassDef.h:26:27: note: expanded from macro 'TRI_PRIMITIVE_COLIDE_CLASS_IMPLEMENT'
   26 |         return m_tri_list.d##primitive##Proj(o, normal);                                                               \
      |                           ^
<scratch space>:68:1: note: expanded from here
   68 | dCylProj
      | ^
2 warnings generated.
[563/1826] Building CXX object src/xrGame/CMakeFiles/xrGame.dir/cmake_pch.hxx.pch
[564/1826] Building CXX object src/xrPhysics/CMakeFiles/xrPhysics.dir/PHWorldScript.cpp.o
In file included from /data/data/com.termux/files/home/xray-16/src/xrPhysics/PHWorldScript.cpp:3:
In file included from /data/data/com.termux/files/home/xray-16/src/xrPhysics/Physics.h:4:
In file included from /data/data/com.termux/files/home/xray-16/src/xrPhysics/PhysicsShell.h:4:
In file included from /data/data/com.termux/files/home/xray-16/src/xrEngine/IPhysicsShell.h:3:
In file included from /data/data/com.termux/files/home/xray-16/src/xrCore/vector.h:27:
/data/data/com.termux/files/home/xray-16/src/xrCore/_matrix33.h:148:13: warning: variable 'nrot' set but not used [-Wunused-but-set-variable]
  148 |         int nrot;
      |             ^
1 warning generated.
[565/1826] Building CXX object src/xrPhysics/CMakeFiles/xrPhysics.dir/collisiondamagereceiver.cpp.o
In file included from /data/data/com.termux/files/home/xray-16/src/xrPhysics/collisiondamagereceiver.cpp:6:
In file included from /data/data/com.termux/files/home/xray-16/src/xrPhysics/ExtendedGeom.h:3:
In file included from /data/data/com.termux/files/home/xray-16/src/xrPhysics/PHObject.h:5:
In file included from /data/data/com.termux/files/home/xray-16/src/xrPhysics/PHIsland.h:12:
In file included from /data/data/com.termux/files/home/xray-16/src/xrPhysics/PhysicsCommon.h:4:
In file included from /data/data/com.termux/files/home/xray-16/src/xrPhysics/PhysicsExternalCommon.h:6:
In file included from /data/data/com.termux/files/home/xray-16/src/xrPhysics/MathUtils.h:5:
In file included from /data/data/com.termux/files/home/xray-16/src/xrCore/_obb.h:3:
/data/data/com.termux/files/home/xray-16/src/xrCore/_matrix33.h:148:13: warning: variable 'nrot' set but not used [-Wunused-but-set-variable]
  148 |         int nrot;
      |             ^
1 warning generated.
[566/1826] Building CXX object src/xrPhysics/CMakeFiles/xrPhysics.dir/tri-colliderknoopc/dTriCylinder.cpp.o
In file included from /data/data/com.termux/files/home/xray-16/src/xrPhysics/tri-colliderknoopc/dTriCylinder.cpp:2:
In file included from /data/data/com.termux/files/home/xray-16/src/xrPhysics/tri-colliderknoopc/dTriColliderCommon.h:6:
In file included from /data/data/com.termux/files/home/xray-16/src/xrPhysics/ExtendedGeom.h:3:
In file included from /data/data/com.termux/files/home/xray-16/src/xrPhysics/PHObject.h:5:
In file included from /data/data/com.termux/files/home/xray-16/src/xrPhysics/PHIsland.h:12:
In file included from /data/data/com.termux/files/home/xray-16/src/xrPhysics/PhysicsCommon.h:4:
In file included from /data/data/com.termux/files/home/xray-16/src/xrPhysics/PhysicsExternalCommon.h:6:
In file included from /data/data/com.termux/files/home/xray-16/src/xrPhysics/MathUtils.h:5:
In file included from /data/data/com.termux/files/home/xray-16/src/xrCore/_obb.h:3:
/data/data/com.termux/files/home/xray-16/src/xrCore/_matrix33.h:148:13: warning: variable 'nrot' set but not used [-Wunused-but-set-variable]
  148 |         int nrot;
      |             ^
In file included from /data/data/com.termux/files/home/xray-16/src/xrPhysics/tri-colliderknoopc/dTriCylinder.cpp:4:
In file included from /data/data/com.termux/files/home/xray-16/src/xrPhysics/tri-colliderknoopc/dTriCylinder.h:5:
/data/data/com.termux/files/home/xray-16/src/xrPhysics/tri-colliderknoopc/dcTriListCollider.h:55:14: warning: inline function 'dcTriListCollider::dBoxProj' is not defined [-Wundefined-inline]
   55 |     IC float dBoxProj(dxGeom* box, const dReal* normal);
      |              ^
/data/data/com.termux/files/home/xray-16/src/xrPhysics/tri-colliderknoopc/dcTriListCollider.h:92:1: note: used here
   92 | TRI_PRIMITIVE_COLIDE_CLASS_IMPLEMENT(Box)
      | ^
/data/data/com.termux/files/home/xray-16/src/xrPhysics/tri-colliderknoopc/TriPrimitiveCollideClassDef.h:26:27: note: expanded from macro 'TRI_PRIMITIVE_COLIDE_CLASS_IMPLEMENT'
   26 |         return m_tri_list.d##primitive##Proj(o, normal);                                                               \
      |                           ^
<scratch space>:55:1: note: expanded from here
   55 | dBoxProj
      | ^
2 warnings generated.
[567/1826] Building CXX object src/xrPhysics/CMakeFiles/xrPhysics.dir/tri-colliderknoopc/dTriSphere.cpp.o
In file included from /data/data/com.termux/files/home/xray-16/src/xrPhysics/tri-colliderknoopc/dTriSphere.cpp:2:
In file included from /data/data/com.termux/files/home/xray-16/src/xrPhysics/tri-colliderknoopc/dTriColliderCommon.h:6:
In file included from /data/data/com.termux/files/home/xray-16/src/xrPhysics/ExtendedGeom.h:3:
In file included from /data/data/com.termux/files/home/xray-16/src/xrPhysics/PHObject.h:5:
In file included from /data/data/com.termux/files/home/xray-16/src/xrPhysics/PHIsland.h:12:
In file included from /data/data/com.termux/files/home/xray-16/src/xrPhysics/PhysicsCommon.h:4:
In file included from /data/data/com.termux/files/home/xray-16/src/xrPhysics/PhysicsExternalCommon.h:6:
In file included from /data/data/com.termux/files/home/xray-16/src/xrPhysics/MathUtils.h:5:
In file included from /data/data/com.termux/files/home/xray-16/src/xrCore/_obb.h:3:
/data/data/com.termux/files/home/xray-16/src/xrCore/_matrix33.h:148:13: warning: variable 'nrot' set but not used [-Wunused-but-set-variable]
  148 |         int nrot;
      |             ^
In file included from /data/data/com.termux/files/home/xray-16/src/xrPhysics/tri-colliderknoopc/dTriSphere.cpp:5:
/data/data/com.termux/files/home/xray-16/src/xrPhysics/tri-colliderknoopc/dcTriListCollider.h:55:14: warning: inline function 'dcTriListCollider::dBoxProj' is not defined [-Wundefined-inline]
   55 |     IC float dBoxProj(dxGeom* box, const dReal* normal);
      |              ^
/data/data/com.termux/files/home/xray-16/src/xrPhysics/tri-colliderknoopc/dcTriListCollider.h:92:1: note: used here
   92 | TRI_PRIMITIVE_COLIDE_CLASS_IMPLEMENT(Box)
      | ^
/data/data/com.termux/files/home/xray-16/src/xrPhysics/tri-colliderknoopc/TriPrimitiveCollideClassDef.h:26:27: note: expanded from macro 'TRI_PRIMITIVE_COLIDE_CLASS_IMPLEMENT'
   26 |         return m_tri_list.d##primitive##Proj(o, normal);                                                               \
      |                           ^
<scratch space>:55:1: note: expanded from here
   55 | dBoxProj
      | ^
In file included from /data/data/com.termux/files/home/xray-16/src/xrPhysics/tri-colliderknoopc/dTriSphere.cpp:5:
/data/data/com.termux/files/home/xray-16/src/xrPhysics/tri-colliderknoopc/dcTriListCollider.h:72:14: warning: inline function 'dcTriListCollider::dCylProj' is not defined [-Wundefined-inline]
   72 |     IC float dCylProj(dxGeom* cylinder, const dReal* normal);
      |              ^
/data/data/com.termux/files/home/xray-16/src/xrPhysics/tri-colliderknoopc/dcTriListCollider.h:93:1: note: used here
   93 | TRI_PRIMITIVE_COLIDE_CLASS_IMPLEMENT(Cyl)
      | ^
/data/data/com.termux/files/home/xray-16/src/xrPhysics/tri-colliderknoopc/TriPrimitiveCollideClassDef.h:26:27: note: expanded from macro 'TRI_PRIMITIVE_COLIDE_CLASS_IMPLEMENT'
   26 |         return m_tri_list.d##primitive##Proj(o, normal);                                                               \
      |                           ^
<scratch space>:62:1: note: expanded from here
   62 | dCylProj
      | ^
3 warnings generated.
[568/1826] Building CXX object src/xrPhysics/CMakeFiles/xrPhysics.dir/PHWorld.cpp.o
In file included from /data/data/com.termux/files/home/xray-16/src/xrPhysics/PHWorld.cpp:3:
In file included from /data/data/com.termux/files/home/xray-16/src/xrPhysics/PHWorld.h:7:
In file included from /data/data/com.termux/files/home/xray-16/src/xrPhysics/Physics.h:4:
In file included from /data/data/com.termux/files/home/xray-16/src/xrPhysics/PhysicsShell.h:4:
In file included from /data/data/com.termux/files/home/xray-16/src/xrEngine/IPhysicsShell.h:3:
In file included from /data/data/com.termux/files/home/xray-16/src/xrCore/vector.h:27:
/data/data/com.termux/files/home/xray-16/src/xrCore/_matrix33.h:148:13: warning: variable 'nrot' set but not used [-Wunused-but-set-variable]
  148 |         int nrot;
      |             ^
In file included from /data/data/com.termux/files/home/xray-16/src/xrPhysics/PHWorld.cpp:21:
/data/data/com.termux/files/home/xray-16/src/xrPhysics/PHSimpleCalls.h:51:18: warning: 'CPHShellBasedAction::compare' hides overloaded virtual function [-Woverloaded-virtual]
   51 |     virtual bool compare(const CPhysicsShell* shl) const { return shl == m_shell; }
      |                  ^
/data/data/com.termux/files/home/xray-16/src/xrPhysics/PHCommander.h:15:18: note: hidden overloaded virtual function 'CPHReqBase::compare' declared here: type mismatch at 1st parameter ('const CPHReqComparerV *' vs 'const CPhysicsShell *')
   15 |     virtual bool compare(const CPHReqComparerV* v) const { return false; };
      |                  ^
2 warnings generated.
[569/1826] Building CXX object src/Layers/xrRenderPC_GL/CMakeFiles/xrRender_GL.dir/gl_rendertarget_phase_flip.cpp.o
[570/1826] Building CXX object src/Layers/xrRenderPC_GL/CMakeFiles/xrRender_GL.dir/gl_rendertarget_build_textures.cpp.o
[571/1826] Building CXX object src/xrPhysics/CMakeFiles/xrPhysics.dir/ActorCameraCollision.cpp.o
In file included from /data/data/com.termux/files/home/xray-16/src/xrPhysics/ActorCameraCollision.cpp:5:
/data/data/com.termux/files/home/xray-16/src/xrEngine/CameraBase.h:31:26: warning: default member initializer for bit-field is a C++20 extension [-Wc++20-extensions]
   31 |     bool bClampYaw   : 1 {};
      |                          ^
/data/data/com.termux/files/home/xray-16/src/xrEngine/CameraBase.h:32:26: warning: default member initializer for bit-field is a C++20 extension [-Wc++20-extensions]
   32 |     bool bClampPitch : 1 {};
      |                          ^
/data/data/com.termux/files/home/xray-16/src/xrEngine/CameraBase.h:33:26: warning: default member initializer for bit-field is a C++20 extension [-Wc++20-extensions]
   33 |     bool bClampRoll  : 1 {};
      |                          ^
In file included from /data/data/com.termux/files/home/xray-16/src/xrPhysics/ActorCameraCollision.cpp:7:
In file included from /data/data/com.termux/files/home/xray-16/src/xrPhysics/PHShell.h:3:
In file included from /data/data/com.termux/files/home/xray-16/src/xrPhysics/PHJoint.h:3:
In file included from /data/data/com.termux/files/home/xray-16/src/xrPhysics/PhysicsShell.h:4:
In file included from /data/data/com.termux/files/home/xray-16/src/xrEngine/IPhysicsShell.h:3:
In file included from /data/data/com.termux/files/home/xray-16/src/xrCore/vector.h:27:
/data/data/com.termux/files/home/xray-16/src/xrCore/_matrix33.h:148:13: warning: variable 'nrot' set but not used [-Wunused-but-set-variable]
  148 |         int nrot;
      |             ^
In file included from /data/data/com.termux/files/home/xray-16/src/xrPhysics/ActorCameraCollision.cpp:7:
In file included from /data/data/com.termux/files/home/xray-16/src/xrPhysics/PHShell.h:4:
In file included from /data/data/com.termux/files/home/xray-16/src/xrPhysics/PHElement.h:7:
/data/data/com.termux/files/home/xray-16/src/xrPhysics/Geometry.h:67:8: warning: 'const' type qualifier on return type has no effect [-Wignored-qualifiers]
   67 |     IC const dGeomID geom() const { return dGeomTransformGetGeom(m_geom_transform); }
      |        ^~~~~
/data/data/com.termux/files/home/xray-16/src/xrPhysics/Geometry.h:68:8: warning: 'const' type qualifier on return type has no effect [-Wignored-qualifiers]
   68 |     IC const dGeomID geometry_transform() const { return m_geom_transform; }
      |        ^~~~~
/data/data/com.termux/files/home/xray-16/src/xrPhysics/Geometry.h:69:8: warning: 'const' type qualifier on return type has no effect [-Wignored-qualifiers]
   69 |     IC const dGeomID geometry() const { return m_geom_transform ? (geom() ? geom() : m_geom_transform) : NULL; }
      |        ^~~~~
/data/data/com.termux/files/home/xray-16/src/xrPhysics/Geometry.h:70:8: warning: 'const' type qualifier on return type has no effect [-Wignored-qualifiers]
   70 |     IC const dGeomID geometry_bt() const
      |        ^~~~~
In file included from /data/data/com.termux/files/home/xray-16/src/xrPhysics/ActorCameraCollision.cpp:7:
In file included from /data/data/com.termux/files/home/xray-16/src/xrPhysics/PHShell.h:4:
In file included from /data/data/com.termux/files/home/xray-16/src/xrPhysics/PHElement.h:10:
/data/data/com.termux/files/home/xray-16/src/xrPhysics/PHDisabling.h:87:18: warning: 'CPHDisablingRotational::set_DisableParams' hides overloaded virtual function [-Woverloaded-virtual]
   87 |     virtual void set_DisableParams(const SAllDDOParams& params);
      |                  ^
/data/data/com.termux/files/home/xray-16/src/xrPhysics/PHDisabling.h:62:18: note: hidden overloaded virtual function 'CPHDisablingBase::set_DisableParams' declared here: type mismatch at 1st parameter ('const SOneDDOParams &' vs 'const SAllDDOParams &')
   62 |     virtual void set_DisableParams(const SOneDDOParams& params);
      |                  ^
/data/data/com.termux/files/home/xray-16/src/xrPhysics/PHDisabling.h:96:18: warning: 'CPHDisablingTranslational::set_DisableParams' hides overloaded virtual function [-Woverloaded-virtual]
   96 |     virtual void set_DisableParams(const SAllDDOParams& params);
      |                  ^
/data/data/com.termux/files/home/xray-16/src/xrPhysics/PHDisabling.h:62:18: note: hidden overloaded virtual function 'CPHDisablingBase::set_DisableParams' declared here: type mismatch at 1st parameter ('const SOneDDOParams &' vs 'const SAllDDOParams &')
   62 |     virtual void set_DisableParams(const SOneDDOParams& params);
      |                  ^
In file included from /data/data/com.termux/files/home/xray-16/src/xrPhysics/ActorCameraCollision.cpp:7:
In file included from /data/data/com.termux/files/home/xray-16/src/xrPhysics/PHShell.h:4:
/data/data/com.termux/files/home/xray-16/src/xrPhysics/PHElement.h:248:13: warning: 'const' type qualifier on return type has no effect [-Wignored-qualifiers]
  248 |     virtual const dBodyID get_bodyConst() const { return m_body; } // aux
      |             ^~~~~
11 warnings generated.
[572/1826] Building CXX object src/Layers/xrRenderPC_GL/CMakeFiles/xrRender_GL.dir/gl_rendertarget_u_set_rt.cpp.o
[573/1826] Building CXX object src/Layers/xrRenderPC_GL/CMakeFiles/xrRender_GL.dir/gl_rendertarget_phase_combine.cpp.o
[574/1826] Building CXX object src/xrPhysics/CMakeFiles/xrPhysics.dir/tri-colliderknoopc/dTriList.cpp.o
In file included from /data/data/com.termux/files/home/xray-16/src/xrPhysics/tri-colliderknoopc/dTriList.cpp:2:
In file included from /data/data/com.termux/files/home/xray-16/src/xrPhysics/tri-colliderknoopc/dTriCollideK.h:4:
In file included from /data/data/com.termux/files/home/xray-16/src/xrPhysics/tri-colliderknoopc/dTriBox.h:5:
In file included from /data/data/com.termux/files/home/xray-16/src/xrPhysics/MathUtilsOde.h:14:
In file included from /data/data/com.termux/files/home/xray-16/src/xrPhysics/MathUtils.h:5:
In file included from /data/data/com.termux/files/home/xray-16/src/xrCore/_obb.h:3:
/data/data/com.termux/files/home/xray-16/src/xrCore/_matrix33.h:148:13: warning: variable 'nrot' set but not used [-Wunused-but-set-variable]
  148 |         int nrot;
      |             ^
In file included from /data/data/com.termux/files/home/xray-16/src/xrPhysics/tri-colliderknoopc/dTriList.cpp:2:
In file included from /data/data/com.termux/files/home/xray-16/src/xrPhysics/tri-colliderknoopc/dTriCollideK.h:4:
In file included from /data/data/com.termux/files/home/xray-16/src/xrPhysics/tri-colliderknoopc/dTriBox.h:6:
/data/data/com.termux/files/home/xray-16/src/xrPhysics/tri-colliderknoopc/dcTriListCollider.h:89:5: warning: definition of implicit copy constructor for 'BoxTri' is deprecated because it has a user-declared copy assignment operator [-Wdeprecated-copy]
   89 |     TRI_PRIMITIVE_COLIDE_CLASS_DECLARE(Box)
      |     ^
/data/data/com.termux/files/home/xray-16/src/xrPhysics/tri-colliderknoopc/TriPrimitiveCollideClassDef.h:10:25: note: expanded from macro 'TRI_PRIMITIVE_COLIDE_CLASS_DECLARE'
   10 |         primitive##Tri& operator=(primitive##Tri& nx_nado) = delete;                                           \
      |                         ^
/data/data/com.termux/files/home/xray-16/src/xrPhysics/tri-colliderknoopc/dcTriListCollider.cpp:39:37: note: in implicit copy constructor for 'dcTriListCollider::BoxTri' first required here
   39 |     return dSortTriPrimitiveCollide(bt, Box, Geometry, Flags, Contacts, Stride, AABB);
      |                                     ^
In file included from /data/data/com.termux/files/home/xray-16/src/xrPhysics/tri-colliderknoopc/dTriList.cpp:2:
In file included from /data/data/com.termux/files/home/xray-16/src/xrPhysics/tri-colliderknoopc/dTriCollideK.h:4:
In file included from /data/data/com.termux/files/home/xray-16/src/xrPhysics/tri-colliderknoopc/dTriBox.h:6:
/data/data/com.termux/files/home/xray-16/src/xrPhysics/tri-colliderknoopc/dcTriListCollider.h:87:5: warning: definition of implicit copy constructor for 'CylTri' is deprecated because it has a user-declared copy assignment operator [-Wdeprecated-copy]
   87 |     TRI_PRIMITIVE_COLIDE_CLASS_DECLARE(Cyl)
      |     ^
/data/data/com.termux/files/home/xray-16/src/xrPhysics/tri-colliderknoopc/TriPrimitiveCollideClassDef.h:10:25: note: expanded from macro 'TRI_PRIMITIVE_COLIDE_CLASS_DECLARE'
   10 |         primitive##Tri& operator=(primitive##Tri& nx_nado) = delete;                                           \
      |                         ^
/data/data/com.termux/files/home/xray-16/src/xrPhysics/tri-colliderknoopc/dcTriListCollider.cpp:63:37: note: in implicit copy constructor for 'dcTriListCollider::CylTri' first required here
   63 |     return dSortTriPrimitiveCollide(ct, Cylinder, Geometry, Flags, Contacts, Stride, AABB);
      |                                     ^
In file included from /data/data/com.termux/files/home/xray-16/src/xrPhysics/tri-colliderknoopc/dTriList.cpp:2:
In file included from /data/data/com.termux/files/home/xray-16/src/xrPhysics/tri-colliderknoopc/dTriCollideK.h:4:
In file included from /data/data/com.termux/files/home/xray-16/src/xrPhysics/tri-colliderknoopc/dTriBox.h:6:
/data/data/com.termux/files/home/xray-16/src/xrPhysics/tri-colliderknoopc/dcTriListCollider.h:88:5: warning: definition of implicit copy constructor for 'SphereTri' is deprecated because it has a user-declared copy assignment operator [-Wdeprecated-copy]
   88 |     TRI_PRIMITIVE_COLIDE_CLASS_DECLARE(Sphere)
      |     ^
/data/data/com.termux/files/home/xray-16/src/xrPhysics/tri-colliderknoopc/TriPrimitiveCollideClassDef.h:10:25: note: expanded from macro 'TRI_PRIMITIVE_COLIDE_CLASS_DECLARE'
   10 |         primitive##Tri& operator=(primitive##Tri& nx_nado) = delete;                                           \
      |                         ^
/data/data/com.termux/files/home/xray-16/src/xrPhysics/tri-colliderknoopc/dcTriListCollider.cpp:84:37: note: in implicit copy constructor for 'dcTriListCollider::SphereTri' first required here
   84 |     return dSortTriPrimitiveCollide(st, Sphere, Geometry, Flags, Contacts, Stride, AABB);
      |                                     ^
In file included from /data/data/com.termux/files/home/xray-16/src/xrPhysics/tri-colliderknoopc/dTriList.cpp:6:
In file included from /data/data/com.termux/files/home/xray-16/src/xrPhysics/tri-colliderknoopc/dcTriListCollider.cpp:4:
/data/data/com.termux/files/home/xray-16/src/xrPhysics/tri-colliderknoopc/dSortTriPrimitive.h:125:9: warning: variable 'b_count' set but not used [-Wunused-but-set-variable]
  125 |     u32 b_count = 0;
      |         ^
5 warnings generated.
[575/1826] Building CXX object src/Layers/xrRenderPC_GL/CMakeFiles/xrRender_GL.dir/stdafx.cpp.o
[576/1826] Building CXX object src/Layers/xrRenderPC_GL/CMakeFiles/xrRender_GL.dir/r2_test_hw.cpp.o
[577/1826] Building CXX object src/xrUICore/CMakeFiles/xrUICore.dir/ui_export_script.cpp.o
In file included from /data/data/com.termux/files/home/xray-16/src/xrUICore/ui_export_script.cpp:20:
In file included from /data/data/com.termux/files/home/xray-16/src/xrUICore/ListWnd/UIListWnd.h:5:
/data/data/com.termux/files/home/xray-16/src/xrUICore/ListWnd/UIListItem.h:15:18: warning: 'CUIListItem::InitTexture' hides overloaded virtual function [-Woverloaded-virtual]
   15 |     virtual void InitTexture(pcstr tex_name);
      |                  ^
/data/data/com.termux/files/home/xray-16/src/xrUICore/Static/UIStatic.h:69:18: note: hidden overloaded virtual function 'CUIStatic::InitTexture' declared here: different number of parameters (2 vs 1)
   69 |     virtual bool InitTexture(pcstr texture, bool fatal = true);
      |                  ^
In file included from /data/data/com.termux/files/home/xray-16/src/xrUICore/ui_export_script.cpp:26:
In file included from /data/data/com.termux/files/home/xray-16/src/xrUICore/Buttons/UI3tButton.h:13:
/data/data/com.termux/files/home/xray-16/src/xrUICore/InteractiveBackground/UI_IB_Static.h:17:18: warning: virtual method 'SetTextureOffset' is inside a 'final' class and can never be overridden [-Wunnecessary-virtual-specifier]
   17 |     virtual void SetTextureOffset(float x, float y);
      |                  ^
In file included from /data/data/com.termux/files/home/xray-16/src/xrUICore/ui_export_script.cpp:36:
/data/data/com.termux/files/home/xray-16/src/xrUICore/ComboBox/UIComboBox.h:63:18: warning: virtual method 'OnBtnClicked' is inside a 'final' class and can never be overridden [-Wunnecessary-virtual-specifier]
   63 |     virtual void OnBtnClicked();
      |                  ^
In file included from /data/data/com.termux/files/home/xray-16/src/xrUICore/ui_export_script.cpp:38:
/data/data/com.termux/files/home/xray-16/src/xrUICore/ProgressBar/UIProgressBar.h:24:35: warning: default member initializer for bit-field is a C++20 extension [-Wc++20-extensions]
   24 |     bool m_bUseColor          : 1 { false };
      |                                   ^
/data/data/com.termux/files/home/xray-16/src/xrUICore/ProgressBar/UIProgressBar.h:25:35: warning: default member initializer for bit-field is a C++20 extension [-Wc++20-extensions]
   25 |     bool m_bUseMiddleColor    : 1 { false }; // Hrust: optional middle color for CS/SoC compatibility, without middle color it doesn't looks correctly
      |                                   ^
/data/data/com.termux/files/home/xray-16/src/xrUICore/ProgressBar/UIProgressBar.h:26:35: warning: default member initializer for bit-field is a C++20 extension [-Wc++20-extensions]
   26 |     bool m_bUseGradient       : 1 { true }; //Alundaio: if false then use only solid color with m_maxColor
      |                                   ^
In file included from /data/data/com.termux/files/home/xray-16/src/xrUICore/ui_export_script.cpp:40:
/data/data/com.termux/files/home/xray-16/src/xrUICore/PropertiesBox/UIPropertiesBox.h:27:18: warning: 'CUIPropertiesBox::Show' hides overloaded virtual function [-Woverloaded-virtual]
   27 |     virtual void Show(const Frect& parent_rect, const Fvector2& point);
      |                  ^
/data/data/com.termux/files/home/xray-16/src/xrUICore/Windows/UIWindow.h:264:18: note: hidden overloaded virtual function 'CUIWindow::Show' declared here: different number of parameters (1 vs 2)
  264 |     virtual void Show(bool status)
      |                  ^
In file included from /data/data/com.termux/files/home/xray-16/src/xrUICore/ui_export_script.cpp:40:
/data/data/com.termux/files/home/xray-16/src/xrUICore/PropertiesBox/UIPropertiesBox.h:27:18: warning: virtual method 'Show' is inside a 'final' class and can never be overridden [-Wunnecessary-virtual-specifier]
   27 |     virtual void Show(const Frect& parent_rect, const Fvector2& point);
      |                  ^
/data/data/com.termux/files/home/xray-16/src/xrUICore/PropertiesBox/UIPropertiesBox.h:28:18: warning: virtual method 'Hide' is inside a 'final' class and can never be overridden [-Wunnecessary-virtual-specifier]
   28 |     virtual void Hide();
      |                  ^
In file included from /data/data/com.termux/files/home/xray-16/src/xrUICore/ui_export_script.cpp:44:
/data/data/com.termux/files/home/xray-16/src/xrUICore/MessageBox/UIMessageBox.h:30:18: warning: virtual method 'InitMessageBox' is inside a 'final' class and can never be overridden [-Wunnecessary-virtual-specifier]
   30 |     virtual bool InitMessageBox(LPCSTR xml_template);
      |                  ^
/data/data/com.termux/files/home/xray-16/src/xrUICore/ui_export_script.cpp:212:36: warning: suggest braces around initialization of subobject [-Wmissing-braces]
  212 |                 self->SetWndRect({ x, y, width, height });
      |                                    ^~~~~~~~~~~~~~~~~~~
      |                                    {                  }
/data/data/com.termux/files/home/xray-16/src/xrUICore/ui_export_script.cpp:230:36: warning: suggest braces around initialization of subobject [-Wmissing-braces]
  230 |                 self->SetWndRect({ x, y, width, height });
      |                                    ^~~~~~~~~~~~~~~~~~~
      |                                    {                  }
/data/data/com.termux/files/home/xray-16/src/xrUICore/ui_export_script.cpp:393:36: warning: suggest braces around initialization of subobject [-Wmissing-braces]
  393 |                 self->SetWndRect({ x, y, width, height });
      |                                    ^~~~~~~~~~~~~~~~~~~
      |                                    {                  }
/data/data/com.termux/files/home/xray-16/src/xrUICore/ui_export_script.cpp:649:36: warning: suggest braces around initialization of subobject [-Wmissing-braces]
  649 |                 self->SetWndRect({ x, y, width, height });
      |                                    ^~~~~~~~~~~~~~~~~~~
      |                                    {                  }
/data/data/com.termux/files/home/xray-16/src/xrUICore/ui_export_script.cpp:653:36: warning: suggest braces around initialization of subobject [-Wmissing-braces]
  653 |                 self->SetWndRect({ x, y, width, height });
      |                                    ^~~~~~~~~~~~~~~~~~~
      |                                    {                  }
/data/data/com.termux/files/home/xray-16/src/xrUICore/ui_export_script.cpp:715:36: warning: suggest braces around initialization of subobject [-Wmissing-braces]
  715 |                 self->SetWndRect({ x, y, width, height });
      |                                    ^~~~~~~~~~~~~~~~~~~
      |                                    {                  }
/data/data/com.termux/files/home/xray-16/src/xrUICore/ui_export_script.cpp:719:36: warning: suggest braces around initialization of subobject [-Wmissing-braces]
  719 |                 self->SetWndRect({ x, y, width, height });
      |                                    ^~~~~~~~~~~~~~~~~~~
      |                                    {                  }
/data/data/com.termux/files/home/xray-16/src/xrUICore/ui_export_script.cpp:855:26: warning: cast from 'void (CUIPropertiesBox::*)(const Frect &, const Fvector2 &)' to 'void (CUIPropertiesBox::*)(int, int)' converts to incompatible function type [-Wcast-function-type-mismatch]
  855 |             .def("Show", (void (CUIPropertiesBox::*)(int, int)) &CUIPropertiesBox::Show)
      |                          ^~~~~~~~~~~~~~~~~~~~~~~~~~~~~~~~~~~~~~~~~~~~~~~~~~~~~~~~~~~~~~
18 warnings generated.
[578/1826] Building CXX object src/Layers/xrRenderPC_GL/CMakeFiles/xrRender_GL.dir/gl_rendertarget_accum_direct.cpp.o
/data/data/com.termux/files/home/xray-16/src/Layers/xrRenderPC_GL/gl_rendertarget_accum_direct.cpp:171:13: warning: suggest braces around initialization of subobject [-Wmissing-braces]
  171 |             0.5f, 0.0f, 0.0f, 0.0f,
      |             ^~~~~~~~~~~~~~~~~~~~~~~
      |             {
  172 |             0.0f, 0.5f, 0.0f, 0.0f,
      |             ~~~~~~~~~~~~~~~~~~~~~~~
  173 |             0.0f, 0.0f, 0.5f * fRange, 0.0f,
      |             ~~~~~~~~~~~~~~~~~~~~~~~~~~~~~~~~
  174 |             0.5f, 0.5f, 0.5f + fBias, 1.0f
      |             ~~~~~~~~~~~~~~~~~~~~~~~~~~~~~~
      |                                           }
/data/data/com.termux/files/home/xray-16/src/Layers/xrRenderPC_GL/gl_rendertarget_accum_direct.cpp:464:13: warning: suggest braces around initialization of subobject [-Wmissing-braces]
  464 |             0.5f, 0.0f, 0.0f, 0.0f,
      |             ^~~~~~~~~~~~~~~~~~~~~~~
      |             {
  465 |             0.0f, 0.5f, 0.0f, 0.0f,
      |             ~~~~~~~~~~~~~~~~~~~~~~~
  466 |             0.0f, 0.0f, 0.5f * fRange, 0.0f,
      |             ~~~~~~~~~~~~~~~~~~~~~~~~~~~~~~~~
  467 |             0.5f, 0.5f, 0.5f + fBias, 1.0f
      |             ~~~~~~~~~~~~~~~~~~~~~~~~~~~~~~
      |                                           }
/data/data/com.termux/files/home/xray-16/src/Layers/xrRenderPC_GL/gl_rendertarget_accum_direct.cpp:875:13: warning: suggest braces around initialization of subobject [-Wmissing-braces]
  875 |             0.5f, 0.0f, 0.0f, 0.0f,
      |             ^~~~~~~~~~~~~~~~~~~~~~~
      |             {
  876 |             0.0f, 0.5f, 0.0f, 0.0f,
      |             ~~~~~~~~~~~~~~~~~~~~~~~
  877 |             0.0f, 0.0f, 0.5f * fRange, 0.0f,
      |             ~~~~~~~~~~~~~~~~~~~~~~~~~~~~~~~~
  878 |             0.5f + fTexelOffs, 0.5f + fTexelOffs, 0.5f + fBias, 1.0f
      |             ~~~~~~~~~~~~~~~~~~~~~~~~~~~~~~~~~~~~~~~~~~~~~~~~~~~~~~~~
      |                                                                     }
/data/data/com.termux/files/home/xray-16/src/Layers/xrRenderPC_GL/gl_rendertarget_accum_direct.cpp:1159:13: warning: suggest braces around initialization of subobject [-Wmissing-braces]
 1159 |             0.5f, 0.0f, 0.0f, 0.0f,
      |             ^~~~~~~~~~~~~~~~~~~~~~~
      |             {
 1160 |             0.0f, 0.5f, 0.0f, 0.0f,
      |             ~~~~~~~~~~~~~~~~~~~~~~~
 1161 |             0.0f, 0.0f, 1.0f, 0.0f,
      |             ~~~~~~~~~~~~~~~~~~~~~~~
 1162 |             //  Removing half pixel offset
      |             ~~~~~~~~~~~~~~~~~~~~~~~~~~~~~~
 1163 |             0.5f + o_w, 0.5f + o_h, 0.0f, 1.0f
      |             ~~~~~~~~~~~~~~~~~~~~~~~~~~~~~~~~~~
      |                                               }
4 warnings generated.
[579/1826] Building CXX object src/Layers/xrRenderPC_GL/CMakeFiles/xrRender_GL.dir/__/xrRender/Animation.cpp.o
[580/1826] Building CXX object src/Layers/xrRenderPC_GL/CMakeFiles/xrRender_GL.dir/__/xrRender/Blender.cpp.o
/data/data/com.termux/files/home/xray-16/src/Layers/xrRender/Blender.cpp:69:22: warning: no case matching constant switch condition '4'
   69 |     xrPREAD_PROP(fs, xrPID_INTEGER, oPriority);
      |                      ^~~~~~~~~~~~~
/data/data/com.termux/files/home/xray-16/src/Layers/xrRender/Blender.cpp:70:22: warning: no case matching constant switch condition '6'
   70 |     xrPREAD_PROP(fs, xrPID_BOOL, oStrictSorting);
      |                      ^~~~~~~~~~
/data/data/com.termux/files/home/xray-16/src/Layers/xrRender/Blender.cpp:72:22: warning: no case matching constant switch condition '3'
   72 |     xrPREAD_PROP(fs, xrPID_TEXTURE, oT_Name);
      |                      ^~~~~~~~~~~~~
/data/data/com.termux/files/home/xray-16/src/Layers/xrRender/Blender.cpp:73:22: warning: no case matching constant switch condition '1'
   73 |     xrPREAD_PROP(fs, xrPID_MATRIX, oT_xform);
      |                      ^~~~~~~~~~~~
4 warnings generated.
[581/1826] Building CXX object src/Layers/xrRenderPC_GL/CMakeFiles/xrRender_GL.dir/__/xrRender/Blender_Recorder_R2.cpp.o
[582/1826] Building CXX object src/Layers/xrRenderPC_GL/CMakeFiles/xrRender_GL.dir/xrRender_GL.cpp.o
[583/1826] Building CXX object src/Layers/xrRenderPC_GL/CMakeFiles/xrRender_GL.dir/rgl_shaders.cpp.o
In file included from /data/data/com.termux/files/home/xray-16/src/Layers/xrRenderPC_GL/rgl_shaders.cpp:4:
/data/data/com.termux/files/home/xray-16/src/Layers/xrRender/ShaderResourceTraits.h:119:15: warning: unused function 'GLLinkMonolithicProgram' [-Wunused-function]
  119 | static GLuint GLLinkMonolithicProgram(pcstr name, GLuint ps, GLuint vs, GLuint gs)
      |               ^~~~~~~~~~~~~~~~~~~~~~~
/data/data/com.termux/files/home/xray-16/src/Layers/xrRender/ShaderResourceTraits.h:154:15: warning: unused function 'GLGeneratePipeline' [-Wunused-function]
  154 | static GLuint GLGeneratePipeline(pcstr name, GLuint ps, GLuint vs, GLuint gs)
      |               ^~~~~~~~~~~~~~~~~~
2 warnings generated.
[584/1826] Building CXX object src/Layers/xrRenderPC_GL/CMakeFiles/xrRender_GL.dir/__/xrRender/Blender_Recorder.cpp.o
[585/1826] Building CXX object src/Layers/xrRenderPC_GL/CMakeFiles/xrRender_GL.dir/__/xrRender/DetailManager_CACHE.cpp.o
[586/1826] Building CXX object src/Layers/xrRenderPC_GL/CMakeFiles/xrRender_GL.dir/__/xrRender/ColorMapManager.cpp.o
[587/1826] Building CXX object src/Layers/xrRenderPC_GL/CMakeFiles/xrRender_GL.dir/__/xrRender/DetailManager_VS.cpp.o
[588/1826] Building CXX object src/Layers/xrRenderPC_GL/CMakeFiles/xrRender_GL.dir/__/xrRender/D3DXRenderBase.cpp.o
[589/1826] Building CXX object src/Layers/xrRenderPC_GL/CMakeFiles/xrRender_GL.dir/__/xrRender/DetailModel.cpp.o
[590/1826] Building CXX object src/Layers/xrRenderPC_GL/CMakeFiles/xrRender_GL.dir/__/xrRender/Blender_Recorder_StandartBinding.cpp.o
/data/data/com.termux/files/home/xray-16/src/Layers/xrRender/Blender_Recorder_StandartBinding.cpp:82:13: warning: suggest braces around initialization of subobject [-Wmissing-braces]
   82 |             0.5f, 0.0f, 0.0f, 0.0f,
      |             ^~~~~~~~~~~~~~~~~~~~~~~
      |             {
   83 |             0.0f, 0.5f, 0.0f, 0.0f,
      |             ~~~~~~~~~~~~~~~~~~~~~~~
   84 |             0.0f, 0.0f, 1.0f, 0.0f,
      |             ~~~~~~~~~~~~~~~~~~~~~~~
   85 |             0.5f, 0.5f, 0.0f, 1.0f
      |             ~~~~~~~~~~~~~~~~~~~~~~
      |                                   }
/data/data/com.termux/files/home/xray-16/src/Layers/xrRender/Blender_Recorder_StandartBinding.cpp:114:13: warning: suggest braces around initialization of subobject [-Wmissing-braces]
  114 |             0.5f, 0.0f, 0.0f, 0.0f,
      |             ^~~~~~~~~~~~~~~~~~~~~~~
      |             {
  115 |             0.0f, 0.5f, 0.0f, 0.0f,
      |             ~~~~~~~~~~~~~~~~~~~~~~~
  116 |             0.0f, 0.0f, 1.0f, 0.0f,
      |             ~~~~~~~~~~~~~~~~~~~~~~~
  117 |             0.5f, 0.5f, 0.0f, 1.0f
      |             ~~~~~~~~~~~~~~~~~~~~~~
      |                                   }
2 warnings generated.
[591/1826] Building CXX object src/Layers/xrRenderPC_GL/CMakeFiles/xrRender_GL.dir/__/xrRender/DetailManager_soft.cpp.o
[592/1826] Building CXX object src/Layers/xrRenderPC_GL/CMakeFiles/xrRender_GL.dir/__/xrRender/du_cone.cpp.o
[593/1826] Building CXX object src/Layers/xrRenderPC_GL/CMakeFiles/xrRender_GL.dir/__/xrRender/DetailManager_Decompress.cpp.o
In file included from /data/data/com.termux/files/home/xray-16/src/Layers/xrRender/DetailManager_Decompress.cpp:4:
In file included from /data/data/com.termux/files/home/xray-16/src/xrCDB/Intersect.hpp:3:
/data/data/com.termux/files/home/xray-16/src/xrCore/_matrix33.h:148:13: warning: variable 'nrot' set but not used [-Wunused-but-set-variable]
  148 |         int nrot;
      |             ^
1 warning generated.
[594/1826] Building CXX object src/Layers/xrRenderPC_GL/CMakeFiles/xrRender_GL.dir/__/xrRender/du_box.cpp.o
[595/1826] Building CXX object src/Layers/xrRenderPC_GL/CMakeFiles/xrRender_GL.dir/__/xrRender/du_sphere.cpp.o
[596/1826] Building CXX object src/Layers/xrRenderPC_GL/CMakeFiles/xrRender_GL.dir/__/xrRender/dxDebugRender.cpp.o
[597/1826] Building CXX object src/Layers/xrRenderPC_GL/CMakeFiles/xrRender_GL.dir/__/xrRender/du_cylinder.cpp.o
[598/1826] Building CXX object src/Layers/xrRenderPC_GL/CMakeFiles/xrRender_GL.dir/__/xrRender/DetailManager.cpp.o
In file included from /data/data/com.termux/files/home/xray-16/src/Layers/xrRender/DetailManager.cpp:9:
In file included from /data/data/com.termux/files/home/xray-16/src/xrCDB/Intersect.hpp:3:
/data/data/com.termux/files/home/xray-16/src/xrCore/_matrix33.h:148:13: warning: variable 'nrot' set but not used [-Wunused-but-set-variable]
  148 |         int nrot;
      |             ^
/data/data/com.termux/files/home/xray-16/src/Layers/xrRender/DetailManager.cpp:36:13: warning: unused variable 'dbgOffset' [-Wunused-const-variable]
   36 | const float dbgOffset = 0.f;
      |             ^~~~~~~~~
/data/data/com.termux/files/home/xray-16/src/Layers/xrRender/DetailManager.cpp:37:11: warning: unused variable 'dbgItems' [-Wunused-const-variable]
   37 | const int dbgItems = 128;
      |           ^~~~~~~~
3 warnings generated.
[599/1826] Building CXX object src/Layers/xrRenderPC_GL/CMakeFiles/xrRender_GL.dir/__/xrRender/du_sphere_part.cpp.o
[600/1826] Building CXX object src/Layers/xrRenderPC_GL/CMakeFiles/xrRender_GL.dir/__/xrRender/dxFontRender.cpp.o
[601/1826] Building CXX object src/Layers/xrRenderPC_GL/CMakeFiles/xrRender_GL.dir/__/xrRender/dxImGuiRender.cpp.o
[602/1826] Building CXX object src/Layers/xrRenderPC_GL/CMakeFiles/xrRender_GL.dir/__/xrRender/D3DUtils.cpp.o
In file included from /data/data/com.termux/files/home/xray-16/src/Layers/xrRender/D3DUtils.cpp:11:
In file included from /data/data/com.termux/files/home/xray-16/src/xrCore/_obb.h:3:
/data/data/com.termux/files/home/xray-16/src/xrCore/_matrix33.h:148:13: warning: variable 'nrot' set but not used [-Wunused-but-set-variable]
  148 |         int nrot;
      |             ^
/data/data/com.termux/files/home/xray-16/src/Layers/xrRender/D3DUtils.cpp:65:15: warning: unused variable 'identboxcolor' [-Wunused-const-variable]
   65 | constexpr u32 identboxcolor = D3DCOLOR_RGBA(255, 255, 255, 0);
      |               ^~~~~~~~~~~~~
/data/data/com.termux/files/home/xray-16/src/Layers/xrRender/D3DUtils.cpp:99:15: warning: unused variable 'm_ColorAxis' [-Wunused-const-variable]
   99 | constexpr u32 m_ColorAxis = 0xff000000;
      |               ^~~~~~~~~~~
/data/data/com.termux/files/home/xray-16/src/Layers/xrRender/D3DUtils.cpp:104:15: warning: unused variable 'm_ColorSafeRect' [-Wunused-const-variable]
  104 | constexpr u32 m_ColorSafeRect = 0xffB040B0;
      |               ^~~~~~~~~~~~~~~
4 warnings generated.
[603/1826] Building CXX object src/Layers/xrRenderPC_GL/CMakeFiles/xrRender_GL.dir/r2_R_sun.cpp.o
In file included from /data/data/com.termux/files/home/xray-16/src/Layers/xrRenderPC_GL/r2_R_sun.cpp:3:
/data/data/com.termux/files/home/xray-16/src/Layers/xrRender_R2/r2_R_sun_support.h:335:5: warning: definition of implicit copy assignment operator for 'BoundingBox' is deprecated because it has a user-provided copy constructor [-Wdeprecated-copy-with-user-provided-copy]
  335 |     BoundingBox(const BoundingBox& other) : minPt(other.minPt), maxPt(other.maxPt) {}
      |     ^
/data/data/com.termux/files/home/xray-16/src/Layers/xrRenderPC_GL/r2_R_sun.cpp:249:24: note: in implicit copy assignment operator for 'xray::render::render_gl::BoundingBox' first required here
  249 |             frustumBox = BoundingBox(frustumPnts, POINTS_NUM);
      |                        ^
1 warning generated.
[604/1826] Building CXX object src/Layers/xrRenderPC_GL/CMakeFiles/xrRender_GL.dir/__/xrRender/dxParticleCustom.cpp.o
[605/1826] Building CXX object src/Layers/xrRenderPC_GL/CMakeFiles/xrRender_GL.dir/__/xrRender/dxObjectSpaceRender.cpp.o
[606/1826] Building CXX object src/Layers/xrRenderPC_GL/CMakeFiles/xrRender_GL.dir/__/xrRender/dxThunderboltDescRender.cpp.o
[607/1826] Building CXX object src/Layers/xrRenderPC_GL/CMakeFiles/xrRender_GL.dir/__/xrRender/dxLensFlareRender.cpp.o
[608/1826] Building CXX object src/Layers/xrRenderPC_GL/CMakeFiles/xrRender_GL.dir/__/xrRender/dxRainRender.cpp.o
/data/data/com.termux/files/home/xray-16/src/Layers/xrRender/dxRainRender.cpp:17:20: warning: unused variable 'drop_angle' [-Wunused-const-variable]
   17 | static const float drop_angle = 3.0f;
      |                    ^~~~~~~~~~
/data/data/com.termux/files/home/xray-16/src/Layers/xrRender/dxRainRender.cpp:18:20: warning: unused variable 'drop_max_angle' [-Wunused-const-variable]
   18 | static const float drop_max_angle = deg2rad(10.f);
      |                    ^~~~~~~~~~~~~~
/data/data/com.termux/files/home/xray-16/src/Layers/xrRender/dxRainRender.cpp:19:20: warning: unused variable 'drop_max_wind_vel' [-Wunused-const-variable]
   19 | static const float drop_max_wind_vel = 20.0f;
      |                    ^~~~~~~~~~~~~~~~~
/data/data/com.termux/files/home/xray-16/src/Layers/xrRender/dxRainRender.cpp:20:20: warning: unused variable 'drop_speed_min' [-Wunused-const-variable]
   20 | static const float drop_speed_min = 40.f;
      |                    ^~~~~~~~~~~~~~
/data/data/com.termux/files/home/xray-16/src/Layers/xrRender/dxRainRender.cpp:21:20: warning: unused variable 'drop_speed_max' [-Wunused-const-variable]
   21 | static const float drop_speed_max = 80.f;
      |                    ^~~~~~~~~~~~~~
/data/data/com.termux/files/home/xray-16/src/Layers/xrRender/dxRainRender.cpp:23:11: warning: unused variable 'max_particles' [-Wunused-const-variable]
   23 | const int max_particles = 1000;
      |           ^~~~~~~~~~~~~
6 warnings generated.
[609/1826] Building CXX object src/Layers/xrRenderPC_GL/CMakeFiles/xrRender_GL.dir/__/xrRender/dxUISequenceVideoItem.cpp.o
[610/1826] Building CXX object src/Layers/xrRenderPC_GL/CMakeFiles/xrRender_GL.dir/__/xrRender/dxUIRender.cpp.o
[611/1826] Building CXX object src/Layers/xrRenderPC_GL/CMakeFiles/xrRender_GL.dir/__/xrRender/dxEnvironmentRender.cpp.o
[612/1826] Building CXX object src/Layers/xrRenderPC_GL/CMakeFiles/xrRender_GL.dir/__/xrRender/dxRenderFactory.cpp.o
[613/1826] Building CXX object src/Layers/xrRenderPC_GL/CMakeFiles/xrRender_GL.dir/__/xrRender/dxStatGraphRender.cpp.o
[614/1826] Building CXX object src/Layers/xrRenderPC_GL/CMakeFiles/xrRender_GL.dir/__/xrRender/dxThunderboltRender.cpp.o
[615/1826] Building CXX object src/Layers/xrRenderPC_GL/CMakeFiles/xrRender_GL.dir/__/xrRender/dxUIShader.cpp.o
[616/1826] Building CXX object src/Layers/xrRenderPC_GL/CMakeFiles/xrRender_GL.dir/__/xrRender/ETextureParams.cpp.o
[617/1826] Building CXX object src/Layers/xrRenderPC_GL/CMakeFiles/xrRender_GL.dir/__/xrRender/FLOD.cpp.o
[618/1826] Building CXX object src/Layers/xrRenderPC_GL/CMakeFiles/xrRender_GL.dir/__/xrRender/FBasicVisual.cpp.o
[619/1826] Building CXX object src/Layers/xrRenderPC_GL/CMakeFiles/xrRender_GL.dir/__/xrRender/dxWallMarkArray.cpp.o
[620/1826] Building CXX object src/Layers/xrRenderPC_GL/CMakeFiles/xrRender_GL.dir/__/xrRender/FHierrarhyVisual.cpp.o
[621/1826] Building CXX object src/Layers/xrRenderPC_GL/CMakeFiles/xrRender_GL.dir/__/xrRender/FProgressive.cpp.o
[622/1826] Building CXX object src/Layers/xrRenderPC_GL/CMakeFiles/xrRender_GL.dir/__/xrRender/FTreeVisual.cpp.o
[623/1826] Building CXX object src/Layers/xrRenderPC_GL/CMakeFiles/xrRender_GL.dir/__/xrRender/FVisual.cpp.o
[624/1826] Building CXX object src/Layers/xrRenderPC_GL/CMakeFiles/xrRender_GL.dir/__/xrRender/Light_Render_Direct.cpp.o
[625/1826] Building CXX object src/Layers/xrRenderPC_GL/CMakeFiles/xrRender_GL.dir/__/xrRender/Light_Render_Direct_ComputeXFS.cpp.o
[626/1826] Building CXX object src/Layers/xrRenderPC_GL/CMakeFiles/xrRender_GL.dir/__/xrRender/HOM.cpp.o
/data/data/com.termux/files/home/xray-16/src/Layers/xrRender/HOM.cpp:175:27: warning: suggest braces around initialization of subobject [-Wmissing-braces]
  175 |     Fmatrix m_viewport = {view_dim / 2.f, 0.0f, 0.0f, 0.0f, 0.0f, -view_dim / 2.f, 0.0f, 0.0f, 0.0f, 0.0f, 1.0f, 0.0f,
      |                           ^~~~~~~~~~~~~~~~~~~~~~~~~~~~~~~~~~~~~~~~~~~~~~~~~~~~~~~~~~~~~~~~~~~~~~~~~~~~~~~~~~~~~~~~~~~~
      |                           {
  176 |         view_dim / 2.f + 0 + 0, view_dim / 2.f + 0 + 0, 0.0f, 1.0f};
      |         ~~~~~~~~~~~~~~~~~~~~~~~~~~~~~~~~~~~~~~~~~~~~~~~~~~~~~~~~~~
      |                                                                   }
/data/data/com.termux/files/home/xray-16/src/Layers/xrRender/HOM.cpp:177:30: warning: suggest braces around initialization of subobject [-Wmissing-braces]
  177 |     Fmatrix m_viewport_01 = {1.f / 2.f, 0.0f, 0.0f, 0.0f, 0.0f, -1.f / 2.f, 0.0f, 0.0f, 0.0f, 0.0f, 1.0f, 0.0f,
      |                              ^~~~~~~~~~~~~~~~~~~~~~~~~~~~~~~~~~~~~~~~~~~~~~~~~~~~~~~~~~~~~~~~~~~~~~~~~~~~~~~~~~
      |                              {
  178 |         1.f / 2.f + 0 + 0, 1.f / 2.f + 0 + 0, 0.0f, 1.0f};
      |         ~~~~~~~~~~~~~~~~~~~~~~~~~~~~~~~~~~~~~~~~~~~~~~~~
      |                                                         }
2 warnings generated.
[627/1826] Building CXX object src/Layers/xrRenderPC_GL/CMakeFiles/xrRender_GL.dir/__/xrRender/light.cpp.o
[628/1826] Building CXX object src/Layers/xrRenderPC_GL/CMakeFiles/xrRender_GL.dir/__/xrRender/Light_DB.cpp.o
[629/1826] Building CXX object src/Layers/xrRenderPC_GL/CMakeFiles/xrRender_GL.dir/__/xrRender/Light_Package.cpp.o
[630/1826] Building CXX object src/Layers/xrRenderPC_GL/CMakeFiles/xrRender_GL.dir/__/xrRender/light_vis.cpp.o
In file included from /data/data/com.termux/files/home/xray-16/src/Layers/xrRender/light_vis.cpp:3:
In file included from /data/data/com.termux/files/home/xray-16/src/xrCDB/Intersect.hpp:3:
/data/data/com.termux/files/home/xray-16/src/xrCore/_matrix33.h:148:13: warning: variable 'nrot' set but not used [-Wunused-but-set-variable]
  148 |         int nrot;
      |             ^
1 warning generated.
[631/1826] Building CXX object src/Layers/xrRenderPC_GL/CMakeFiles/xrRender_GL.dir/__/xrRender/light_gi.cpp.o
[632/1826] Building CXX object src/Layers/xrRenderPC_GL/CMakeFiles/xrRender_GL.dir/__/xrRender/light_smapvis.cpp.o
[633/1826] Building CXX object src/Layers/xrRenderPC_GL/CMakeFiles/xrRender_GL.dir/__/xrRender/occRasterizer.cpp.o
[634/1826] Building CXX object src/Layers/xrRenderPC_GL/CMakeFiles/xrRender_GL.dir/__/xrRender/FSkinned.cpp.o
In file included from /data/data/com.termux/files/home/xray-16/src/Layers/xrRender/FSkinned.cpp:4:
In file included from /data/data/com.termux/files/home/xray-16/src/Layers/xrRender/FSkinned.h:8:
In file included from /data/data/com.termux/files/home/xray-16/src/Layers/xrRender/SkeletonX.h:7:
In file included from /data/data/com.termux/files/home/xray-16/src/Layers/xrRender/SkeletonCustom.h:4:
In file included from /data/data/com.termux/files/home/xray-16/src/xrCore/Animation/Bone.hpp:5:
In file included from /data/data/com.termux/files/home/xray-16/src/xrCore/_obb.h:3:
/data/data/com.termux/files/home/xray-16/src/xrCore/_matrix33.h:148:13: warning: variable 'nrot' set but not used [-Wunused-but-set-variable]
  148 |         int nrot;
      |             ^
In file included from /data/data/com.termux/files/home/xray-16/src/Layers/xrRender/FSkinned.cpp:4:
In file included from /data/data/com.termux/files/home/xray-16/src/Layers/xrRender/FSkinned.h:8:
In file included from /data/data/com.termux/files/home/xray-16/src/Layers/xrRender/SkeletonX.h:7:
In file included from /data/data/com.termux/files/home/xray-16/src/Layers/xrRender/SkeletonCustom.h:4:
/data/data/com.termux/files/home/xray-16/src/xrCore/Animation/Bone.hpp:329:13: warning: virtual method '~CBone' is inside a 'final' class and can never be overridden [-Wunnecessary-virtual-specifier]
  329 |     virtual ~CBone() = default;
      |             ^
/data/data/com.termux/files/home/xray-16/src/xrCore/Animation/Bone.hpp:462:13: warning: virtual method '~CBoneData' is inside a 'final' class and can never be overridden [-Wunnecessary-virtual-specifier]
  462 |     virtual ~CBoneData() = default;
      |             ^
/data/data/com.termux/files/home/xray-16/src/xrCore/Animation/Bone.hpp:491:20: warning: virtual method 'mem_usage' is inside a 'final' class and can never be overridden [-Wunnecessary-virtual-specifier]
  491 |     virtual size_t mem_usage()
      |                    ^
/data/data/com.termux/files/home/xray-16/src/Layers/xrRender/FSkinned.cpp:117:16: warning: unused variable 'PARALLEL_BONE_VERTICES_PROCESSING_MIN_VERTICES' [-Wunused-const-variable]
  117 | constexpr auto PARALLEL_BONE_VERTICES_PROCESSING_MIN_VERTICES = 10000; // XXX: rough value
      |                ^~~~~~~~~~~~~~~~~~~~~~~~~~~~~~~~~~~~~~~~~~~~~~
5 warnings generated.
[635/1826] Building CXX object src/Layers/xrRenderPC_GL/CMakeFiles/xrRender_GL.dir/__/xrRender/NvTriStrip.cpp.o
[636/1826] Building CXX object src/Layers/xrRenderPC_GL/CMakeFiles/xrRender_GL.dir/__/xrRender/occRasterizer_core.cpp.o
/data/data/com.termux/files/home/xray-16/src/Layers/xrRender/occRasterizer_core.cpp:93:13: warning: unused variable 'one_div_3' [-Wunused-const-variable]
   93 | const float one_div_3 = 1.f / 3.f;
      |             ^~~~~~~~~
1 warning generated.
[637/1826] Building CXX object src/Layers/xrRenderPC_GL/CMakeFiles/xrRender_GL.dir/__/xrRender/LightTrack.cpp.o
[638/1826] Building CXX object src/Layers/xrRenderPC_GL/CMakeFiles/xrRender_GL.dir/__/xrRender/R_Backend.cpp.o
[639/1826] Building CXX object src/Layers/xrRenderPC_GL/CMakeFiles/xrRender_GL.dir/__/xrRender/ParticleEffectDef.cpp.o
[640/1826] Building CXX object src/Layers/xrRenderPC_GL/CMakeFiles/xrRender_GL.dir/__/xrRender/R_Backend_DBG.cpp.o
[641/1826] Building CXX object src/Layers/xrRenderPC_GL/CMakeFiles/xrRender_GL.dir/__/xrRender/ParticleEffect.cpp.o
/data/data/com.termux/files/home/xray-16/src/Layers/xrRender/ParticleEffect.cpp:48:9: warning: suggest braces around initialization of subobject [-Wmissing-braces]
   48 |         0.5f, 0.0f, 0.0f, 0.0f,
      |         ^~~~~~~~~~~~~~~~~~~~~~~
      |         {
   49 |         0.0f, 0.5f, 0.0f, 0.0f,
      |         ~~~~~~~~~~~~~~~~~~~~~~~
   50 |         0.0f, 0.0f, 1.0f, 0.0f,
      |         ~~~~~~~~~~~~~~~~~~~~~~~
   51 |         0.5f, 0.5f, 0.0f, 1.0f
      |         ~~~~~~~~~~~~~~~~~~~~~~
      |                               }
1 warning generated.
[642/1826] Building CXX object src/Layers/xrRenderPC_GL/CMakeFiles/xrRender_GL.dir/__/xrRender/R_Backend_hemi.cpp.o
[643/1826] Building CXX object src/Layers/xrRenderPC_GL/CMakeFiles/xrRender_GL.dir/__/xrRender/ParticleGroup.cpp.o
[644/1826] Building CXX object src/Layers/xrRenderPC_GL/CMakeFiles/xrRender_GL.dir/__/xrRender/R_Backend_Runtime.cpp.o
[645/1826] Building CXX object src/Layers/xrRenderPC_GL/CMakeFiles/xrRender_GL.dir/__/xrRender/NvTriStripObjects.cpp.o
/data/data/com.termux/files/home/xray-16/src/Layers/xrRender/NvTriStripObjects.cpp:1195:9: warning: variable 'loopCtr' set but not used [-Wunused-but-set-variable]
 1195 |     int loopCtr = 0;
      |         ^
1 warning generated.
[646/1826] Linking CXX shared library /data/data/com.termux/files/home/xray-16/bin/aarch64/Release/xrEngine.so
[647/1826] Building CXX object src/Layers/xrRenderPC_GL/CMakeFiles/xrRender_GL.dir/__/xrRender/R_Backend_tree.cpp.o
[648/1826] Building CXX object src/Layers/xrRenderPC_GL/CMakeFiles/xrRender_GL.dir/__/xrRender/PSLibrary.cpp.o
[649/1826] Building CXX object src/Layers/xrRenderPC_GL/CMakeFiles/xrRender_GL.dir/__/xrRender/R_Backend_xform.cpp.o
[650/1826] Building CXX object src/Layers/xrRenderPC_GL/CMakeFiles/xrRender_GL.dir/__/xrRender/ModelPool.cpp.o
In file included from /data/data/com.termux/files/home/xray-16/src/Layers/xrRender/ModelPool.cpp:11:
In file included from /data/data/com.termux/files/home/xray-16/src/Layers/xrRender/SkeletonAnimated.h:3:
In file included from /data/data/com.termux/files/home/xray-16/src/Layers/xrRender/SkeletonCustom.h:4:
In file included from /data/data/com.termux/files/home/xray-16/src/xrCore/Animation/Bone.hpp:5:
In file included from /data/data/com.termux/files/home/xray-16/src/xrCore/_obb.h:3:
/data/data/com.termux/files/home/xray-16/src/xrCore/_matrix33.h:148:13: warning: variable 'nrot' set but not used [-Wunused-but-set-variable]
  148 |         int nrot;
      |             ^
In file included from /data/data/com.termux/files/home/xray-16/src/Layers/xrRender/ModelPool.cpp:11:
In file included from /data/data/com.termux/files/home/xray-16/src/Layers/xrRender/SkeletonAnimated.h:3:
In file included from /data/data/com.termux/files/home/xray-16/src/Layers/xrRender/SkeletonCustom.h:4:
/data/data/com.termux/files/home/xray-16/src/xrCore/Animation/Bone.hpp:329:13: warning: virtual method '~CBone' is inside a 'final' class and can never be overridden [-Wunnecessary-virtual-specifier]
  329 |     virtual ~CBone() = default;
      |             ^
/data/data/com.termux/files/home/xray-16/src/xrCore/Animation/Bone.hpp:462:13: warning: virtual method '~CBoneData' is inside a 'final' class and can never be overridden [-Wunnecessary-virtual-specifier]
  462 |     virtual ~CBoneData() = default;
      |             ^
/data/data/com.termux/files/home/xray-16/src/xrCore/Animation/Bone.hpp:491:20: warning: virtual method 'mem_usage' is inside a 'final' class and can never be overridden [-Wunnecessary-virtual-specifier]
  491 |     virtual size_t mem_usage()
      |                    ^
4 warnings generated.
[651/1826] Building CXX object src/Layers/xrRenderPC_GL/CMakeFiles/xrRender_GL.dir/__/xrRender/R_DStreams.cpp.o
[652/1826] Building CXX object src/Layers/xrRenderPC_GL/CMakeFiles/xrRender_GL.dir/__/xrRender/r__dsgraph_render_lods.cpp.o
[653/1826] Building CXX object src/Layers/xrRenderPC_GL/CMakeFiles/xrRender_GL.dir/__/xrRender/r_constants.cpp.o
[654/1826] Building CXX object src/Layers/xrRenderPC_GL/CMakeFiles/xrRender_GL.dir/__/xrRender/ResourceManager_Loader.cpp.o
[655/1826] Building CXX object src/Layers/xrRenderPC_GL/CMakeFiles/xrRender_GL.dir/__/xrRender/ResourceManager.cpp.o
[656/1826] Building CXX object src/Layers/xrRenderPC_GL/CMakeFiles/xrRender_GL.dir/__/xrRender/r__sector_detect.cpp.o
[657/1826] Building CXX object src/Layers/xrRenderPC_GL/CMakeFiles/xrRender_GL.dir/__/xrRender/r__pixel_calculator.cpp.o
[658/1826] Building CXX object src/Layers/xrRenderPC_GL/CMakeFiles/xrRender_GL.dir/__/xrRender/r__occlusion.cpp.o
[659/1826] Building CXX object src/Layers/xrRenderPC_GL/CMakeFiles/xrRender_GL.dir/__/xrRender/r__sector.cpp.o
[660/1826] Building CXX object src/Layers/xrRenderPC_GL/CMakeFiles/xrRender_GL.dir/__/xrRender/ResourceManager_Reset.cpp.o
[661/1826] Building CXX object src/Layers/xrRenderPC_GL/CMakeFiles/xrRender_GL.dir/__/xrRender/r__dsgraph_render.cpp.o
In file included from /data/data/com.termux/files/home/xray-16/src/Layers/xrRender/r__dsgraph_render.cpp:7:
In file included from /data/data/com.termux/files/home/xray-16/src/Layers/xrRender/SkeletonCustom.h:4:
In file included from /data/data/com.termux/files/home/xray-16/src/xrCore/Animation/Bone.hpp:5:
In file included from /data/data/com.termux/files/home/xray-16/src/xrCore/_obb.h:3:
/data/data/com.termux/files/home/xray-16/src/xrCore/_matrix33.h:148:13: warning: variable 'nrot' set but not used [-Wunused-but-set-variable]
  148 |         int nrot;
      |             ^
In file included from /data/data/com.termux/files/home/xray-16/src/Layers/xrRender/r__dsgraph_render.cpp:7:
In file included from /data/data/com.termux/files/home/xray-16/src/Layers/xrRender/SkeletonCustom.h:4:
/data/data/com.termux/files/home/xray-16/src/xrCore/Animation/Bone.hpp:329:13: warning: virtual method '~CBone' is inside a 'final' class and can never be overridden [-Wunnecessary-virtual-specifier]
  329 |     virtual ~CBone() = default;
      |             ^
/data/data/com.termux/files/home/xray-16/src/xrCore/Animation/Bone.hpp:462:13: warning: virtual method '~CBoneData' is inside a 'final' class and can never be overridden [-Wunnecessary-virtual-specifier]
  462 |     virtual ~CBoneData() = default;
      |             ^
/data/data/com.termux/files/home/xray-16/src/xrCore/Animation/Bone.hpp:491:20: warning: virtual method 'mem_usage' is inside a 'final' class and can never be overridden [-Wunnecessary-virtual-specifier]
  491 |     virtual size_t mem_usage()
      |                    ^
4 warnings generated.
[662/1826] Building CXX object src/Layers/xrRenderPC_GL/CMakeFiles/xrRender_GL.dir/__/xrRender/r__dsgraph_build.cpp.o
In file included from /data/data/com.termux/files/home/xray-16/src/Layers/xrRender/r__dsgraph_build.cpp:4:
In file included from /data/data/com.termux/files/home/xray-16/src/Layers/xrRender/SkeletonCustom.h:4:
In file included from /data/data/com.termux/files/home/xray-16/src/xrCore/Animation/Bone.hpp:5:
In file included from /data/data/com.termux/files/home/xray-16/src/xrCore/_obb.h:3:
/data/data/com.termux/files/home/xray-16/src/xrCore/_matrix33.h:148:13: warning: variable 'nrot' set but not used [-Wunused-but-set-variable]
  148 |         int nrot;
      |             ^
In file included from /data/data/com.termux/files/home/xray-16/src/Layers/xrRender/r__dsgraph_build.cpp:4:
In file included from /data/data/com.termux/files/home/xray-16/src/Layers/xrRender/SkeletonCustom.h:4:
/data/data/com.termux/files/home/xray-16/src/xrCore/Animation/Bone.hpp:329:13: warning: virtual method '~CBone' is inside a 'final' class and can never be overridden [-Wunnecessary-virtual-specifier]
  329 |     virtual ~CBone() = default;
      |             ^
/data/data/com.termux/files/home/xray-16/src/xrCore/Animation/Bone.hpp:462:13: warning: virtual method '~CBoneData' is inside a 'final' class and can never be overridden [-Wunnecessary-virtual-specifier]
  462 |     virtual ~CBoneData() = default;
      |             ^
/data/data/com.termux/files/home/xray-16/src/xrCore/Animation/Bone.hpp:491:20: warning: virtual method 'mem_usage' is inside a 'final' class and can never be overridden [-Wunnecessary-virtual-specifier]
  491 |     virtual size_t mem_usage()
      |                    ^
/data/data/com.termux/files/home/xray-16/src/Layers/xrRender/r__dsgraph_build.cpp:44:14: warning: unused variable 'RI' [-Wunused-variable]
   44 |     CRender& RI = RImplementation;
      |              ^~
/data/data/com.termux/files/home/xray-16/src/Layers/xrRender/r__dsgraph_build.cpp:161:14: warning: unused variable 'RI' [-Wunused-variable]
  161 |     CRender& RI = RImplementation;
      |              ^~
/data/data/com.termux/files/home/xray-16/src/Layers/xrRender/r__dsgraph_build.cpp:759:25: warning: unused variable 'children' [-Wunused-variable]
  759 |             const auto &children = static_cast<FHierrarhyVisual*>(root)->children;
      |                         ^~~~~~~~
7 warnings generated.
[663/1826] Building CXX object src/Layers/xrRenderPC_GL/CMakeFiles/xrRender_GL.dir/__/xrRender/SH_Constant.cpp.o
[664/1826] Building CXX object src/Layers/xrRenderPC_GL/CMakeFiles/xrRender_GL.dir/__/xrRender/r__sync_point.cpp.o
[665/1826] Building CXX object src/Layers/xrRenderPC_GL/CMakeFiles/xrRender_GL.dir/__/xrRender/r__sector_traversal.cpp.o
/data/data/com.termux/files/home/xray-16/src/Layers/xrRender/r__sector_traversal.cpp:17:30: warning: suggest braces around initialization of subobject [-Wmissing-braces]
   17 |     Fmatrix m_viewport_01 = {1.f / 2.f, 0.0f, 0.0f, 0.0f, 0.0f, -1.f / 2.f, 0.0f, 0.0f, 0.0f, 0.0f, 1.0f, 0.0f,
      |                              ^~~~~~~~~~~~~~~~~~~~~~~~~~~~~~~~~~~~~~~~~~~~~~~~~~~~~~~~~~~~~~~~~~~~~~~~~~~~~~~~~~
      |                              {
   18 |         1.f / 2.f + 0 + 0, 1.f / 2.f + 0 + 0, 0.0f, 1.0f};
      |         ~~~~~~~~~~~~~~~~~~~~~~~~~~~~~~~~~~~~~~~~~~~~~~~~
      |                                                         }
1 warning generated.
[666/1826] Building CXX object src/Layers/xrRenderPC_GL/CMakeFiles/xrRender_GL.dir/__/xrRender/SH_Atomic.cpp.o
[667/1826] Building CXX object src/Layers/xrRenderPC_GL/CMakeFiles/xrRender_GL.dir/__/xrRender/Shader.cpp.o
[668/1826] Building CXX object src/Layers/xrRenderPC_GL/CMakeFiles/xrRender_GL.dir/__/xrRender/SH_Matrix.cpp.o
[669/1826] Building CXX object src/Layers/xrRenderPC_GL/CMakeFiles/xrRender_GL.dir/__/xrRender/SkeletonXSkinXW_CPP.cpp.o
In file included from /data/data/com.termux/files/home/xray-16/src/Layers/xrRender/SkeletonXSkinXW_CPP.cpp:3:
In file included from /data/data/com.termux/files/home/xray-16/src/xrCore/Animation/Bone.hpp:5:
In file included from /data/data/com.termux/files/home/xray-16/src/xrCore/_obb.h:3:
/data/data/com.termux/files/home/xray-16/src/xrCore/_matrix33.h:148:13: warning: variable 'nrot' set but not used [-Wunused-but-set-variable]
  148 |         int nrot;
      |             ^
In file included from /data/data/com.termux/files/home/xray-16/src/Layers/xrRender/SkeletonXSkinXW_CPP.cpp:3:
/data/data/com.termux/files/home/xray-16/src/xrCore/Animation/Bone.hpp:329:13: warning: virtual method '~CBone' is inside a 'final' class and can never be overridden [-Wunnecessary-virtual-specifier]
  329 |     virtual ~CBone() = default;
      |             ^
/data/data/com.termux/files/home/xray-16/src/xrCore/Animation/Bone.hpp:462:13: warning: virtual method '~CBoneData' is inside a 'final' class and can never be overridden [-Wunnecessary-virtual-specifier]
  462 |     virtual ~CBoneData() = default;
      |             ^
/data/data/com.termux/files/home/xray-16/src/xrCore/Animation/Bone.hpp:491:20: warning: virtual method 'mem_usage' is inside a 'final' class and can never be overridden [-Wunnecessary-virtual-specifier]
  491 |     virtual size_t mem_usage()
      |                    ^
4 warnings generated.
[670/1826] Building CXX object src/Layers/xrRenderPC_GL/CMakeFiles/xrRender_GL.dir/__/xrRender/VertexCache.cpp.o
[671/1826] Building CXX object src/Layers/xrRenderPC_GL/CMakeFiles/xrRender_GL.dir/__/xrRender/SkeletonXSkinXW_SSE.cpp.o
In file included from /data/data/com.termux/files/home/xray-16/src/Layers/xrRender/SkeletonXSkinXW_SSE.cpp:3:
In file included from /data/data/com.termux/files/home/xray-16/src/xrCore/Animation/Bone.hpp:5:
In file included from /data/data/com.termux/files/home/xray-16/src/xrCore/_obb.h:3:
/data/data/com.termux/files/home/xray-16/src/xrCore/_matrix33.h:148:13: warning: variable 'nrot' set but not used [-Wunused-but-set-variable]
  148 |         int nrot;
      |             ^
In file included from /data/data/com.termux/files/home/xray-16/src/Layers/xrRender/SkeletonXSkinXW_SSE.cpp:3:
/data/data/com.termux/files/home/xray-16/src/xrCore/Animation/Bone.hpp:329:13: warning: virtual method '~CBone' is inside a 'final' class and can never be overridden [-Wunnecessary-virtual-specifier]
  329 |     virtual ~CBone() = default;
      |             ^
/data/data/com.termux/files/home/xray-16/src/xrCore/Animation/Bone.hpp:462:13: warning: virtual method '~CBoneData' is inside a 'final' class and can never be overridden [-Wunnecessary-virtual-specifier]
  462 |     virtual ~CBoneData() = default;
      |             ^
/data/data/com.termux/files/home/xray-16/src/xrCore/Animation/Bone.hpp:491:20: warning: virtual method 'mem_usage' is inside a 'final' class and can never be overridden [-Wunnecessary-virtual-specifier]
  491 |     virtual size_t mem_usage()
      |                    ^
4 warnings generated.
[672/1826] Building CXX object src/Layers/xrRenderPC_GL/CMakeFiles/xrRender_GL.dir/__/xrRender/tss_def.cpp.o
[673/1826] Building CXX object src/Layers/xrRenderPC_GL/CMakeFiles/xrRender_GL.dir/__/xrRender/xr_effgamma.cpp.o
[674/1826] Building CXX object src/Layers/xrRenderPC_GL/CMakeFiles/xrRender_GL.dir/__/xrRender/ResourceManager_Resources.cpp.o
[675/1826] Building CXX object src/Layers/xrRenderPC_GL/CMakeFiles/xrRender_GL.dir/__/xrRender/SkeletonRigid.cpp.o
In file included from /data/data/com.termux/files/home/xray-16/src/Layers/xrRender/SkeletonRigid.cpp:5:
In file included from /data/data/com.termux/files/home/xray-16/src/Layers/xrRender/SkeletonCustom.h:4:
In file included from /data/data/com.termux/files/home/xray-16/src/xrCore/Animation/Bone.hpp:5:
In file included from /data/data/com.termux/files/home/xray-16/src/xrCore/_obb.h:3:
/data/data/com.termux/files/home/xray-16/src/xrCore/_matrix33.h:148:13: warning: variable 'nrot' set but not used [-Wunused-but-set-variable]
  148 |         int nrot;
      |             ^
In file included from /data/data/com.termux/files/home/xray-16/src/Layers/xrRender/SkeletonRigid.cpp:5:
In file included from /data/data/com.termux/files/home/xray-16/src/Layers/xrRender/SkeletonCustom.h:4:
/data/data/com.termux/files/home/xray-16/src/xrCore/Animation/Bone.hpp:329:13: warning: virtual method '~CBone' is inside a 'final' class and can never be overridden [-Wunnecessary-virtual-specifier]
  329 |     virtual ~CBone() = default;
      |             ^
/data/data/com.termux/files/home/xray-16/src/xrCore/Animation/Bone.hpp:462:13: warning: virtual method '~CBoneData' is inside a 'final' class and can never be overridden [-Wunnecessary-virtual-specifier]
  462 |     virtual ~CBoneData() = default;
      |             ^
/data/data/com.termux/files/home/xray-16/src/xrCore/Animation/Bone.hpp:491:20: warning: virtual method 'mem_usage' is inside a 'final' class and can never be overridden [-Wunnecessary-virtual-specifier]
  491 |     virtual size_t mem_usage()
      |                    ^
4 warnings generated.
[676/1826] Building CXX object src/Layers/xrRenderPC_GL/CMakeFiles/xrRender_GL.dir/__/xrRender/TextureDescrManager.cpp.o
[677/1826] Building CXX object src/Layers/xrRenderPC_GL/CMakeFiles/xrRender_GL.dir/__/xrRender/SkeletonX.cpp.o
In file included from /data/data/com.termux/files/home/xray-16/src/Layers/xrRender/SkeletonX.cpp:8:
In file included from /data/data/com.termux/files/home/xray-16/src/Layers/xrRender/SkeletonX.h:7:
In file included from /data/data/com.termux/files/home/xray-16/src/Layers/xrRender/SkeletonCustom.h:4:
In file included from /data/data/com.termux/files/home/xray-16/src/xrCore/Animation/Bone.hpp:5:
In file included from /data/data/com.termux/files/home/xray-16/src/xrCore/_obb.h:3:
/data/data/com.termux/files/home/xray-16/src/xrCore/_matrix33.h:148:13: warning: variable 'nrot' set but not used [-Wunused-but-set-variable]
  148 |         int nrot;
      |             ^
In file included from /data/data/com.termux/files/home/xray-16/src/Layers/xrRender/SkeletonX.cpp:8:
In file included from /data/data/com.termux/files/home/xray-16/src/Layers/xrRender/SkeletonX.h:7:
In file included from /data/data/com.termux/files/home/xray-16/src/Layers/xrRender/SkeletonCustom.h:4:
/data/data/com.termux/files/home/xray-16/src/xrCore/Animation/Bone.hpp:329:13: warning: virtual method '~CBone' is inside a 'final' class and can never be overridden [-Wunnecessary-virtual-specifier]
  329 |     virtual ~CBone() = default;
      |             ^
/data/data/com.termux/files/home/xray-16/src/xrCore/Animation/Bone.hpp:462:13: warning: virtual method '~CBoneData' is inside a 'final' class and can never be overridden [-Wunnecessary-virtual-specifier]
  462 |     virtual ~CBoneData() = default;
      |             ^
/data/data/com.termux/files/home/xray-16/src/xrCore/Animation/Bone.hpp:491:20: warning: virtual method 'mem_usage' is inside a 'final' class and can never be overridden [-Wunnecessary-virtual-specifier]
  491 |     virtual size_t mem_usage()
      |                    ^
4 warnings generated.
[678/1826] Building CXX object src/Layers/xrRenderPC_GL/CMakeFiles/xrRender_GL.dir/__/xrRender/blenders/blender_bloom_build.cpp.o
[679/1826] Building CXX object src/Layers/xrRenderPC_GL/CMakeFiles/xrRender_GL.dir/__/xrRender/xrStripify.cpp.o
[680/1826] Building CXX object src/Layers/xrRenderPC_GL/CMakeFiles/xrRender_GL.dir/__/xrRender/blenders/blender_deffer_flat.cpp.o
[681/1826] Building CXX object src/Layers/xrRenderPC_GL/CMakeFiles/xrRender_GL.dir/__/xrRender/WallmarksEngine.cpp.o
In file included from /data/data/com.termux/files/home/xray-16/src/Layers/xrRender/WallmarksEngine.cpp:9:
In file included from /data/data/com.termux/files/home/xray-16/src/Layers/xrRender/SkeletonCustom.h:4:
In file included from /data/data/com.termux/files/home/xray-16/src/xrCore/Animation/Bone.hpp:5:
In file included from /data/data/com.termux/files/home/xray-16/src/xrCore/_obb.h:3:
/data/data/com.termux/files/home/xray-16/src/xrCore/_matrix33.h:148:13: warning: variable 'nrot' set but not used [-Wunused-but-set-variable]
  148 |         int nrot;
      |             ^
In file included from /data/data/com.termux/files/home/xray-16/src/Layers/xrRender/WallmarksEngine.cpp:9:
In file included from /data/data/com.termux/files/home/xray-16/src/Layers/xrRender/SkeletonCustom.h:4:
/data/data/com.termux/files/home/xray-16/src/xrCore/Animation/Bone.hpp:329:13: warning: virtual method '~CBone' is inside a 'final' class and can never be overridden [-Wunnecessary-virtual-specifier]
  329 |     virtual ~CBone() = default;
      |             ^
/data/data/com.termux/files/home/xray-16/src/xrCore/Animation/Bone.hpp:462:13: warning: virtual method '~CBoneData' is inside a 'final' class and can never be overridden [-Wunnecessary-virtual-specifier]
  462 |     virtual ~CBoneData() = default;
      |             ^
/data/data/com.termux/files/home/xray-16/src/xrCore/Animation/Bone.hpp:491:20: warning: virtual method 'mem_usage' is inside a 'final' class and can never be overridden [-Wunnecessary-virtual-specifier]
  491 |     virtual size_t mem_usage()
      |                    ^
/data/data/com.termux/files/home/xray-16/src/Layers/xrRender/WallmarksEngine.cpp:34:13: warning: unused variable 'I_DIST_FADE_SQR' [-Wunused-const-variable]
   34 | const float I_DIST_FADE_SQR = 1.f / W_DIST_FADE_SQR;
      |             ^~~~~~~~~~~~~~~
5 warnings generated.
[682/1826] Building CXX object src/Layers/xrRenderPC_GL/CMakeFiles/xrRender_GL.dir/__/xrRender/blenders/blender_deffer_aref.cpp.o
/data/data/com.termux/files/home/xray-16/src/Layers/xrRender/blenders/blender_deffer_aref.cpp:30:26: warning: no case matching constant switch condition '4'
   30 |         xrPREAD_PROP(fs, xrPID_INTEGER, oAREF);
      |                          ^~~~~~~~~~~~~
/data/data/com.termux/files/home/xray-16/src/Layers/xrRender/blenders/blender_deffer_aref.cpp:31:26: warning: no case matching constant switch condition '6'
   31 |         xrPREAD_PROP(fs, xrPID_BOOL, oBlend);
      |                          ^~~~~~~~~~
2 warnings generated.
[683/1826] Building CXX object src/Layers/xrRenderPC_GL/CMakeFiles/xrRender_GL.dir/__/xrRender/blenders/Blender_BmmD_deferred.cpp.o
/data/data/com.termux/files/home/xray-16/src/Layers/xrRender/blenders/Blender_BmmD_deferred.cpp:39:26: warning: no case matching constant switch condition '3'
   39 |         xrPREAD_PROP(fs, xrPID_TEXTURE, oT2_Name);
      |                          ^~~~~~~~~~~~~
/data/data/com.termux/files/home/xray-16/src/Layers/xrRender/blenders/Blender_BmmD_deferred.cpp:40:26: warning: no case matching constant switch condition '1'
   40 |         xrPREAD_PROP(fs, xrPID_MATRIX, oT2_xform);
      |                          ^~~~~~~~~~~~
/data/data/com.termux/files/home/xray-16/src/Layers/xrRender/blenders/Blender_BmmD_deferred.cpp:45:26: warning: no case matching constant switch condition '3'
   45 |         xrPREAD_PROP(fs, xrPID_TEXTURE, oT2_Name);
      |                          ^~~~~~~~~~~~~
/data/data/com.termux/files/home/xray-16/src/Layers/xrRender/blenders/Blender_BmmD_deferred.cpp:46:26: warning: no case matching constant switch condition '1'
   46 |         xrPREAD_PROP(fs, xrPID_MATRIX, oT2_xform);
      |                          ^~~~~~~~~~~~
/data/data/com.termux/files/home/xray-16/src/Layers/xrRender/blenders/Blender_BmmD_deferred.cpp:47:26: warning: no case matching constant switch condition '3'
   47 |         xrPREAD_PROP(fs, xrPID_TEXTURE, oR_Name);
      |                          ^~~~~~~~~~~~~
/data/data/com.termux/files/home/xray-16/src/Layers/xrRender/blenders/Blender_BmmD_deferred.cpp:48:26: warning: no case matching constant switch condition '3'
   48 |         xrPREAD_PROP(fs, xrPID_TEXTURE, oG_Name);
      |                          ^~~~~~~~~~~~~
/data/data/com.termux/files/home/xray-16/src/Layers/xrRender/blenders/Blender_BmmD_deferred.cpp:49:26: warning: no case matching constant switch condition '3'
   49 |         xrPREAD_PROP(fs, xrPID_TEXTURE, oB_Name);
      |                          ^~~~~~~~~~~~~
/data/data/com.termux/files/home/xray-16/src/Layers/xrRender/blenders/Blender_BmmD_deferred.cpp:50:26: warning: no case matching constant switch condition '3'
   50 |         xrPREAD_PROP(fs, xrPID_TEXTURE, oA_Name);
      |                          ^~~~~~~~~~~~~
8 warnings generated.
[684/1826] Building CXX object src/Layers/xrRenderPC_GL/CMakeFiles/xrRender_GL.dir/__/xrRender/blenders/blender_deffer_model.cpp.o
/data/data/com.termux/files/home/xray-16/src/Layers/xrRender/blenders/blender_deffer_model.cpp:55:26: warning: no case matching constant switch condition '6'
   55 |         xrPREAD_PROP(fs, xrPID_BOOL, oBlend);
      |                          ^~~~~~~~~~
/data/data/com.termux/files/home/xray-16/src/Layers/xrRender/blenders/blender_deffer_model.cpp:56:26: warning: no case matching constant switch condition '4'
   56 |         xrPREAD_PROP(fs, xrPID_INTEGER, oAREF);
      |                          ^~~~~~~~~~~~~
2 warnings generated.
[685/1826] Building CXX object src/Layers/xrRenderPC_GL/CMakeFiles/xrRender_GL.dir/__/xrRender/blenders/Blender_detail_still_deferred.cpp.o
/data/data/com.termux/files/home/xray-16/src/Layers/xrRender/blenders/Blender_detail_still_deferred.cpp:24:22: warning: no case matching constant switch condition '6'
   24 |     xrPREAD_PROP(fs, xrPID_BOOL, oBlend);
      |                      ^~~~~~~~~~
1 warning generated.
[686/1826] Building CXX object src/Layers/xrRenderPC_GL/CMakeFiles/xrRender_GL.dir/__/xrRender/blenders/blender_combine.cpp.o
[687/1826] Building CXX object src/Layers/xrRenderPC_GL/CMakeFiles/xrRender_GL.dir/__/xrRender/blenders/blender_light_direct_cascade.cpp.o
[688/1826] Building CXX object src/Layers/xrRenderPC_GL/CMakeFiles/xrRender_GL.dir/__/xrRender/blenders/blender_light_occq.cpp.o
[689/1826] Building CXX object src/Layers/xrRenderPC_GL/CMakeFiles/xrRender_GL.dir/__/xrRender/SkeletonAnimated.cpp.o
In file included from /data/data/com.termux/files/home/xray-16/src/Layers/xrRender/SkeletonAnimated.cpp:5:
In file included from /data/data/com.termux/files/home/xray-16/src/Layers/xrRender/SkeletonAnimated.h:3:
In file included from /data/data/com.termux/files/home/xray-16/src/Layers/xrRender/SkeletonCustom.h:4:
In file included from /data/data/com.termux/files/home/xray-16/src/xrCore/Animation/Bone.hpp:5:
In file included from /data/data/com.termux/files/home/xray-16/src/xrCore/_obb.h:3:
/data/data/com.termux/files/home/xray-16/src/xrCore/_matrix33.h:148:13: warning: variable 'nrot' set but not used [-Wunused-but-set-variable]
  148 |         int nrot;
      |             ^
In file included from /data/data/com.termux/files/home/xray-16/src/Layers/xrRender/SkeletonAnimated.cpp:5:
In file included from /data/data/com.termux/files/home/xray-16/src/Layers/xrRender/SkeletonAnimated.h:3:
In file included from /data/data/com.termux/files/home/xray-16/src/Layers/xrRender/SkeletonCustom.h:4:
/data/data/com.termux/files/home/xray-16/src/xrCore/Animation/Bone.hpp:329:13: warning: virtual method '~CBone' is inside a 'final' class and can never be overridden [-Wunnecessary-virtual-specifier]
  329 |     virtual ~CBone() = default;
      |             ^
/data/data/com.termux/files/home/xray-16/src/xrCore/Animation/Bone.hpp:462:13: warning: virtual method '~CBoneData' is inside a 'final' class and can never be overridden [-Wunnecessary-virtual-specifier]
  462 |     virtual ~CBoneData() = default;
      |             ^
/data/data/com.termux/files/home/xray-16/src/xrCore/Animation/Bone.hpp:491:20: warning: virtual method 'mem_usage' is inside a 'final' class and can never be overridden [-Wunnecessary-virtual-specifier]
  491 |     virtual size_t mem_usage()
      |                    ^
4 warnings generated.
[690/1826] Building CXX object src/Layers/xrRenderPC_GL/CMakeFiles/xrRender_GL.dir/__/xrRender/blenders/blender_light_point.cpp.o
[691/1826] Building CXX object src/Layers/xrRenderPC_GL/CMakeFiles/xrRender_GL.dir/__/xrRender/blenders/Blender_Editor_Selection.cpp.o
/data/data/com.termux/files/home/xray-16/src/Layers/xrRender/blenders/Blender_Editor_Selection.cpp:35:22: warning: no case matching constant switch condition '2'
   35 |     xrPREAD_PROP(fs, xrPID_CONSTANT, oT_Factor);
      |                      ^~~~~~~~~~~~~~
1 warning generated.
[692/1826] Building CXX object src/Layers/xrRenderPC_GL/CMakeFiles/xrRender_GL.dir/__/xrRender/xrRender_console.cpp.o
In file included from /data/data/com.termux/files/home/xray-16/src/Layers/xrRender/xrRender_console.cpp:6:
In file included from /data/data/com.termux/files/home/xray-16/src/xrCore/Animation/SkeletonMotions.hpp:5:
In file included from /data/data/com.termux/files/home/xray-16/src/xrCore/Animation/Bone.hpp:5:
In file included from /data/data/com.termux/files/home/xray-16/src/xrCore/_obb.h:3:
/data/data/com.termux/files/home/xray-16/src/xrCore/_matrix33.h:148:13: warning: variable 'nrot' set but not used [-Wunused-but-set-variable]
  148 |         int nrot;
      |             ^
In file included from /data/data/com.termux/files/home/xray-16/src/Layers/xrRender/xrRender_console.cpp:6:
In file included from /data/data/com.termux/files/home/xray-16/src/xrCore/Animation/SkeletonMotions.hpp:5:
/data/data/com.termux/files/home/xray-16/src/xrCore/Animation/Bone.hpp:329:13: warning: virtual method '~CBone' is inside a 'final' class and can never be overridden [-Wunnecessary-virtual-specifier]
  329 |     virtual ~CBone() = default;
      |             ^
/data/data/com.termux/files/home/xray-16/src/xrCore/Animation/Bone.hpp:462:13: warning: virtual method '~CBoneData' is inside a 'final' class and can never be overridden [-Wunnecessary-virtual-specifier]
  462 |     virtual ~CBoneData() = default;
      |             ^
/data/data/com.termux/files/home/xray-16/src/xrCore/Animation/Bone.hpp:491:20: warning: virtual method 'mem_usage' is inside a 'final' class and can never be overridden [-Wunnecessary-virtual-specifier]
  491 |     virtual size_t mem_usage()
      |                    ^
4 warnings generated.
[693/1826] Building CXX object src/Layers/xrRenderPC_GL/CMakeFiles/xrRender_GL.dir/__/xrRender/SkeletonCustom.cpp.o
In file included from /data/data/com.termux/files/home/xray-16/src/Layers/xrRender/SkeletonCustom.cpp:5:
In file included from /data/data/com.termux/files/home/xray-16/src/Layers/xrRender/SkeletonCustom.h:4:
In file included from /data/data/com.termux/files/home/xray-16/src/xrCore/Animation/Bone.hpp:5:
In file included from /data/data/com.termux/files/home/xray-16/src/xrCore/_obb.h:3:
/data/data/com.termux/files/home/xray-16/src/xrCore/_matrix33.h:148:13: warning: variable 'nrot' set but not used [-Wunused-but-set-variable]
  148 |         int nrot;
      |             ^
In file included from /data/data/com.termux/files/home/xray-16/src/Layers/xrRender/SkeletonCustom.cpp:5:
In file included from /data/data/com.termux/files/home/xray-16/src/Layers/xrRender/SkeletonCustom.h:4:
/data/data/com.termux/files/home/xray-16/src/xrCore/Animation/Bone.hpp:329:13: warning: virtual method '~CBone' is inside a 'final' class and can never be overridden [-Wunnecessary-virtual-specifier]
  329 |     virtual ~CBone() = default;
      |             ^
/data/data/com.termux/files/home/xray-16/src/xrCore/Animation/Bone.hpp:462:13: warning: virtual method '~CBoneData' is inside a 'final' class and can never be overridden [-Wunnecessary-virtual-specifier]
  462 |     virtual ~CBoneData() = default;
      |             ^
/data/data/com.termux/files/home/xray-16/src/xrCore/Animation/Bone.hpp:491:20: warning: virtual method 'mem_usage' is inside a 'final' class and can never be overridden [-Wunnecessary-virtual-specifier]
  491 |     virtual size_t mem_usage()
      |                    ^
4 warnings generated.
[694/1826] Building CXX object src/Layers/xrRenderPC_GL/CMakeFiles/xrRender_GL.dir/__/xrRender/blenders/blender_light_mask.cpp.o
[695/1826] Building CXX object src/Layers/xrRenderPC_GL/CMakeFiles/xrRender_GL.dir/__/xrRender/blenders/Blender_Editor_Wire.cpp.o
/data/data/com.termux/files/home/xray-16/src/Layers/xrRender/blenders/Blender_Editor_Wire.cpp:35:22: warning: no case matching constant switch condition '2'
   35 |     xrPREAD_PROP(fs, xrPID_CONSTANT, oT_Factor);
      |                      ^~~~~~~~~~~~~~
1 warning generated.
[696/1826] Building CXX object src/Layers/xrRenderPC_GL/CMakeFiles/xrRender_GL.dir/__/xrRender/blenders/blender_light_reflected.cpp.o
[697/1826] Building CXX object src/Layers/xrRenderPC_GL/CMakeFiles/xrRender_GL.dir/__/xrRender/blenders/blender_light_spot.cpp.o
[698/1826] Building CXX object src/Layers/xrRenderPC_GL/CMakeFiles/xrRender_GL.dir/__/xrRender/blenders/blender_light_direct.cpp.o
[699/1826] Building CXX object src/Layers/xrRenderPC_GL/CMakeFiles/xrRender_GL.dir/__/xrRender/blenders/Blender_Particle_deferred.cpp.o
/data/data/com.termux/files/home/xray-16/src/Layers/xrRender/blenders/Blender_Particle_deferred.cpp:59:22: warning: no case matching constant switch condition '6'
   59 |     xrPREAD_PROP(fs, xrPID_BOOL, oClamp);
      |                      ^~~~~~~~~~
/data/data/com.termux/files/home/xray-16/src/Layers/xrRender/blenders/Blender_Particle_deferred.cpp:60:22: warning: no case matching constant switch condition '4'
   60 |     xrPREAD_PROP(fs, xrPID_INTEGER, oAREF);
      |                      ^~~~~~~~~~~~~
2 warnings generated.
[700/1826] Building CXX object 'src/Layers/xrRenderPC_GL/CMakeFiles/xrRender_GL.dir/__/xrRender/blenders/Blender_Lm(EbB).cpp.o'
/data/data/com.termux/files/home/xray-16/src/Layers/xrRender/blenders/Blender_Lm(EbB).cpp:31:22: warning: no case matching constant switch condition '3'
   31 |     xrPREAD_PROP(fs, xrPID_TEXTURE, oT2_Name);
      |                      ^~~~~~~~~~~~~
/data/data/com.termux/files/home/xray-16/src/Layers/xrRender/blenders/Blender_Lm(EbB).cpp:32:22: warning: no case matching constant switch condition '1'
   32 |     xrPREAD_PROP(fs, xrPID_MATRIX, oT2_xform);
      |                      ^~~~~~~~~~~~
/data/data/com.termux/files/home/xray-16/src/Layers/xrRender/blenders/Blender_Lm(EbB).cpp:35:26: warning: no case matching constant switch condition '6'
   35 |         xrPREAD_PROP(fs, xrPID_BOOL, oBlend);
      |                          ^~~~~~~~~~
3 warnings generated.
[701/1826] Building CXX object src/Layers/xrRenderPC_GL/CMakeFiles/xrRender_GL.dir/__/xrRender/blenders/Blender_Screen_SET.cpp.o
/data/data/com.termux/files/home/xray-16/src/Layers/xrRender/blenders/Blender_Screen_SET.cpp:94:26: warning: no case matching constant switch condition '6'
   94 |         xrPREAD_PROP(fs, xrPID_BOOL, oClamp);
      |                          ^~~~~~~~~~
/data/data/com.termux/files/home/xray-16/src/Layers/xrRender/blenders/Blender_Screen_SET.cpp:98:22: warning: no case matching constant switch condition '4'
   98 |     xrPREAD_PROP(fs, xrPID_INTEGER, oAREF);
      |                      ^~~~~~~~~~~~~
/data/data/com.termux/files/home/xray-16/src/Layers/xrRender/blenders/Blender_Screen_SET.cpp:99:22: warning: no case matching constant switch condition '6'
   99 |     xrPREAD_PROP(fs, xrPID_BOOL, oZTest);
      |                      ^~~~~~~~~~
/data/data/com.termux/files/home/xray-16/src/Layers/xrRender/blenders/Blender_Screen_SET.cpp:100:22: warning: no case matching constant switch condition '6'
  100 |     xrPREAD_PROP(fs, xrPID_BOOL, oZWrite);
      |                      ^~~~~~~~~~
/data/data/com.termux/files/home/xray-16/src/Layers/xrRender/blenders/Blender_Screen_SET.cpp:101:22: warning: no case matching constant switch condition '6'
  101 |     xrPREAD_PROP(fs, xrPID_BOOL, oLighting);
      |                      ^~~~~~~~~~
/data/data/com.termux/files/home/xray-16/src/Layers/xrRender/blenders/Blender_Screen_SET.cpp:102:22: warning: no case matching constant switch condition '6'
  102 |     xrPREAD_PROP(fs, xrPID_BOOL, oFog);
      |                      ^~~~~~~~~~
6 warnings generated.
[702/1826] Building CXX object src/Layers/xrRenderPC_GL/CMakeFiles/xrRender_GL.dir/__/xrRender/blenders/blender_luminance.cpp.o
[703/1826] Building CXX object src/Layers/xrRenderPC_GL/CMakeFiles/xrRender_GL.dir/__/xrRender/blenders/Blender_tree_deferred.cpp.o
/data/data/com.termux/files/home/xray-16/src/Layers/xrRender/blenders/Blender_tree_deferred.cpp:27:22: warning: no case matching constant switch condition '6'
   27 |     xrPREAD_PROP(fs, xrPID_BOOL, oBlend);
      |                      ^~~~~~~~~~
/data/data/com.termux/files/home/xray-16/src/Layers/xrRender/blenders/Blender_tree_deferred.cpp:30:26: warning: no case matching constant switch condition '6'
   30 |         xrPREAD_PROP(fs, xrPID_BOOL, oNotAnTree);
      |                          ^~~~~~~~~~
2 warnings generated.
[704/1826] Building CXX object src/Layers/xrRenderPC_GL/CMakeFiles/xrRender_GL.dir/__/xrRender/blenders/Blender_Model_EbB_deferred.cpp.o
/data/data/com.termux/files/home/xray-16/src/Layers/xrRender/blenders/Blender_Model_EbB_deferred.cpp:32:22: warning: no case matching constant switch condition '3'
   32 |     xrPREAD_PROP(fs, xrPID_TEXTURE, oT2_Name);
      |                      ^~~~~~~~~~~~~
/data/data/com.termux/files/home/xray-16/src/Layers/xrRender/blenders/Blender_Model_EbB_deferred.cpp:33:22: warning: no case matching constant switch condition '1'
   33 |     xrPREAD_PROP(fs, xrPID_MATRIX, oT2_xform);
      |                      ^~~~~~~~~~~~
/data/data/com.termux/files/home/xray-16/src/Layers/xrRender/blenders/Blender_Model_EbB_deferred.cpp:36:26: warning: no case matching constant switch condition '6'
   36 |         xrPREAD_PROP(fs, xrPID_BOOL, oBlend);
      |                          ^~~~~~~~~~
3 warnings generated.
[705/1826] Building CXX object src/Layers/xrRenderPC_GL/CMakeFiles/xrRender_GL.dir/__/xrRender/blenders/blender_ssao.cpp.o
[706/1826] Building CXX object src/Layers/xrRenderPC_GL/CMakeFiles/xrRender_GL.dir/__/xrRender/blenders/glRainBlender.cpp.o
[707/1826] Building CXX object src/Layers/xrRenderPC_GL/CMakeFiles/xrRender_GL.dir/__/xrRender/blenders/glMSAABlender.cpp.o
[708/1826] Building CXX object src/Layers/xrRenderPC_GL/CMakeFiles/xrRender_GL.dir/__/xrRender/blenders/glMinMaxSMBlender.cpp.o
[709/1826] Building CXX object src/Layers/xrRenderPC_GL/CMakeFiles/xrRender_GL.dir/__/xrRender_R2/r2_blenders.cpp.o
[710/1826] Building CXX object src/Layers/xrRenderPC_GL/CMakeFiles/xrRender_GL.dir/__/xrRender_R2/r2_R_calculate.cpp.o
[711/1826] Building CXX object src/Layers/xrRenderPC_GL/CMakeFiles/xrRender_GL.dir/__/xrRender_R2/r2_rendertarget_accum_point_geom.cpp.o
[712/1826] Building CXX object src/Layers/xrRenderPC_GL/CMakeFiles/xrRender_GL.dir/__/xrRender_R2/r2_rendertarget_accum_omnipart_geom.cpp.o
[713/1826] Building CXX object src/Layers/xrRenderPC_GL/CMakeFiles/xrRender_GL.dir/__/xrRender/blenders/uber_deffer.cpp.o
[714/1826] Building CXX object src/Layers/xrRenderPC_GL/CMakeFiles/xrRender_GL.dir/__/xrRender_R2/r2_rendertarget_phase_accumulator.cpp.o
[715/1826] Building CXX object src/Layers/xrRenderPC_GL/CMakeFiles/xrRender_GL.dir/__/xrRender_R2/r2_rendertarget_accum_reflected.cpp.o
/data/data/com.termux/files/home/xray-16/src/Layers/xrRender_R2/r2_rendertarget_accum_reflected.cpp:47:13: warning: suggest braces around initialization of subobject [-Wmissing-braces]
   47 |             0.5f, 0.0f, 0.0f, 0.0f,
      |             ^~~~~~~~~~~~~~~~~~~~~~~
      |             {
   48 |             0.0f, 0.5f, 0.0f, 0.0f,
      |             ~~~~~~~~~~~~~~~~~~~~~~~
   49 |             0.0f, 0.0f, 1.0f, 0.0f,
      |             ~~~~~~~~~~~~~~~~~~~~~~~
   50 |             0.5f + o_w, 0.5f + o_h, 0.0f, 1.0f
      |             ~~~~~~~~~~~~~~~~~~~~~~~~~~~~~~~~~~
      |                                               }
1 warning generated.
[716/1826] Building CXX object src/Layers/xrRenderPC_GL/CMakeFiles/xrRender_GL.dir/__/xrRender_R2/r2_rendertarget_accum_spot_geom.cpp.o
[717/1826] Building CXX object src/Layers/xrRenderPC_GL/CMakeFiles/xrRender_GL.dir/__/xrRender_R2/r2_rendertarget_draw_volume.cpp.o
[718/1826] Building CXX object src/Layers/xrRenderPC_GL/CMakeFiles/xrRender_GL.dir/__/xrRender_R2/r2_rendertarget_enable_scissor.cpp.o
In file included from /data/data/com.termux/files/home/xray-16/src/Layers/xrRender_R2/r2_rendertarget_enable_scissor.cpp:2:
In file included from /data/data/com.termux/files/home/xray-16/src/xrCDB/Intersect.hpp:3:
/data/data/com.termux/files/home/xray-16/src/xrCore/_matrix33.h:148:13: warning: variable 'nrot' set but not used [-Wunused-but-set-variable]
  148 |         int nrot;
      |             ^
1 warning generated.
[719/1826] Building CXX object src/Layers/xrRenderPC_GL/CMakeFiles/xrRender_GL.dir/__/xrRender_R2/r2_R_render.cpp.o
[720/1826] Building CXX object src/Layers/xrRenderPC_GL/CMakeFiles/xrRender_GL.dir/__/xrRender_R2/r2_rendertarget.cpp.o
/data/data/com.termux/files/home/xray-16/src/Layers/xrRender_R2/r2_rendertarget.cpp:84:9: warning: suggest braces around initialization of subobject [-Wmissing-braces]
   84 |         0.5f, 0.0f, 0.0f, 0.0f,
      |         ^~~~~~~~~~~~~~~~~~~~~~~
      |         {
   85 |         0.0f, 0.5f, 0.0f, 0.0f,
      |         ~~~~~~~~~~~~~~~~~~~~~~~
   86 |         0.0f, 0.0f, 1.0f, 0.0f,
      |         ~~~~~~~~~~~~~~~~~~~~~~~
   87 |         0.5f, 0.5f, 0.0f, 1.0f
      |         ~~~~~~~~~~~~~~~~~~~~~~
      |                               }
/data/data/com.termux/files/home/xray-16/src/Layers/xrRender_R2/r2_rendertarget.cpp:102:9: warning: suggest braces around initialization of subobject [-Wmissing-braces]
  102 |         0.5f, 0.0f, 0.0f, 0.0f,
      |         ^~~~~~~~~~~~~~~~~~~~~~~
      |         {
  103 | #if defined(USE_DX11)
      | ~~~~~~~~~~~~~~~~~~~~~
  104 |         0.0f, -0.5f, 0.0f, 0.0f,
      |         ~~~~~~~~~~~~~~~~~~~~~~~~
  105 | #elif defined(USE_OGL)
      | ~~~~~~~~~~~~~~~~~~~~~~
  106 |         0.0f, 0.5f, 0.0f, 0.0f,
      |         ~~~~~~~~~~~~~~~~~~~~~~~
  107 | #else
      | ~~~~~
  108 | #   error No graphics API selected or enabled!
      | ~~~~~~~~~~~~~~~~~~~~~~~~~~~~~~~~~~~~~~~~~~~~~~
  109 | #endif
      | ~~~~~~
  110 |         0.0f, 0.0f, 1.0f, 0.0f,
      |         ~~~~~~~~~~~~~~~~~~~~~~~
  111 |         0.5f, 0.5f, 0.0f, 1.0f
      |         ~~~~~~~~~~~~~~~~~~~~~~
      |                               }
2 warnings generated.
[721/1826] Building CXX object src/Layers/xrRenderPC_GL/CMakeFiles/xrRender_GL.dir/__/xrRender_R2/r2_loader.cpp.o
[722/1826] Building CXX object src/Layers/xrRenderPC_GL/CMakeFiles/xrRender_GL.dir/__/xrRender_R2/r2_rendertarget_phase_PP.cpp.o
[723/1826] Building CXX object src/Layers/xrRenderPC_GL/CMakeFiles/xrRender_GL.dir/__/xrRender_R2/r2_rendertarget_phase_bloom.cpp.o
[724/1826] Building CXX object src/Layers/xrRenderPC_GL/CMakeFiles/xrRender_GL.dir/__/xrRender_R2/r3_rendertarget_create_minmaxSM.cpp.o
[725/1826] Building CXX object src/Layers/xrRenderPC_GL/CMakeFiles/xrRender_GL.dir/__/xrRender_R2/r2_rendertarget_phase_luminance.cpp.o
[726/1826] Building CXX object src/Layers/xrRenderPC_GL/CMakeFiles/xrRender_GL.dir/__/xrRender_R2/r3_rendertarget_accum_point.cpp.o
[727/1826] Building CXX object src/Layers/xrRenderPC_GL/CMakeFiles/xrRender_GL.dir/__/xrRender_R2/r3_rendertarget_mark_msaa_edges.cpp.o
[728/1826] Building CXX object src/Layers/xrRenderPC_GL/CMakeFiles/xrRender_GL.dir/__/xrRender_R2/r3_rendertarget_phase_smap_D.cpp.o
[729/1826] Building CXX object src/Layers/xrRenderPC_GL/CMakeFiles/xrRender_GL.dir/__/xrRender_R2/r3_rendertarget_draw_rain.cpp.o
/data/data/com.termux/files/home/xray-16/src/Layers/xrRender_R2/r3_rendertarget_draw_rain.cpp:71:13: warning: suggest braces around initialization of subobject [-Wmissing-braces]
   71 |             view_dimX / 2.f, 0.0f, 0.0f, 0.0f,
      |             ^~~~~~~~~~~~~~~~~~~~~~~~~~~~~~~~~~
      |             {
   72 |             0.0f, view_dimY / 2.f, 0.0f, 0.0f,
      |             ~~~~~~~~~~~~~~~~~~~~~~~~~~~~~~~~~~
   73 |             0.0f, 0.0f, 0.5f * fRange, 0.0f,
      |             ~~~~~~~~~~~~~~~~~~~~~~~~~~~~~~~~
   74 |             view_dimX / 2.f + view_sx + fTexelOffs, view_dimY / 2.f + view_sy + fTexelOffs, 0.5f + fBias, 1.0f
      |             ~~~~~~~~~~~~~~~~~~~~~~~~~~~~~~~~~~~~~~~~~~~~~~~~~~~~~~~~~~~~~~~~~~~~~~~~~~~~~~~~~~~~~~~~~~~~~~~~~~
      |                                                                                                               }
1 warning generated.
[730/1826] Building CXX object src/Layers/xrRenderPC_GL/CMakeFiles/xrRender_GL.dir/__/xrRender_R2/r3_rendertarget_phase_occq.cpp.o
[731/1826] Building CXX object src/Layers/xrRenderPC_GL/CMakeFiles/xrRender_GL.dir/__/xrRender_R2/r2_R_lights.cpp.o
[732/1826] Building CXX object src/Layers/xrRenderPC_GL/CMakeFiles/xrRender_GL.dir/__/xrRender_R2/r2_rendertarget_phase_smap_S.cpp.o
[733/1826] Building CXX object src/Layers/xrRenderPC_GL/CMakeFiles/xrRender_GL.dir/__/xrRender_R2/r3_rendertarget_accum_spot.cpp.o
/data/data/com.termux/files/home/xray-16/src/Layers/xrRender_R2/r3_rendertarget_accum_spot.cpp:119:13: warning: suggest braces around initialization of subobject [-Wmissing-braces]
  119 |             view_dim / 2.f, 0.0f, 0.0f, 0.0f,
      |             ^~~~~~~~~~~~~~~~~~~~~~~~~~~~~~~~~
      |             {
  120 |             0.0f, view_dim / 2.f, 0.0f, 0.0f,
      |             ~~~~~~~~~~~~~~~~~~~~~~~~~~~~~~~~~
  121 |             0.0f, 0.0f, 0.5f * fRange, 0.0f,
      |             ~~~~~~~~~~~~~~~~~~~~~~~~~~~~~~~~
  122 |             view_dim / 2.f + view_sx + fTexelOffs, view_dim / 2.f + view_sy + fTexelOffs, 0.5f + fBias, 1.0f
      |             ~~~~~~~~~~~~~~~~~~~~~~~~~~~~~~~~~~~~~~~~~~~~~~~~~~~~~~~~~~~~~~~~~~~~~~~~~~~~~~~~~~~~~~~~~~~~~~~~
      |                                                                                                             }
/data/data/com.termux/files/home/xray-16/src/Layers/xrRender_R2/r3_rendertarget_accum_spot.cpp:149:13: warning: suggest braces around initialization of subobject [-Wmissing-braces]
  149 |             view_dim / 2.f, 0.0f, 0.0f, 0.0f,
      |             ^~~~~~~~~~~~~~~~~~~~~~~~~~~~~~~~~
      |             {
  150 |             0.0f, view_dim / 2.f, 0.0f, 0.0f,
      |             ~~~~~~~~~~~~~~~~~~~~~~~~~~~~~~~~~
  151 |             0.0f, 0.0f, 0.5f * fRange, 0.0f,
      |             ~~~~~~~~~~~~~~~~~~~~~~~~~~~~~~~~
  152 |             view_dim / 2.f + view_sx + fTexelOffs, view_dim / 2.f + view_sy + fTexelOffs, 0.5f + fBias, 1.0f
      |             ~~~~~~~~~~~~~~~~~~~~~~~~~~~~~~~~~~~~~~~~~~~~~~~~~~~~~~~~~~~~~~~~~~~~~~~~~~~~~~~~~~~~~~~~~~~~~~~~
      |                                                                                                             }
/data/data/com.termux/files/home/xray-16/src/Layers/xrRender_R2/r3_rendertarget_accum_spot.cpp:382:13: warning: suggest braces around initialization of subobject [-Wmissing-braces]
  382 |             view_dim / 2.f, 0.0f, 0.0f, 0.0f,
      |             ^~~~~~~~~~~~~~~~~~~~~~~~~~~~~~~~~
      |             {
  383 |             0.0f, view_dim / 2.f, 0.0f, 0.0f,
      |             ~~~~~~~~~~~~~~~~~~~~~~~~~~~~~~~~~
  384 |             0.0f, 0.0f, 0.5f * fRange, 0.0f,
      |             ~~~~~~~~~~~~~~~~~~~~~~~~~~~~~~~~
  385 |             view_dim / 2.f + view_sx + fTexelOffs, view_dim / 2.f + view_sy + fTexelOffs, 0.5f + fBias, 1.0f
      |             ~~~~~~~~~~~~~~~~~~~~~~~~~~~~~~~~~~~~~~~~~~~~~~~~~~~~~~~~~~~~~~~~~~~~~~~~~~~~~~~~~~~~~~~~~~~~~~~~
      |                                                                                                             }
/data/data/com.termux/files/home/xray-16/src/Layers/xrRender_R2/r3_rendertarget_accum_spot.cpp:413:13: warning: suggest braces around initialization of subobject [-Wmissing-braces]
  413 |             view_dim / 2.f, 0.0f, 0.0f, 0.0f,
      |             ^~~~~~~~~~~~~~~~~~~~~~~~~~~~~~~~~
      |             {
  414 |             0.0f, view_dim / 2.f, 0.0f, 0.0f,
      |             ~~~~~~~~~~~~~~~~~~~~~~~~~~~~~~~~~
  415 |             0.0f, 0.0f, 0.5f * fRange, 0.0f,
      |             ~~~~~~~~~~~~~~~~~~~~~~~~~~~~~~~~
  416 |             view_dim / 2.f + view_sx + fTexelOffs, view_dim / 2.f + view_sy + fTexelOffs, 0.5f + fBias, 1.0f
      |             ~~~~~~~~~~~~~~~~~~~~~~~~~~~~~~~~~~~~~~~~~~~~~~~~~~~~~~~~~~~~~~~~~~~~~~~~~~~~~~~~~~~~~~~~~~~~~~~~
      |                                                                                                             }
4 warnings generated.
[734/1826] Building CXX object src/Layers/xrRenderPC_GL/CMakeFiles/xrRender_GL.dir/__/xrRender_R2/r3_rendertarget_phase_ssao.cpp.o
[735/1826] Building CXX object src/Layers/xrRenderPC_GL/CMakeFiles/xrRender_GL.dir/__/xrRender_R2/r3_rendertarget_phase_scene.cpp.o
[736/1826] Building CXX object src/Layers/xrRenderPC_GL/CMakeFiles/xrRender_GL.dir/__/xrRender_R2/r3_R_rain.cpp.o
/data/data/com.termux/files/home/xray-16/src/Layers/xrRender_R2/r3_R_rain.cpp:243:13: warning: suggest braces around initialization of subobject [-Wmissing-braces]
  243 |             view_dim / 2.f, 0.0f, 0.0f, 0.0f,
      |             ^~~~~~~~~~~~~~~~~~~~~~~~~~~~~~~~~
      |             {
  244 |             0.0f, view_dim / 2.f, 0.0f, 0.0f,
      |             ~~~~~~~~~~~~~~~~~~~~~~~~~~~~~~~~~
  245 |             0.0f, 0.0f, 1.0f, 0.0f,
      |             ~~~~~~~~~~~~~~~~~~~~~~~
  246 |             view_dim / 2.f + fTexelOffs, view_dim / 2.f + fTexelOffs, 0.0f, 1.0f
      |             ~~~~~~~~~~~~~~~~~~~~~~~~~~~~~~~~~~~~~~~~~~~~~~~~~~~~~~~~~~~~~~~~~~~~
      |                                                                                 }
1 warning generated.
[737/1826] Building CXX object src/Layers/xrRenderPC_GL/CMakeFiles/xrRender_GL.dir/__/xrRenderGL/Blender_Recorder_GL.cpp.o
[738/1826] Building CXX object src/Layers/xrRenderPC_GL/CMakeFiles/xrRender_GL.dir/__/xrRender_R2/r2.cpp.o
In file included from /data/data/com.termux/files/home/xray-16/src/Layers/xrRender_R2/r2.cpp:10:
In file included from /data/data/com.termux/files/home/xray-16/src/Layers/xrRender/SkeletonCustom.h:4:
In file included from /data/data/com.termux/files/home/xray-16/src/xrCore/Animation/Bone.hpp:5:
In file included from /data/data/com.termux/files/home/xray-16/src/xrCore/_obb.h:3:
/data/data/com.termux/files/home/xray-16/src/xrCore/_matrix33.h:148:13: warning: variable 'nrot' set but not used [-Wunused-but-set-variable]
  148 |         int nrot;
      |             ^
In file included from /data/data/com.termux/files/home/xray-16/src/Layers/xrRender_R2/r2.cpp:10:
In file included from /data/data/com.termux/files/home/xray-16/src/Layers/xrRender/SkeletonCustom.h:4:
/data/data/com.termux/files/home/xray-16/src/xrCore/Animation/Bone.hpp:329:13: warning: virtual method '~CBone' is inside a 'final' class and can never be overridden [-Wunnecessary-virtual-specifier]
  329 |     virtual ~CBone() = default;
      |             ^
/data/data/com.termux/files/home/xray-16/src/xrCore/Animation/Bone.hpp:462:13: warning: virtual method '~CBoneData' is inside a 'final' class and can never be overridden [-Wunnecessary-virtual-specifier]
  462 |     virtual ~CBoneData() = default;
      |             ^
/data/data/com.termux/files/home/xray-16/src/xrCore/Animation/Bone.hpp:491:20: warning: virtual method 'mem_usage' is inside a 'final' class and can never be overridden [-Wunnecessary-virtual-specifier]
  491 |     virtual size_t mem_usage()
      |                    ^
4 warnings generated.
[739/1826] Building CXX object src/Layers/xrRenderPC_GL/CMakeFiles/xrRender_GL.dir/__/xrRenderGL/glDetailManager_VS.cpp.o
[740/1826] Building CXX object src/Layers/xrRenderPC_GL/CMakeFiles/xrRender_GL.dir/__/xrRenderGL/glHWCaps.cpp.o
[741/1826] Building CXX object src/Layers/xrRenderPC_GL/CMakeFiles/xrRender_GL.dir/__/xrRenderGL/glBufferUtils.cpp.o
[742/1826] Building CXX object src/Layers/xrRenderPC_GL/CMakeFiles/xrRender_GL.dir/__/xrRenderGL/glState.cpp.o
[743/1826] Building CXX object src/Layers/xrRenderPC_GL/CMakeFiles/xrRender_GL.dir/__/xrRenderGL/glStateUtils.cpp.o
[744/1826] Building CXX object src/Layers/xrRenderPC_GL/CMakeFiles/xrRender_GL.dir/__/xrRenderGL/glr_screenshot.cpp.o
[745/1826] Building CXX object src/Layers/xrRenderPC_GL/CMakeFiles/xrRender_GL.dir/__/xrRenderGL/glTextureUtils.cpp.o
[746/1826] Building CXX object src/Layers/xrRenderPC_GL/CMakeFiles/xrRender_GL.dir/__/xrRenderGL/glSH_Texture.cpp.o
[747/1826] Building CXX object src/Layers/xrRenderPC_GL/CMakeFiles/xrRender_GL.dir/__/xrRender_R2/render_phase_sun.cpp.o
/data/data/com.termux/files/home/xray-16/src/Layers/xrRender_R2/render_phase_sun.cpp:83:9: warning: suggest braces around initialization of subobject [-Wmissing-braces]
   83 |         view_dim / 2.f, 0.0f, 0.0f, 0.0f,
      |         ^~~~~~~~~~~~~~~~~~~~~~~~~~~~~~~~~
      |         {
   84 |         0.0f, -view_dim / 2.f, 0.0f, 0.0f,
      |         ~~~~~~~~~~~~~~~~~~~~~~~~~~~~~~~~~~
   85 |         0.0f, 0.0f, 1.0f, 0.0f,
      |         ~~~~~~~~~~~~~~~~~~~~~~~
   86 |         view_dim / 2.f, view_dim / 2.f, 0.0f, 1.0f
      |         ~~~~~~~~~~~~~~~~~~~~~~~~~~~~~~~~~~~~~~~~~~
      |                                                   }
1 warning generated.
[748/1826] Building CXX object src/Layers/xrRenderPC_GL/CMakeFiles/xrRender_GL.dir/__/xrRenderGL/glHW.cpp.o
[749/1826] Building CXX object src/Layers/xrRenderPC_GL/CMakeFiles/xrRender_GL.dir/__/xrRenderGL/glr_constants.cpp.o
[750/1826] Building CXX object src/Layers/xrRenderPC_GL/CMakeFiles/xrRender_GL.dir/__/xrRenderGL/glSH_RT.cpp.o
/data/data/com.termux/files/home/xray-16/src/Layers/xrRenderGL/glSH_RT.cpp:85:64: warning: braces around scalar initializer [-Wbraced-scalar-init]
   85 |     create(cName.c_str(), dwWidth, dwHeight, fmt, sampleCount, { dwFlags });
      |                                                                ^~~~~~~~~~~
1 warning generated.
[751/1826] Building CXX object src/Layers/xrRenderPC_GL/CMakeFiles/xrRender_GL.dir/__/xrRenderGL/glResourceManager_Resources.cpp.o
[752/1826] Linking CXX shared library /data/data/com.termux/files/home/xray-16/bin/aarch64/Release/xrAICore.so
[753/1826] Building CXX object src/xrGame/CMakeFiles/xrGame.dir/account_manager_console.cpp.o
/data/data/com.termux/files/home/xray-16/src/xrGame/account_manager_console.cpp:28:18: warning: unused variable 'tmp_gp' [-Wunused-variable]
   28 |     CGameSpy_GP* tmp_gp = MainMenu()->GetGS()->GetGameSpyGP();
      |                  ^~~~~~
/data/data/com.termux/files/home/xray-16/src/xrGame/account_manager_console.cpp:57:18: warning: unused variable 'tmp_gp' [-Wunused-variable]
   57 |     CGameSpy_GP* tmp_gp = MainMenu()->GetGS()->GetGameSpyGP();
      |                  ^~~~~~
/data/data/com.termux/files/home/xray-16/src/xrGame/account_manager_console.cpp:79:18: warning: unused variable 'tmp_gp' [-Wunused-variable]
   79 |     CGameSpy_GP* tmp_gp = MainMenu()->GetGS()->GetGameSpyGP();
      |                  ^~~~~~
3 warnings generated.
[754/1826] Building CXX object src/xrGame/CMakeFiles/xrGame.dir/account_manager.cpp.o
[755/1826] Building CXX object src/xrGame/CMakeFiles/xrGame.dir/ActivatingCharCollisionDelay.cpp.o
[756/1826] Building CXX object src/Layers/xrRenderPC_GL/CMakeFiles/xrRender_GL.dir/__/xrRenderGL/glResourceManager_Scripting.cpp.o
[757/1826] Building CXX object src/Layers/xrRenderPC_GL/CMakeFiles/xrRender_GL.dir/__/xrRenderGL/glTexture.cpp.o
In file included from /data/data/com.termux/files/home/xray-16/src/Layers/xrRenderGL/glTexture.cpp:7:
In file included from /data/data/com.termux/files/home/xray-16/Externals/gli/gli/gli.hpp:43:
In file included from /data/data/com.termux/files/home/xray-16/Externals/gli/gli/image.hpp:6:
/data/data/com.termux/files/home/xray-16/Externals/gli/gli/./core/storage_linear.hpp:54:20: warning: 'const' type qualifier on return type has no effect [-Wignored-qualifiers]
   54 |                 data_type const* const data() const;
      |                                  ^~~~~
In file included from /data/data/com.termux/files/home/xray-16/src/Layers/xrRenderGL/glTexture.cpp:7:
In file included from /data/data/com.termux/files/home/xray-16/Externals/gli/gli/gli.hpp:43:
In file included from /data/data/com.termux/files/home/xray-16/Externals/gli/gli/image.hpp:6:
In file included from /data/data/com.termux/files/home/xray-16/Externals/gli/gli/./core/storage_linear.hpp:95:
/data/data/com.termux/files/home/xray-16/Externals/gli/gli/./core/storage_linear.inl:88:42: warning: 'const' type qualifier on return type has no effect [-Wignored-qualifiers]
   88 |         inline storage_linear::data_type const* const storage_linear::data() const
      |                                                 ^~~~~
In file included from /data/data/com.termux/files/home/xray-16/src/Layers/xrRenderGL/glTexture.cpp:7:
In file included from /data/data/com.termux/files/home/xray-16/Externals/gli/gli/gli.hpp:44:
/data/data/com.termux/files/home/xray-16/Externals/gli/gli/texture.hpp:145:15: warning: 'const' type qualifier on return type has no effect [-Wignored-qualifiers]
  145 |                 void const* const data(size_type Layer, size_type Face, size_type Level) const;
      |                             ^~~~~
In file included from /data/data/com.termux/files/home/xray-16/src/Layers/xrRenderGL/glTexture.cpp:7:
In file included from /data/data/com.termux/files/home/xray-16/Externals/gli/gli/gli.hpp:44:
In file included from /data/data/com.termux/files/home/xray-16/Externals/gli/gli/texture.hpp:296:
/data/data/com.termux/files/home/xray-16/Externals/gli/gli/./core/texture.inl:243:21: warning: 'const' type qualifier on return type has no effect [-Wignored-qualifiers]
  243 |         inline void const* const texture::data(size_type Layer, size_type Face, size_type Level) const
      |                            ^~~~~
In file included from /data/data/com.termux/files/home/xray-16/src/Layers/xrRenderGL/glTexture.cpp:7:
In file included from /data/data/com.termux/files/home/xray-16/Externals/gli/gli/gli.hpp:69:
In file included from /data/data/com.termux/files/home/xray-16/Externals/gli/gli/load.hpp:27:
In file included from /data/data/com.termux/files/home/xray-16/Externals/gli/gli/./core/load.inl:1:
In file included from /data/data/com.termux/files/home/xray-16/Externals/gli/gli/./core/../load_dds.hpp:27:
/data/data/com.termux/files/home/xray-16/Externals/gli/gli/./core/.././core/load_dds.inl:295:21: warning: unused variable 'SourceSize' [-Wunused-variable]
  295 |                 std::size_t const SourceSize = Offset + Texture.size();
      |                                   ^~~~~~~~~~
5 warnings generated.
[758/1826] Building CXX object src/xrGame/CMakeFiles/xrGame.dir/action_base_script.cpp.o
[759/1826] Building CXX object src/xrGame/CMakeFiles/xrGame.dir/account_manager_script.cpp.o
[760/1826] Building CXX object src/xrGame/CMakeFiles/xrGame.dir/ActorCameras.cpp.o
In file included from /data/data/com.termux/files/home/xray-16/src/xrGame/ActorCameras.cpp:9:
/data/data/com.termux/files/home/xray-16/src/xrGame/Car.h:171:14: warning: 'CCar::SWheel::Init' hides overloaded virtual function [-Woverloaded-virtual]
  171 |         void Init(); // asumptions: bone_map is 1. ini parsed 2. filled in 3. bone_id is set
      |              ^
/data/data/com.termux/files/home/xray-16/src/xrGame/DamagableItem.h:29:18: note: hidden overloaded virtual function 'CDamagableHealthItem::Init' declared here: different number of parameters (2 vs 0)
   29 |     virtual void Init(float max_health, u16 level_num);
      |                  ^
In file included from /data/data/com.termux/files/home/xray-16/src/xrGame/ActorCameras.cpp:9:
/data/data/com.termux/files/home/xray-16/src/xrGame/Car.h:287:14: warning: 'CCar::SDoor::Init' hides overloaded virtual function [-Woverloaded-virtual]
  287 |         void Init();
      |              ^
/data/data/com.termux/files/home/xray-16/src/xrGame/DamagableItem.h:29:18: note: hidden overloaded virtual function 'CDamagableHealthItem::Init' declared here: different number of parameters (2 vs 0)
   29 |     virtual void Init(float max_health, u16 level_num);
      |                  ^
In file included from /data/data/com.termux/files/home/xray-16/src/xrGame/ActorCameras.cpp:9:
/data/data/com.termux/files/home/xray-16/src/xrGame/Car.h:497:10: warning: 'CCar::Init' hides overloaded virtual function [-Woverloaded-virtual]
  497 |     void Init();
      |          ^
/data/data/com.termux/files/home/xray-16/src/xrGame/DamagableItem.h:12:18: note: hidden overloaded virtual function 'CDamagableItem::Init' declared here: different number of parameters (2 vs 0)
   12 |     virtual void Init(float max_health, u16 level_num);
      |                  ^
3 warnings generated.
[761/1826] Building CXX object src/xrGame/CMakeFiles/xrGame.dir/ActorAnimation.cpp.o
In file included from /data/data/com.termux/files/home/xray-16/src/xrGame/ActorAnimation.cpp:16:
/data/data/com.termux/files/home/xray-16/src/xrGame/Car.h:171:14: warning: 'CCar::SWheel::Init' hides overloaded virtual function [-Woverloaded-virtual]
  171 |         void Init(); // asumptions: bone_map is 1. ini parsed 2. filled in 3. bone_id is set
      |              ^
/data/data/com.termux/files/home/xray-16/src/xrGame/DamagableItem.h:29:18: note: hidden overloaded virtual function 'CDamagableHealthItem::Init' declared here: different number of parameters (2 vs 0)
   29 |     virtual void Init(float max_health, u16 level_num);
      |                  ^
In file included from /data/data/com.termux/files/home/xray-16/src/xrGame/ActorAnimation.cpp:16:
/data/data/com.termux/files/home/xray-16/src/xrGame/Car.h:287:14: warning: 'CCar::SDoor::Init' hides overloaded virtual function [-Woverloaded-virtual]
  287 |         void Init();
      |              ^
/data/data/com.termux/files/home/xray-16/src/xrGame/DamagableItem.h:29:18: note: hidden overloaded virtual function 'CDamagableHealthItem::Init' declared here: different number of parameters (2 vs 0)
   29 |     virtual void Init(float max_health, u16 level_num);
      |                  ^
In file included from /data/data/com.termux/files/home/xray-16/src/xrGame/ActorAnimation.cpp:16:
/data/data/com.termux/files/home/xray-16/src/xrGame/Car.h:497:10: warning: 'CCar::Init' hides overloaded virtual function [-Woverloaded-virtual]
  497 |     void Init();
      |          ^
/data/data/com.termux/files/home/xray-16/src/xrGame/DamagableItem.h:12:18: note: hidden overloaded virtual function 'CDamagableItem::Init' declared here: different number of parameters (2 vs 0)
   12 |     virtual void Init(float max_health, u16 level_num);
      |                  ^
3 warnings generated.
[762/1826] Building CXX object src/xrGame/CMakeFiles/xrGame.dir/action_planner_action_script.cpp.o
[763/1826] Building CXX object src/xrGame/CMakeFiles/xrGame.dir/ActorCondition.cpp.o
In file included from /data/data/com.termux/files/home/xray-16/src/xrGame/ActorCondition.cpp:21:
/data/data/com.termux/files/home/xray-16/src/xrGame/ai/monsters/basemonster/base_monster.h:82:18: warning: 'CBaseMonster::HitSignal' hides overloaded virtual function [-Woverloaded-virtual]
   82 |     virtual void HitSignal(float amount, Fvector& vLocalDir, IGameObject* who, s16 element);
      |                  ^
/data/data/com.termux/files/home/xray-16/src/xrGame/CustomMonster.h:145:18: note: hidden overloaded virtual function 'CCustomMonster::HitSignal' declared here: different number of parameters (3 vs 4)
  145 |     virtual void HitSignal(float P, Fvector& vLocalDir, IGameObject* who);
      |                  ^
In file included from /data/data/com.termux/files/home/xray-16/src/xrGame/ActorCondition.cpp:23:
/data/data/com.termux/files/home/xray-16/src/xrGame/ui/UIMainIngameWnd.h:24:18: warning: virtual method 'Init' is inside a 'final' class and can never be overridden [-Wunnecessary-virtual-specifier]
   24 |     virtual void Init();
      |                  ^
2 warnings generated.
[764/1826] Building C object src/Layers/xrRenderPC_GL/CMakeFiles/xrRender_GL.dir/__/__/__/sdk/include/glad/gl.c.o
[765/1826] Building CXX object src/xrGame/CMakeFiles/xrGame.dir/ActorEffector_script.cpp.o
[766/1826] Building CXX object src/xrGame/CMakeFiles/xrGame.dir/ActorEffector.cpp.o
In file included from /data/data/com.termux/files/home/xray-16/src/xrGame/ActorEffector.cpp:4:
/data/data/com.termux/files/home/xray-16/src/xrGame/PostprocessAnimator.h:13:18: warning: 'CPostprocessAnimator::Process' hides overloaded virtual function [-Woverloaded-virtual]
   13 |     virtual bool Process(SPPInfo& PPInfo);
      |                  ^
/data/data/com.termux/files/home/xray-16/src/xrCore/PostProcess/PostProcess.hpp:153:18: note: hidden overloaded virtual function 'BasicPostProcessAnimator::Process' declared here: different number of parameters (2 vs 1)
  153 |     virtual BOOL Process(float dt, SPPInfo& PPInfo);
      |                  ^
1 warning generated.
[767/1826] Building CXX object src/xrGame/CMakeFiles/xrGame.dir/Actor_Events.cpp.o
[768/1826] Building CXX object src/xrGame/CMakeFiles/xrGame.dir/ActorCondition_script.cpp.o
[769/1826] Building CXX object src/xrGame/CMakeFiles/xrGame.dir/ActorFollowers.cpp.o
[770/1826] Building CXX object src/xrGame/CMakeFiles/xrGame.dir/Actor_Feel.cpp.o
In file included from /data/data/com.termux/files/home/xray-16/src/xrGame/Actor_Feel.cpp:10:
/data/data/com.termux/files/home/xray-16/src/xrGame/ui/UIMainIngameWnd.h:24:18: warning: virtual method 'Init' is inside a 'final' class and can never be overridden [-Wunnecessary-virtual-specifier]
   24 |     virtual void Init();
      |                  ^
In file included from /data/data/com.termux/files/home/xray-16/src/xrGame/Actor_Feel.cpp:18:
/data/data/com.termux/files/home/xray-16/src/xrGame/HUDManager.h:27:18: warning: virtual method 'RenderUI' is inside a 'final' class and can never be overridden [-Wunnecessary-virtual-specifier]
   27 |     virtual void RenderUI();
      |                  ^
2 warnings generated.
[771/1826] Building CXX object src/xrGame/CMakeFiles/xrGame.dir/ActorHelmet.cpp.o
In file included from /data/data/com.termux/files/home/xray-16/src/xrGame/ActorHelmet.cpp:2:
/data/data/com.termux/files/home/xray-16/src/xrGame/ActorHelmet.h:17:18: warning: 'CHelmet::Hit' hides overloaded virtual function [-Woverloaded-virtual]
   17 |     virtual void Hit(float P, ALife::EHitType hit_type);
      |                  ^
/data/data/com.termux/files/home/xray-16/src/xrGame/inventory_item_object.h:35:18: note: hidden overloaded virtual function 'CInventoryItemObject::Hit' declared here: different number of parameters (1 vs 2)
   35 |     virtual void Hit(SHit* pHDS);
      |                  ^
1 warning generated.
[772/1826] Building CXX object src/xrGame/CMakeFiles/xrGame.dir/ActorBackpack.cpp.o
[773/1826] Building CXX object src/xrGame/CMakeFiles/xrGame.dir/actor_input_handler.cpp.o
[774/1826] Building CXX object src/xrGame/CMakeFiles/xrGame.dir/action_planner_script.cpp.o
[775/1826] Building CXX object src/xrGame/CMakeFiles/xrGame.dir/actor_memory.cpp.o
[776/1826] Building CXX object src/xrGame/CMakeFiles/xrGame.dir/actor_communication.cpp.o
In file included from /data/data/com.termux/files/home/xray-16/src/xrGame/actor_communication.cpp:18:
/data/data/com.termux/files/home/xray-16/src/xrGame/ui/UIMainIngameWnd.h:24:18: warning: virtual method 'Init' is inside a 'final' class and can never be overridden [-Wunnecessary-virtual-specifier]
   24 |     virtual void Init();
      |                  ^
In file included from /data/data/com.termux/files/home/xray-16/src/xrGame/actor_communication.cpp:19:
/data/data/com.termux/files/home/xray-16/src/xrGame/ui/UIPdaWnd.h:59:18: warning: virtual method 'Init' is inside a 'final' class and can never be overridden [-Wunnecessary-virtual-specifier]
   59 |     virtual void Init();
      |                  ^
In file included from /data/data/com.termux/files/home/xray-16/src/xrGame/actor_communication.cpp:30:
/data/data/com.termux/files/home/xray-16/src/xrGame/ai/monsters/basemonster/base_monster.h:82:18: warning: 'CBaseMonster::HitSignal' hides overloaded virtual function [-Woverloaded-virtual]
   82 |     virtual void HitSignal(float amount, Fvector& vLocalDir, IGameObject* who, s16 element);
      |                  ^
/data/data/com.termux/files/home/xray-16/src/xrGame/CustomMonster.h:145:18: note: hidden overloaded virtual function 'CCustomMonster::HitSignal' declared here: different number of parameters (3 vs 4)
  145 |     virtual void HitSignal(float P, Fvector& vLocalDir, IGameObject* who);
      |                  ^
In file included from /data/data/com.termux/files/home/xray-16/src/xrGame/actor_communication.cpp:11:
In file included from /data/data/com.termux/files/home/xray-16/src/xrGame/alife_registry_container.h:11:
In file included from /data/data/com.termux/files/home/xray-16/src/xrGame/alife_registry_container_space.h:11:
In file included from /data/data/com.termux/files/home/xray-16/sdk/include/loki/HierarchyGenerators.h:32:
/data/data/com.termux/files/home/xray-16/sdk/include/loki/TypeManip.h:87:26: warning: private field 'dummy' is not used [-Wunused-private-field]
   87 |         class Big { char dummy[2]; };
      |                          ^
4 warnings generated.
[777/1826] Building CXX object src/xrGame/CMakeFiles/xrGame.dir/actor_mp_client.cpp.o
[778/1826] Building CXX object src/xrGame/CMakeFiles/xrGame.dir/Actor_Movement.cpp.o
In file included from /data/data/com.termux/files/home/xray-16/src/xrGame/Actor_Movement.cpp:650:
/data/data/com.termux/files/home/xray-16/src/xrGame/CustomOutfit.h:17:18: warning: 'CCustomOutfit::Hit' hides overloaded virtual function [-Woverloaded-virtual]
   17 |     virtual void Hit(float P, ALife::EHitType hit_type);
      |                  ^
/data/data/com.termux/files/home/xray-16/src/xrGame/inventory_item_object.h:35:18: note: hidden overloaded virtual function 'CInventoryItemObject::Hit' declared here: different number of parameters (1 vs 2)
   35 |     virtual void Hit(SHit* pHDS);
      |                  ^
1 warning generated.
[779/1826] Building CXX object src/xrGame/CMakeFiles/xrGame.dir/actor_mp_server.cpp.o
[780/1826] Building CXX object src/xrGame/CMakeFiles/xrGame.dir/actor_mp_client_export.cpp.o
[781/1826] Building CXX object src/xrGame/CMakeFiles/xrGame.dir/ActorMountedWeapon.cpp.o
In file included from /data/data/com.termux/files/home/xray-16/src/xrGame/ActorMountedWeapon.cpp:9:
/data/data/com.termux/files/home/xray-16/src/xrGame/Car.h:171:14: warning: 'CCar::SWheel::Init' hides overloaded virtual function [-Woverloaded-virtual]
  171 |         void Init(); // asumptions: bone_map is 1. ini parsed 2. filled in 3. bone_id is set
      |              ^
/data/data/com.termux/files/home/xray-16/src/xrGame/DamagableItem.h:29:18: note: hidden overloaded virtual function 'CDamagableHealthItem::Init' declared here: different number of parameters (2 vs 0)
   29 |     virtual void Init(float max_health, u16 level_num);
      |                  ^
In file included from /data/data/com.termux/files/home/xray-16/src/xrGame/ActorMountedWeapon.cpp:9:
/data/data/com.termux/files/home/xray-16/src/xrGame/Car.h:287:14: warning: 'CCar::SDoor::Init' hides overloaded virtual function [-Woverloaded-virtual]
  287 |         void Init();
      |              ^
/data/data/com.termux/files/home/xray-16/src/xrGame/DamagableItem.h:29:18: note: hidden overloaded virtual function 'CDamagableHealthItem::Init' declared here: different number of parameters (2 vs 0)
   29 |     virtual void Init(float max_health, u16 level_num);
      |                  ^
In file included from /data/data/com.termux/files/home/xray-16/src/xrGame/ActorMountedWeapon.cpp:9:
/data/data/com.termux/files/home/xray-16/src/xrGame/Car.h:497:10: warning: 'CCar::Init' hides overloaded virtual function [-Woverloaded-virtual]
  497 |     void Init();
      |          ^
/data/data/com.termux/files/home/xray-16/src/xrGame/DamagableItem.h:12:18: note: hidden overloaded virtual function 'CDamagableItem::Init' declared here: different number of parameters (2 vs 0)
   12 |     virtual void Init(float max_health, u16 level_num);
      |                  ^
3 warnings generated.
[782/1826] Building CXX object src/xrGame/CMakeFiles/xrGame.dir/ActorInput.cpp.o
In file included from /data/data/com.termux/files/home/xray-16/src/xrGame/ActorInput.cpp:13:
/data/data/com.termux/files/home/xray-16/src/xrGame/Car.h:171:14: warning: 'CCar::SWheel::Init' hides overloaded virtual function [-Woverloaded-virtual]
  171 |         void Init(); // asumptions: bone_map is 1. ini parsed 2. filled in 3. bone_id is set
      |              ^
/data/data/com.termux/files/home/xray-16/src/xrGame/DamagableItem.h:29:18: note: hidden overloaded virtual function 'CDamagableHealthItem::Init' declared here: different number of parameters (2 vs 0)
   29 |     virtual void Init(float max_health, u16 level_num);
      |                  ^
In file included from /data/data/com.termux/files/home/xray-16/src/xrGame/ActorInput.cpp:13:
/data/data/com.termux/files/home/xray-16/src/xrGame/Car.h:287:14: warning: 'CCar::SDoor::Init' hides overloaded virtual function [-Woverloaded-virtual]
  287 |         void Init();
      |              ^
/data/data/com.termux/files/home/xray-16/src/xrGame/DamagableItem.h:29:18: note: hidden overloaded virtual function 'CDamagableHealthItem::Init' declared here: different number of parameters (2 vs 0)
   29 |     virtual void Init(float max_health, u16 level_num);
      |                  ^
In file included from /data/data/com.termux/files/home/xray-16/src/xrGame/ActorInput.cpp:13:
/data/data/com.termux/files/home/xray-16/src/xrGame/Car.h:497:10: warning: 'CCar::Init' hides overloaded virtual function [-Woverloaded-virtual]
  497 |     void Init();
      |          ^
/data/data/com.termux/files/home/xray-16/src/xrGame/DamagableItem.h:12:18: note: hidden overloaded virtual function 'CDamagableItem::Init' declared here: different number of parameters (2 vs 0)
   12 |     virtual void Init(float max_health, u16 level_num);
      |                  ^
In file included from /data/data/com.termux/files/home/xray-16/src/xrGame/ActorInput.cpp:31:
/data/data/com.termux/files/home/xray-16/src/xrGame/HUDManager.h:27:18: warning: virtual method 'RenderUI' is inside a 'final' class and can never be overridden [-Wunnecessary-virtual-specifier]
   27 |     virtual void RenderUI();
      |                  ^
4 warnings generated.
[783/1826] Building CXX object src/xrGame/CMakeFiles/xrGame.dir/actor_mp_server_import.cpp.o
[784/1826] Building CXX object src/xrGame/CMakeFiles/xrGame.dir/actor_mp_state.cpp.o
[785/1826] Building CXX object src/xrGame/CMakeFiles/xrGame.dir/actor_mp_server_export.cpp.o
[786/1826] Building CXX object src/xrGame/CMakeFiles/xrGame.dir/Actor_Sleep.cpp.o
[787/1826] Building CXX object src/xrGame/CMakeFiles/xrGame.dir/Actor.cpp.o
In file included from /data/data/com.termux/files/home/xray-16/src/xrGame/Actor.cpp:3:
/data/data/com.termux/files/home/xray-16/src/xrGame/HUDManager.h:27:18: warning: virtual method 'RenderUI' is inside a 'final' class and can never be overridden [-Wunnecessary-virtual-specifier]
   27 |     virtual void RenderUI();
      |                  ^
In file included from /data/data/com.termux/files/home/xray-16/src/xrGame/Actor.cpp:12:
/data/data/com.termux/files/home/xray-16/src/xrGame/Car.h:171:14: warning: 'CCar::SWheel::Init' hides overloaded virtual function [-Woverloaded-virtual]
  171 |         void Init(); // asumptions: bone_map is 1. ini parsed 2. filled in 3. bone_id is set
      |              ^
/data/data/com.termux/files/home/xray-16/src/xrGame/DamagableItem.h:29:18: note: hidden overloaded virtual function 'CDamagableHealthItem::Init' declared here: different number of parameters (2 vs 0)
   29 |     virtual void Init(float max_health, u16 level_num);
      |                  ^
In file included from /data/data/com.termux/files/home/xray-16/src/xrGame/Actor.cpp:12:
/data/data/com.termux/files/home/xray-16/src/xrGame/Car.h:287:14: warning: 'CCar::SDoor::Init' hides overloaded virtual function [-Woverloaded-virtual]
  287 |         void Init();
      |              ^
/data/data/com.termux/files/home/xray-16/src/xrGame/DamagableItem.h:29:18: note: hidden overloaded virtual function 'CDamagableHealthItem::Init' declared here: different number of parameters (2 vs 0)
   29 |     virtual void Init(float max_health, u16 level_num);
      |                  ^
In file included from /data/data/com.termux/files/home/xray-16/src/xrGame/Actor.cpp:12:
/data/data/com.termux/files/home/xray-16/src/xrGame/Car.h:497:10: warning: 'CCar::Init' hides overloaded virtual function [-Woverloaded-virtual]
  497 |     void Init();
      |          ^
/data/data/com.termux/files/home/xray-16/src/xrGame/DamagableItem.h:12:18: note: hidden overloaded virtual function 'CDamagableItem::Init' declared here: different number of parameters (2 vs 0)
   12 |     virtual void Init(float max_health, u16 level_num);
      |                  ^
In file included from /data/data/com.termux/files/home/xray-16/src/xrGame/Actor.cpp:22:
/data/data/com.termux/files/home/xray-16/src/xrGame/CustomOutfit.h:17:18: warning: 'CCustomOutfit::Hit' hides overloaded virtual function [-Woverloaded-virtual]
   17 |     virtual void Hit(float P, ALife::EHitType hit_type);
      |                  ^
/data/data/com.termux/files/home/xray-16/src/xrGame/inventory_item_object.h:35:18: note: hidden overloaded virtual function 'CInventoryItemObject::Hit' declared here: different number of parameters (1 vs 2)
   35 |     virtual void Hit(SHit* pHDS);
      |                  ^
In file included from /data/data/com.termux/files/home/xray-16/src/xrGame/Actor.cpp:56:
/data/data/com.termux/files/home/xray-16/src/xrGame/ui/UIMainIngameWnd.h:24:18: warning: virtual method 'Init' is inside a 'final' class and can never be overridden [-Wunnecessary-virtual-specifier]
   24 |     virtual void Init();
      |                  ^
In file included from /data/data/com.termux/files/home/xray-16/src/xrGame/Actor.cpp:67:
/data/data/com.termux/files/home/xray-16/src/xrGame/ai/monsters/basemonster/base_monster.h:82:18: warning: 'CBaseMonster::HitSignal' hides overloaded virtual function [-Woverloaded-virtual]
   82 |     virtual void HitSignal(float amount, Fvector& vLocalDir, IGameObject* who, s16 element);
      |                  ^
/data/data/com.termux/files/home/xray-16/src/xrGame/CustomMonster.h:145:18: note: hidden overloaded virtual function 'CCustomMonster::HitSignal' declared here: different number of parameters (3 vs 4)
  145 |     virtual void HitSignal(float P, Fvector& vLocalDir, IGameObject* who);
      |                  ^
In file included from /data/data/com.termux/files/home/xray-16/src/xrGame/Actor.cpp:74:
/data/data/com.termux/files/home/xray-16/src/xrGame/ActorHelmet.h:17:18: warning: 'CHelmet::Hit' hides overloaded virtual function [-Woverloaded-virtual]
   17 |     virtual void Hit(float P, ALife::EHitType hit_type);
      |                  ^
/data/data/com.termux/files/home/xray-16/src/xrGame/inventory_item_object.h:35:18: note: hidden overloaded virtual function 'CInventoryItemObject::Hit' declared here: different number of parameters (1 vs 2)
   35 |     virtual void Hit(SHit* pHDS);
      |                  ^
In file included from /data/data/com.termux/files/home/xray-16/src/xrGame/Actor.cpp:50:
In file included from /data/data/com.termux/files/home/xray-16/src/xrGame/alife_registry_wrappers.h:11:
In file included from /data/data/com.termux/files/home/xray-16/src/xrGame/alife_registry_container.h:11:
In file included from /data/data/com.termux/files/home/xray-16/src/xrGame/alife_registry_container_space.h:11:
In file included from /data/data/com.termux/files/home/xray-16/sdk/include/loki/HierarchyGenerators.h:32:
/data/data/com.termux/files/home/xray-16/sdk/include/loki/TypeManip.h:87:26: warning: private field 'dummy' is not used [-Wunused-private-field]
   87 |         class Big { char dummy[2]; };
      |                          ^
9 warnings generated.
[788/1826] Building CXX object src/xrGame/CMakeFiles/xrGame.dir/Actor_Weapon.cpp.o
[789/1826] Building CXX object src/xrGame/CMakeFiles/xrGame.dir/ActorVehicle.cpp.o
In file included from /data/data/com.termux/files/home/xray-16/src/xrGame/ActorVehicle.cpp:15:
/data/data/com.termux/files/home/xray-16/src/xrGame/Car.h:171:14: warning: 'CCar::SWheel::Init' hides overloaded virtual function [-Woverloaded-virtual]
  171 |         void Init(); // asumptions: bone_map is 1. ini parsed 2. filled in 3. bone_id is set
      |              ^
/data/data/com.termux/files/home/xray-16/src/xrGame/DamagableItem.h:29:18: note: hidden overloaded virtual function 'CDamagableHealthItem::Init' declared here: different number of parameters (2 vs 0)
   29 |     virtual void Init(float max_health, u16 level_num);
      |                  ^
In file included from /data/data/com.termux/files/home/xray-16/src/xrGame/ActorVehicle.cpp:15:
/data/data/com.termux/files/home/xray-16/src/xrGame/Car.h:287:14: warning: 'CCar::SDoor::Init' hides overloaded virtual function [-Woverloaded-virtual]
  287 |         void Init();
      |              ^
/data/data/com.termux/files/home/xray-16/src/xrGame/DamagableItem.h:29:18: note: hidden overloaded virtual function 'CDamagableHealthItem::Init' declared here: different number of parameters (2 vs 0)
   29 |     virtual void Init(float max_health, u16 level_num);
      |                  ^
In file included from /data/data/com.termux/files/home/xray-16/src/xrGame/ActorVehicle.cpp:15:
/data/data/com.termux/files/home/xray-16/src/xrGame/Car.h:497:10: warning: 'CCar::Init' hides overloaded virtual function [-Woverloaded-virtual]
  497 |     void Init();
      |          ^
/data/data/com.termux/files/home/xray-16/src/xrGame/DamagableItem.h:12:18: note: hidden overloaded virtual function 'CDamagableItem::Init' declared here: different number of parameters (2 vs 0)
   12 |     virtual void Init(float max_health, u16 level_num);
      |                  ^
3 warnings generated.
[790/1826] Building CXX object src/xrGame/CMakeFiles/xrGame.dir/actor_script.cpp.o
[791/1826] Building CXX object src/xrGame/CMakeFiles/xrGame.dir/actor_mp_client_import.cpp.o
[792/1826] Building CXX object src/xrGame/CMakeFiles/xrGame.dir/actor_statistic_mgr.cpp.o
In file included from /data/data/com.termux/files/home/xray-16/src/xrGame/actor_statistic_mgr.cpp:3:
In file included from /data/data/com.termux/files/home/xray-16/src/xrGame/alife_registry_wrappers.h:11:
In file included from /data/data/com.termux/files/home/xray-16/src/xrGame/alife_registry_container.h:11:
In file included from /data/data/com.termux/files/home/xray-16/src/xrGame/alife_registry_container_space.h:11:
In file included from /data/data/com.termux/files/home/xray-16/sdk/include/loki/HierarchyGenerators.h:32:
/data/data/com.termux/files/home/xray-16/sdk/include/loki/TypeManip.h:87:26: warning: private field 'dummy' is not used [-Wunused-private-field]
   87 |         class Big { char dummy[2]; };
      |                          ^
1 warning generated.
[793/1826] Building CXX object src/xrGame/CMakeFiles/xrGame.dir/Actor_Network.cpp.o
In file included from /data/data/com.termux/files/home/xray-16/src/xrGame/Actor_Network.cpp:3:
/data/data/com.termux/files/home/xray-16/src/xrGame/HUDManager.h:27:18: warning: virtual method 'RenderUI' is inside a 'final' class and can never be overridden [-Wunnecessary-virtual-specifier]
   27 |     virtual void RenderUI();
      |                  ^
In file included from /data/data/com.termux/files/home/xray-16/src/xrGame/Actor_Network.cpp:29:
/data/data/com.termux/files/home/xray-16/src/xrGame/CustomOutfit.h:17:18: warning: 'CCustomOutfit::Hit' hides overloaded virtual function [-Woverloaded-virtual]
   17 |     virtual void Hit(float P, ALife::EHitType hit_type);
      |                  ^
/data/data/com.termux/files/home/xray-16/src/xrGame/inventory_item_object.h:35:18: note: hidden overloaded virtual function 'CInventoryItemObject::Hit' declared here: different number of parameters (1 vs 2)
   35 |     virtual void Hit(SHit* pHDS);
      |                  ^
In file included from /data/data/com.termux/files/home/xray-16/src/xrGame/Actor_Network.cpp:34:
/data/data/com.termux/files/home/xray-16/src/xrGame/ui/UIPdaWnd.h:59:18: warning: virtual method 'Init' is inside a 'final' class and can never be overridden [-Wunnecessary-virtual-specifier]
   59 |     virtual void Init();
      |                  ^
In file included from /data/data/com.termux/files/home/xray-16/src/xrGame/Actor_Network.cpp:38:
/data/data/com.termux/files/home/xray-16/src/xrGame/ui/UIMainIngameWnd.h:24:18: warning: virtual method 'Init' is inside a 'final' class and can never be overridden [-Wunnecessary-virtual-specifier]
   24 |     virtual void Init();
      |                  ^
In file included from /data/data/com.termux/files/home/xray-16/src/xrGame/Actor_Network.cpp:20:
In file included from /data/data/com.termux/files/home/xray-16/src/xrGame/alife_registry_wrappers.h:11:
In file included from /data/data/com.termux/files/home/xray-16/src/xrGame/alife_registry_container.h:11:
In file included from /data/data/com.termux/files/home/xray-16/src/xrGame/alife_registry_container_space.h:11:
In file included from /data/data/com.termux/files/home/xray-16/sdk/include/loki/HierarchyGenerators.h:32:
/data/data/com.termux/files/home/xray-16/sdk/include/loki/TypeManip.h:87:26: warning: private field 'dummy' is not used [-Wunused-private-field]
   87 |         class Big { char dummy[2]; };
      |                          ^
5 warnings generated.
[794/1826] Building CXX object src/xrGame/CMakeFiles/xrGame.dir/agent_manager_actions.cpp.o
[795/1826] Building CXX object src/xrGame/CMakeFiles/xrGame.dir/agent_explosive_manager.cpp.o
[796/1826] Building CXX object src/xrGame/CMakeFiles/xrGame.dir/agent_corpse_manager.cpp.o
[797/1826] Building CXX object src/xrGame/CMakeFiles/xrGame.dir/agent_location_manager.cpp.o
[798/1826] Building CXX object src/xrGame/CMakeFiles/xrGame.dir/AdvancedDetector.cpp.o
[799/1826] Building CXX object src/xrGame/CMakeFiles/xrGame.dir/ai_crow_script.cpp.o
[800/1826] Building CXX object src/xrGame/CMakeFiles/xrGame.dir/agent_enemy_manager.cpp.o
[801/1826] Building CXX object src/xrGame/CMakeFiles/xrGame.dir/agent_member_manager.cpp.o
[802/1826] Building CXX object src/xrGame/CMakeFiles/xrGame.dir/agent_memory_manager.cpp.o
[803/1826] Building CXX object src/xrGame/CMakeFiles/xrGame.dir/agent_manager_properties.cpp.o
[804/1826] Building CXX object src/xrGame/CMakeFiles/xrGame.dir/aimers_base.cpp.o
[805/1826] Building CXX object src/xrGame/CMakeFiles/xrGame.dir/ai_debug_variables.cpp.o
[806/1826] Building CXX object src/xrGame/CMakeFiles/xrGame.dir/ai_obstacle.cpp.o
[807/1826] Building CXX object src/xrGame/CMakeFiles/xrGame.dir/aimers_weapon.cpp.o
[808/1826] Building CXX object src/xrGame/CMakeFiles/xrGame.dir/agent_manager_planner.cpp.o
[809/1826] Building CXX object src/xrGame/CMakeFiles/xrGame.dir/agent_manager.cpp.o
[810/1826] Building CXX object src/xrGame/CMakeFiles/xrGame.dir/AI_PhraseDialogManager.cpp.o
[811/1826] Building CXX object src/xrGame/CMakeFiles/xrGame.dir/ai_sounds.cpp.o
[812/1826] Building CXX object src/xrGame/CMakeFiles/xrGame.dir/alife_communication_manager.cpp.o
[813/1826] Building CXX object src/xrGame/CMakeFiles/xrGame.dir/alife_creature_abstract.cpp.o
[814/1826] Building CXX object src/xrGame/CMakeFiles/xrGame.dir/ai_space.cpp.o
[815/1826] Building CXX object src/xrGame/CMakeFiles/xrGame.dir/ai_stalker_alife.cpp.o
[816/1826] Building CXX object src/xrGame/CMakeFiles/xrGame.dir/alife_combat_manager.cpp.o
[817/1826] Building CXX object src/xrGame/CMakeFiles/xrGame.dir/alife_dynamic_object.cpp.o
[818/1826] Building CXX object src/xrGame/CMakeFiles/xrGame.dir/alife_group_registry.cpp.o
[819/1826] Building CXX object src/xrGame/CMakeFiles/xrGame.dir/alife_group_abstract.cpp.o
[820/1826] Building CXX object src/xrGame/CMakeFiles/xrGame.dir/alife_interaction_manager.cpp.o
[821/1826] Linking CXX shared library /data/data/com.termux/files/home/xray-16/bin/aarch64/Release/xrUICore.so
[822/1826] Building CXX object src/xrGame/CMakeFiles/xrGame.dir/alife_anomalous_zone.cpp.o
[823/1826] Building CXX object src/xrGame/CMakeFiles/xrGame.dir/alife_human_object_handler.cpp.o
[824/1826] Building CXX object src/xrGame/CMakeFiles/xrGame.dir/alife_monster_base.cpp.o
[825/1826] Building CXX object src/xrGame/CMakeFiles/xrGame.dir/alife_human_abstract.cpp.o
[826/1826] Building CXX object src/xrGame/CMakeFiles/xrGame.dir/alife_monster_abstract.cpp.o
[827/1826] Building CXX object src/xrGame/CMakeFiles/xrGame.dir/alife_graph_registry.cpp.o
[828/1826] Building CXX object src/xrGame/CMakeFiles/xrGame.dir/alife_human_brain_script.cpp.o
[829/1826] Building CXX object src/xrGame/CMakeFiles/xrGame.dir/alife_monster_brain_script.cpp.o
[830/1826] Building CXX object src/xrGame/CMakeFiles/xrGame.dir/alife_monster_movement_manager.cpp.o
[831/1826] Building CXX object src/xrGame/CMakeFiles/xrGame.dir/alife_monster_patrol_path_manager_script.cpp.o
[832/1826] Building CXX object src/xrGame/CMakeFiles/xrGame.dir/alife_monster_movement_manager_script.cpp.o
[833/1826] Building CXX object src/xrGame/CMakeFiles/xrGame.dir/alife_monster_detail_path_manager.cpp.o
[834/1826] Building CXX object src/xrGame/CMakeFiles/xrGame.dir/alife_monster_detail_path_manager_script.cpp.o
[835/1826] Building CXX object src/xrGame/CMakeFiles/xrGame.dir/alife_monster_patrol_path_manager.cpp.o
[836/1826] Building CXX object src/xrGame/CMakeFiles/xrGame.dir/alife_object.cpp.o
[837/1826] Building CXX object src/xrGame/CMakeFiles/xrGame.dir/alife_object_registry.cpp.o
[838/1826] Building CXX object src/xrGame/CMakeFiles/xrGame.dir/alife_online_offline_group_brain.cpp.o
[839/1826] Building CXX object src/xrGame/CMakeFiles/xrGame.dir/alife_online_offline_group.cpp.o
[840/1826] Building CXX object src/xrGame/CMakeFiles/xrGame.dir/alife_smart_terrain_registry.cpp.o
[841/1826] Building CXX object src/xrGame/CMakeFiles/xrGame.dir/alife_simulator.cpp.o
[842/1826] Building CXX object src/xrGame/CMakeFiles/xrGame.dir/alife_smart_terrain_task.cpp.o
[843/1826] Building CXX object src/xrGame/CMakeFiles/xrGame.dir/alife_simulator_base2.cpp.o
In file included from /data/data/com.termux/files/home/xray-16/src/xrGame/alife_simulator_base2.cpp:12:
In file included from /data/data/com.termux/files/home/xray-16/src/xrGame/alife_registry_wrappers.h:11:
In file included from /data/data/com.termux/files/home/xray-16/src/xrGame/alife_registry_container.h:11:
In file included from /data/data/com.termux/files/home/xray-16/src/xrGame/alife_registry_container_space.h:11:
In file included from /data/data/com.termux/files/home/xray-16/sdk/include/loki/HierarchyGenerators.h:32:
/data/data/com.termux/files/home/xray-16/sdk/include/loki/TypeManip.h:87:26: warning: private field 'dummy' is not used [-Wunused-private-field]
   87 |         class Big { char dummy[2]; };
      |                          ^
1 warning generated.
[844/1826] Building CXX object src/xrGame/CMakeFiles/xrGame.dir/alife_simulator_header.cpp.o
[845/1826] Building CXX object src/xrGame/CMakeFiles/xrGame.dir/alife_schedule_registry.cpp.o
[846/1826] Building CXX object src/xrGame/CMakeFiles/xrGame.dir/alife_smart_zone.cpp.o
[847/1826] Building CXX object src/xrGame/CMakeFiles/xrGame.dir/alife_smart_terrain_task_script.cpp.o
[848/1826] Building CXX object src/xrGame/CMakeFiles/xrGame.dir/alife_spawn_registry_header.cpp.o
[849/1826] Building CXX object src/xrGame/CMakeFiles/xrGame.dir/alife_spawn_registry_spawn.cpp.o
[850/1826] Building CXX object src/xrGame/CMakeFiles/xrGame.dir/alife_story_registry.cpp.o
[851/1826] Building CXX object src/xrGame/CMakeFiles/xrGame.dir/alife_surge_manager.cpp.o
[852/1826] Building CXX object src/xrGame/CMakeFiles/xrGame.dir/alife_storage_manager.cpp.o
In file included from /data/data/com.termux/files/home/xray-16/src/xrGame/alife_storage_manager.cpp:17:
In file included from /data/data/com.termux/files/home/xray-16/src/xrGame/alife_registry_container.h:11:
In file included from /data/data/com.termux/files/home/xray-16/src/xrGame/alife_registry_container_space.h:11:
In file included from /data/data/com.termux/files/home/xray-16/sdk/include/loki/HierarchyGenerators.h:32:
/data/data/com.termux/files/home/xray-16/sdk/include/loki/TypeManip.h:87:26: warning: private field 'dummy' is not used [-Wunused-private-field]
   87 |         class Big { char dummy[2]; };
      |                          ^
1 warning generated.
[853/1826] Building CXX object src/xrGame/CMakeFiles/xrGame.dir/alife_time_manager.cpp.o
[854/1826] Building CXX object src/xrGame/CMakeFiles/xrGame.dir/alife_registry_container.cpp.o
In file included from /data/data/com.termux/files/home/xray-16/src/xrGame/alife_registry_container.cpp:10:
In file included from /data/data/com.termux/files/home/xray-16/src/xrGame/alife_registry_container.h:11:
In file included from /data/data/com.termux/files/home/xray-16/src/xrGame/alife_registry_container_space.h:11:
In file included from /data/data/com.termux/files/home/xray-16/sdk/include/loki/HierarchyGenerators.h:32:
/data/data/com.termux/files/home/xray-16/sdk/include/loki/TypeManip.h:87:26: warning: private field 'dummy' is not used [-Wunused-private-field]
   87 |         class Big { char dummy[2]; };
      |                          ^
1 warning generated.
[855/1826] Building CXX object src/xrGame/CMakeFiles/xrGame.dir/alife_switch_manager.cpp.o
[856/1826] Building CXX object src/xrGame/CMakeFiles/xrGame.dir/animation_movement_controller.cpp.o
[857/1826] Building CXX object src/xrGame/CMakeFiles/xrGame.dir/alife_spawn_registry.cpp.o
[858/1826] Building CXX object src/xrGame/CMakeFiles/xrGame.dir/alife_trader_abstract.cpp.o
[859/1826] Building CXX object src/xrGame/CMakeFiles/xrGame.dir/AmebaZone.cpp.o
[860/1826] Building CXX object src/xrGame/CMakeFiles/xrGame.dir/animation_utils.cpp.o
[861/1826] Building CXX object src/xrGame/CMakeFiles/xrGame.dir/alife_trader.cpp.o
/data/data/com.termux/files/home/xray-16/src/xrGame/alife_trader.cpp:28:9: warning: variable 'l_dwPurchasedCount' set but not used [-Wunused-but-set-variable]
   28 |     u32 l_dwPurchasedCount = 0;
      |         ^
1 warning generated.
[862/1826] Building CXX object src/xrGame/CMakeFiles/xrGame.dir/animation_script_callback.cpp.o
[863/1826] Building CXX object src/xrGame/CMakeFiles/xrGame.dir/alife_simulator_base.cpp.o
In file included from /data/data/com.termux/files/home/xray-16/src/xrGame/alife_simulator_base.cpp:20:
In file included from /data/data/com.termux/files/home/xray-16/src/xrGame/alife_registry_container.h:11:
In file included from /data/data/com.termux/files/home/xray-16/src/xrGame/alife_registry_container_space.h:11:
In file included from /data/data/com.termux/files/home/xray-16/sdk/include/loki/HierarchyGenerators.h:32:
/data/data/com.termux/files/home/xray-16/sdk/include/loki/TypeManip.h:87:26: warning: private field 'dummy' is not used [-Wunused-private-field]
   87 |         class Big { char dummy[2]; };
      |                          ^
1 warning generated.
[864/1826] Building CXX object src/xrGame/CMakeFiles/xrGame.dir/antirad.cpp.o
[865/1826] Building CXX object src/xrGame/CMakeFiles/xrGame.dir/artefact_activation.cpp.o
[866/1826] Building CXX object src/xrGame/CMakeFiles/xrGame.dir/alife_update_manager.cpp.o
[867/1826] Building CXX object src/xrGame/CMakeFiles/xrGame.dir/attachable_item.cpp.o
[868/1826] Building CXX object src/xrGame/CMakeFiles/xrGame.dir/alife_simulator_script.cpp.o
In file included from /data/data/com.termux/files/home/xray-16/src/xrGame/alife_simulator_script.cpp:20:
In file included from /data/data/com.termux/files/home/xray-16/src/xrGame/alife_registry_container.h:11:
In file included from /data/data/com.termux/files/home/xray-16/src/xrGame/alife_registry_container_space.h:11:
In file included from /data/data/com.termux/files/home/xray-16/sdk/include/loki/HierarchyGenerators.h:32:
/data/data/com.termux/files/home/xray-16/sdk/include/loki/TypeManip.h:87:26: warning: private field 'dummy' is not used [-Wunused-private-field]
   87 |         class Big { char dummy[2]; };
      |                          ^
1 warning generated.
[869/1826] Building CXX object src/xrGame/CMakeFiles/xrGame.dir/autosave_manager.cpp.o
[870/1826] Building CXX object src/xrGame/CMakeFiles/xrGame.dir/attachment_owner.cpp.o
[871/1826] Building CXX object src/xrGame/CMakeFiles/xrGame.dir/Artefact.cpp.o
[872/1826] Building CXX object src/xrGame/CMakeFiles/xrGame.dir/BastArtifact.cpp.o
[873/1826] Building CXX object src/xrGame/CMakeFiles/xrGame.dir/Bolt.cpp.o
[874/1826] Building CXX object src/xrGame/CMakeFiles/xrGame.dir/BoneProtections.cpp.o
/data/data/com.termux/files/home/xray-16/src/xrGame/BoneProtections.cpp:91:31: warning: result of comparison of constant 65535 with expression of type 's16' (aka 'short') is always true [-Wtautological-constant-out-of-range-compare]
   91 |             R_ASSERT2(BI_NONE != bone_id, name.c_str());
      |                       ~~~~~~~ ^  ~~~~~~~
/data/data/com.termux/files/home/xray-16/src/xrCore/xrDebug_macros.h:23:32: note: expanded from macro 'R_ASSERT2'
   23 |         if (!ignoreAlways && !(expr))\
      |                                ^~~~
/data/data/com.termux/files/home/xray-16/src/xrGame/BoneProtections.cpp:131:31: warning: result of comparison of constant 65535 with expression of type 's16' (aka 'short') is always true [-Wtautological-constant-out-of-range-compare]
  131 |             R_ASSERT2(BI_NONE != bone_id, name.c_str());
      |                       ~~~~~~~ ^  ~~~~~~~
/data/data/com.termux/files/home/xray-16/src/xrCore/xrDebug_macros.h:23:32: note: expanded from macro 'R_ASSERT2'
   23 |         if (!ignoreAlways && !(expr))\
      |                                ^~~~
2 warnings generated.
[875/1826] Building CXX object src/xrGame/CMakeFiles/xrGame.dir/CameraEffector.cpp.o
[876/1826] Building CXX object src/xrGame/CMakeFiles/xrGame.dir/artefact_script.cpp.o
In file included from /data/data/com.termux/files/home/xray-16/src/xrGame/artefact_script.cpp:16:
/data/data/com.termux/files/home/xray-16/src/xrGame/cta_game_artefact.h:22:18: warning: 'CtaGameArtefact::Action' hides overloaded virtual function [-Woverloaded-virtual]
   22 |     virtual bool Action(s32 cmd, u32 flags);
      |                  ^
/data/data/com.termux/files/home/xray-16/src/xrGame/Artefact.h:111:18: note: hidden overloaded virtual function 'CArtefact::Action' declared here: type mismatch at 1st parameter ('u16' (aka 'unsigned short') vs 's32' (aka 'int'))
  111 |     virtual bool Action(u16 cmd, u32 flags);
      |                  ^
1 warning generated.
[877/1826] Building CXX object src/xrGame/CMakeFiles/xrGame.dir/BlackDrops.cpp.o
[878/1826] Building CXX object src/xrGame/CMakeFiles/xrGame.dir/BottleItem.cpp.o
[879/1826] Building CXX object src/xrGame/CMakeFiles/xrGame.dir/BlackGraviArtifact.cpp.o
[880/1826] Building CXX object src/xrGame/CMakeFiles/xrGame.dir/CameraFirstEye.cpp.o
[881/1826] Building CXX object src/xrGame/CMakeFiles/xrGame.dir/base_client_classes_script.cpp.o
In file included from /data/data/com.termux/files/home/xray-16/src/xrGame/base_client_classes_script.cpp:11:
/data/data/com.termux/files/home/xray-16/src/xrGame/base_client_classes_wrappers.h:89:18: warning: 'CGameObjectWrapper::use' hides overloaded virtual function [-Woverloaded-virtual]
   89 |     virtual bool use(CGameObject* who_use)
      |                  ^
/data/data/com.termux/files/home/xray-16/src/xrGame/GameObject.h:370:18: note: hidden overloaded virtual function 'CGameObject::use' declared here: type mismatch at 1st parameter ('IGameObject *' vs 'CGameObject *')
  370 |     virtual bool use(IGameObject* obj) override;
      |                  ^
1 warning generated.
[882/1826] Building CXX object src/xrGame/CMakeFiles/xrGame.dir/BreakableObject.cpp.o
[883/1826] Building CXX object src/xrGame/CMakeFiles/xrGame.dir/CarCameras.cpp.o
In file included from /data/data/com.termux/files/home/xray-16/src/xrGame/CarCameras.cpp:11:
/data/data/com.termux/files/home/xray-16/src/xrGame/Car.h:171:14: warning: 'CCar::SWheel::Init' hides overloaded virtual function [-Woverloaded-virtual]
  171 |         void Init(); // asumptions: bone_map is 1. ini parsed 2. filled in 3. bone_id is set
      |              ^
/data/data/com.termux/files/home/xray-16/src/xrGame/DamagableItem.h:29:18: note: hidden overloaded virtual function 'CDamagableHealthItem::Init' declared here: different number of parameters (2 vs 0)
   29 |     virtual void Init(float max_health, u16 level_num);
      |                  ^
In file included from /data/data/com.termux/files/home/xray-16/src/xrGame/CarCameras.cpp:11:
/data/data/com.termux/files/home/xray-16/src/xrGame/Car.h:287:14: warning: 'CCar::SDoor::Init' hides overloaded virtual function [-Woverloaded-virtual]
  287 |         void Init();
      |              ^
/data/data/com.termux/files/home/xray-16/src/xrGame/DamagableItem.h:29:18: note: hidden overloaded virtual function 'CDamagableHealthItem::Init' declared here: different number of parameters (2 vs 0)
   29 |     virtual void Init(float max_health, u16 level_num);
      |                  ^
In file included from /data/data/com.termux/files/home/xray-16/src/xrGame/CarCameras.cpp:11:
/data/data/com.termux/files/home/xray-16/src/xrGame/Car.h:497:10: warning: 'CCar::Init' hides overloaded virtual function [-Woverloaded-virtual]
  497 |     void Init();
      |          ^
/data/data/com.termux/files/home/xray-16/src/xrGame/DamagableItem.h:12:18: note: hidden overloaded virtual function 'CDamagableItem::Init' declared here: different number of parameters (2 vs 0)
   12 |     virtual void Init(float max_health, u16 level_num);
      |                  ^
3 warnings generated.
[884/1826] Building CXX object src/xrGame/CMakeFiles/xrGame.dir/CameraLook.cpp.o
[885/1826] Building CXX object src/xrGame/CMakeFiles/xrGame.dir/CarInput.cpp.o
In file included from /data/data/com.termux/files/home/xray-16/src/xrGame/CarInput.cpp:10:
/data/data/com.termux/files/home/xray-16/src/xrGame/Car.h:171:14: warning: 'CCar::SWheel::Init' hides overloaded virtual function [-Woverloaded-virtual]
  171 |         void Init(); // asumptions: bone_map is 1. ini parsed 2. filled in 3. bone_id is set
      |              ^
/data/data/com.termux/files/home/xray-16/src/xrGame/DamagableItem.h:29:18: note: hidden overloaded virtual function 'CDamagableHealthItem::Init' declared here: different number of parameters (2 vs 0)
   29 |     virtual void Init(float max_health, u16 level_num);
      |                  ^
In file included from /data/data/com.termux/files/home/xray-16/src/xrGame/CarInput.cpp:10:
/data/data/com.termux/files/home/xray-16/src/xrGame/Car.h:287:14: warning: 'CCar::SDoor::Init' hides overloaded virtual function [-Woverloaded-virtual]
  287 |         void Init();
      |              ^
/data/data/com.termux/files/home/xray-16/src/xrGame/DamagableItem.h:29:18: note: hidden overloaded virtual function 'CDamagableHealthItem::Init' declared here: different number of parameters (2 vs 0)
   29 |     virtual void Init(float max_health, u16 level_num);
      |                  ^
In file included from /data/data/com.termux/files/home/xray-16/src/xrGame/CarInput.cpp:10:
/data/data/com.termux/files/home/xray-16/src/xrGame/Car.h:497:10: warning: 'CCar::Init' hides overloaded virtual function [-Woverloaded-virtual]
  497 |     void Init();
      |          ^
/data/data/com.termux/files/home/xray-16/src/xrGame/DamagableItem.h:12:18: note: hidden overloaded virtual function 'CDamagableItem::Init' declared here: different number of parameters (2 vs 0)
   12 |     virtual void Init(float max_health, u16 level_num);
      |                  ^
3 warnings generated.
[886/1826] Building CXX object src/xrGame/CMakeFiles/xrGame.dir/CarDamageParticles.cpp.o
In file included from /data/data/com.termux/files/home/xray-16/src/xrGame/CarDamageParticles.cpp:10:
/data/data/com.termux/files/home/xray-16/src/xrGame/Car.h:171:14: warning: 'CCar::SWheel::Init' hides overloaded virtual function [-Woverloaded-virtual]
  171 |         void Init(); // asumptions: bone_map is 1. ini parsed 2. filled in 3. bone_id is set
      |              ^
/data/data/com.termux/files/home/xray-16/src/xrGame/DamagableItem.h:29:18: note: hidden overloaded virtual function 'CDamagableHealthItem::Init' declared here: different number of parameters (2 vs 0)
   29 |     virtual void Init(float max_health, u16 level_num);
      |                  ^
In file included from /data/data/com.termux/files/home/xray-16/src/xrGame/CarDamageParticles.cpp:10:
/data/data/com.termux/files/home/xray-16/src/xrGame/Car.h:287:14: warning: 'CCar::SDoor::Init' hides overloaded virtual function [-Woverloaded-virtual]
  287 |         void Init();
      |              ^
/data/data/com.termux/files/home/xray-16/src/xrGame/DamagableItem.h:29:18: note: hidden overloaded virtual function 'CDamagableHealthItem::Init' declared here: different number of parameters (2 vs 0)
   29 |     virtual void Init(float max_health, u16 level_num);
      |                  ^
In file included from /data/data/com.termux/files/home/xray-16/src/xrGame/CarDamageParticles.cpp:10:
/data/data/com.termux/files/home/xray-16/src/xrGame/Car.h:497:10: warning: 'CCar::Init' hides overloaded virtual function [-Woverloaded-virtual]
  497 |     void Init();
      |          ^
/data/data/com.termux/files/home/xray-16/src/xrGame/DamagableItem.h:12:18: note: hidden overloaded virtual function 'CDamagableItem::Init' declared here: different number of parameters (2 vs 0)
   12 |     virtual void Init(float max_health, u16 level_num);
      |                  ^
3 warnings generated.
[887/1826] Building CXX object src/xrGame/CMakeFiles/xrGame.dir/CarExhaust.cpp.o
In file included from /data/data/com.termux/files/home/xray-16/src/xrGame/CarExhaust.cpp:9:
/data/data/com.termux/files/home/xray-16/src/xrGame/Car.h:171:14: warning: 'CCar::SWheel::Init' hides overloaded virtual function [-Woverloaded-virtual]
  171 |         void Init(); // asumptions: bone_map is 1. ini parsed 2. filled in 3. bone_id is set
      |              ^
/data/data/com.termux/files/home/xray-16/src/xrGame/DamagableItem.h:29:18: note: hidden overloaded virtual function 'CDamagableHealthItem::Init' declared here: different number of parameters (2 vs 0)
   29 |     virtual void Init(float max_health, u16 level_num);
      |                  ^
In file included from /data/data/com.termux/files/home/xray-16/src/xrGame/CarExhaust.cpp:9:
/data/data/com.termux/files/home/xray-16/src/xrGame/Car.h:287:14: warning: 'CCar::SDoor::Init' hides overloaded virtual function [-Woverloaded-virtual]
  287 |         void Init();
      |              ^
/data/data/com.termux/files/home/xray-16/src/xrGame/DamagableItem.h:29:18: note: hidden overloaded virtual function 'CDamagableHealthItem::Init' declared here: different number of parameters (2 vs 0)
   29 |     virtual void Init(float max_health, u16 level_num);
      |                  ^
In file included from /data/data/com.termux/files/home/xray-16/src/xrGame/CarExhaust.cpp:9:
/data/data/com.termux/files/home/xray-16/src/xrGame/Car.h:497:10: warning: 'CCar::Init' hides overloaded virtual function [-Woverloaded-virtual]
  497 |     void Init();
      |          ^
/data/data/com.termux/files/home/xray-16/src/xrGame/DamagableItem.h:12:18: note: hidden overloaded virtual function 'CDamagableItem::Init' declared here: different number of parameters (2 vs 0)
   12 |     virtual void Init(float max_health, u16 level_num);
      |                  ^
3 warnings generated.
[888/1826] Building CXX object src/xrGame/CMakeFiles/xrGame.dir/CarLights.cpp.o
In file included from /data/data/com.termux/files/home/xray-16/src/xrGame/CarLights.cpp:10:
/data/data/com.termux/files/home/xray-16/src/xrGame/Car.h:171:14: warning: 'CCar::SWheel::Init' hides overloaded virtual function [-Woverloaded-virtual]
  171 |         void Init(); // asumptions: bone_map is 1. ini parsed 2. filled in 3. bone_id is set
      |              ^
/data/data/com.termux/files/home/xray-16/src/xrGame/DamagableItem.h:29:18: note: hidden overloaded virtual function 'CDamagableHealthItem::Init' declared here: different number of parameters (2 vs 0)
   29 |     virtual void Init(float max_health, u16 level_num);
      |                  ^
In file included from /data/data/com.termux/files/home/xray-16/src/xrGame/CarLights.cpp:10:
/data/data/com.termux/files/home/xray-16/src/xrGame/Car.h:287:14: warning: 'CCar::SDoor::Init' hides overloaded virtual function [-Woverloaded-virtual]
  287 |         void Init();
      |              ^
/data/data/com.termux/files/home/xray-16/src/xrGame/DamagableItem.h:29:18: note: hidden overloaded virtual function 'CDamagableHealthItem::Init' declared here: different number of parameters (2 vs 0)
   29 |     virtual void Init(float max_health, u16 level_num);
      |                  ^
In file included from /data/data/com.termux/files/home/xray-16/src/xrGame/CarLights.cpp:10:
/data/data/com.termux/files/home/xray-16/src/xrGame/Car.h:497:10: warning: 'CCar::Init' hides overloaded virtual function [-Woverloaded-virtual]
  497 |     void Init();
      |          ^
/data/data/com.termux/files/home/xray-16/src/xrGame/DamagableItem.h:12:18: note: hidden overloaded virtual function 'CDamagableItem::Init' declared here: different number of parameters (2 vs 0)
   12 |     virtual void Init(float max_health, u16 level_num);
      |                  ^
3 warnings generated.
[889/1826] Building CXX object src/xrGame/CMakeFiles/xrGame.dir/CarDoors.cpp.o
In file included from /data/data/com.termux/files/home/xray-16/src/xrGame/CarDoors.cpp:9:
/data/data/com.termux/files/home/xray-16/src/xrGame/Car.h:171:14: warning: 'CCar::SWheel::Init' hides overloaded virtual function [-Woverloaded-virtual]
  171 |         void Init(); // asumptions: bone_map is 1. ini parsed 2. filled in 3. bone_id is set
      |              ^
/data/data/com.termux/files/home/xray-16/src/xrGame/DamagableItem.h:29:18: note: hidden overloaded virtual function 'CDamagableHealthItem::Init' declared here: different number of parameters (2 vs 0)
   29 |     virtual void Init(float max_health, u16 level_num);
      |                  ^
In file included from /data/data/com.termux/files/home/xray-16/src/xrGame/CarDoors.cpp:9:
/data/data/com.termux/files/home/xray-16/src/xrGame/Car.h:287:14: warning: 'CCar::SDoor::Init' hides overloaded virtual function [-Woverloaded-virtual]
  287 |         void Init();
      |              ^
/data/data/com.termux/files/home/xray-16/src/xrGame/DamagableItem.h:29:18: note: hidden overloaded virtual function 'CDamagableHealthItem::Init' declared here: different number of parameters (2 vs 0)
   29 |     virtual void Init(float max_health, u16 level_num);
      |                  ^
In file included from /data/data/com.termux/files/home/xray-16/src/xrGame/CarDoors.cpp:9:
/data/data/com.termux/files/home/xray-16/src/xrGame/Car.h:497:10: warning: 'CCar::Init' hides overloaded virtual function [-Woverloaded-virtual]
  497 |     void Init();
      |          ^
/data/data/com.termux/files/home/xray-16/src/xrGame/DamagableItem.h:12:18: note: hidden overloaded virtual function 'CDamagableItem::Init' declared here: different number of parameters (2 vs 0)
   12 |     virtual void Init(float max_health, u16 level_num);
      |                  ^
3 warnings generated.
[890/1826] Building CXX object src/xrGame/CMakeFiles/xrGame.dir/CarWeapon.cpp.o
In file included from /data/data/com.termux/files/home/xray-16/src/xrGame/CarWeapon.cpp:2:
/data/data/com.termux/files/home/xray-16/src/xrGame/CarWeapon.h:58:56: warning: private field 'm_camera_bone' is not used [-Wunused-private-field]
   58 |     u16 m_rotate_x_bone, m_rotate_y_bone, m_fire_bone, m_camera_bone;
      |                                                        ^
/data/data/com.termux/files/home/xray-16/src/xrGame/CarWeapon.h:67:11: warning: private field 'm_barrel_speed' is not used [-Wunused-private-field]
   67 |     float m_barrel_speed;
      |           ^
2 warnings generated.
[891/1826] Building CXX object src/xrGame/CMakeFiles/xrGame.dir/car_memory.cpp.o
In file included from /data/data/com.termux/files/home/xray-16/src/xrGame/car_memory.cpp:11:
/data/data/com.termux/files/home/xray-16/src/xrGame/Car.h:171:14: warning: 'CCar::SWheel::Init' hides overloaded virtual function [-Woverloaded-virtual]
  171 |         void Init(); // asumptions: bone_map is 1. ini parsed 2. filled in 3. bone_id is set
      |              ^
/data/data/com.termux/files/home/xray-16/src/xrGame/DamagableItem.h:29:18: note: hidden overloaded virtual function 'CDamagableHealthItem::Init' declared here: different number of parameters (2 vs 0)
   29 |     virtual void Init(float max_health, u16 level_num);
      |                  ^
In file included from /data/data/com.termux/files/home/xray-16/src/xrGame/car_memory.cpp:11:
/data/data/com.termux/files/home/xray-16/src/xrGame/Car.h:287:14: warning: 'CCar::SDoor::Init' hides overloaded virtual function [-Woverloaded-virtual]
  287 |         void Init();
      |              ^
/data/data/com.termux/files/home/xray-16/src/xrGame/DamagableItem.h:29:18: note: hidden overloaded virtual function 'CDamagableHealthItem::Init' declared here: different number of parameters (2 vs 0)
   29 |     virtual void Init(float max_health, u16 level_num);
      |                  ^
In file included from /data/data/com.termux/files/home/xray-16/src/xrGame/car_memory.cpp:11:
/data/data/com.termux/files/home/xray-16/src/xrGame/Car.h:497:10: warning: 'CCar::Init' hides overloaded virtual function [-Woverloaded-virtual]
  497 |     void Init();
      |          ^
/data/data/com.termux/files/home/xray-16/src/xrGame/DamagableItem.h:12:18: note: hidden overloaded virtual function 'CDamagableItem::Init' declared here: different number of parameters (2 vs 0)
   12 |     virtual void Init(float max_health, u16 level_num);
      |                  ^
In file included from /data/data/com.termux/files/home/xray-16/src/xrGame/car_memory.cpp:10:
/data/data/com.termux/files/home/xray-16/src/xrGame/car_memory.h:22:11: warning: private field 'm_object' is not used [-Wunused-private-field]
   22 |     CCar* m_object;
      |           ^
4 warnings generated.
[892/1826] Building CXX object src/xrGame/CMakeFiles/xrGame.dir/CarSound.cpp.o
In file included from /data/data/com.termux/files/home/xray-16/src/xrGame/CarSound.cpp:8:
/data/data/com.termux/files/home/xray-16/src/xrGame/Car.h:171:14: warning: 'CCar::SWheel::Init' hides overloaded virtual function [-Woverloaded-virtual]
  171 |         void Init(); // asumptions: bone_map is 1. ini parsed 2. filled in 3. bone_id is set
      |              ^
/data/data/com.termux/files/home/xray-16/src/xrGame/DamagableItem.h:29:18: note: hidden overloaded virtual function 'CDamagableHealthItem::Init' declared here: different number of parameters (2 vs 0)
   29 |     virtual void Init(float max_health, u16 level_num);
      |                  ^
In file included from /data/data/com.termux/files/home/xray-16/src/xrGame/CarSound.cpp:8:
/data/data/com.termux/files/home/xray-16/src/xrGame/Car.h:287:14: warning: 'CCar::SDoor::Init' hides overloaded virtual function [-Woverloaded-virtual]
  287 |         void Init();
      |              ^
/data/data/com.termux/files/home/xray-16/src/xrGame/DamagableItem.h:29:18: note: hidden overloaded virtual function 'CDamagableHealthItem::Init' declared here: different number of parameters (2 vs 0)
   29 |     virtual void Init(float max_health, u16 level_num);
      |                  ^
In file included from /data/data/com.termux/files/home/xray-16/src/xrGame/CarSound.cpp:8:
/data/data/com.termux/files/home/xray-16/src/xrGame/Car.h:497:10: warning: 'CCar::Init' hides overloaded virtual function [-Woverloaded-virtual]
  497 |     void Init();
      |          ^
/data/data/com.termux/files/home/xray-16/src/xrGame/DamagableItem.h:12:18: note: hidden overloaded virtual function 'CDamagableItem::Init' declared here: different number of parameters (2 vs 0)
   12 |     virtual void Init(float max_health, u16 level_num);
      |                  ^
3 warnings generated.
[893/1826] Building CXX object src/xrGame/CMakeFiles/xrGame.dir/character_hit_animations.cpp.o
[894/1826] Building CXX object src/xrGame/CMakeFiles/xrGame.dir/cdkey_ban_list.cpp.o
[895/1826] Building CXX object src/xrGame/CMakeFiles/xrGame.dir/Car.cpp.o
In file included from /data/data/com.termux/files/home/xray-16/src/xrGame/Car.cpp:2:
/data/data/com.termux/files/home/xray-16/src/xrGame/Car.h:171:14: warning: 'CCar::SWheel::Init' hides overloaded virtual function [-Woverloaded-virtual]
  171 |         void Init(); // asumptions: bone_map is 1. ini parsed 2. filled in 3. bone_id is set
      |              ^
/data/data/com.termux/files/home/xray-16/src/xrGame/DamagableItem.h:29:18: note: hidden overloaded virtual function 'CDamagableHealthItem::Init' declared here: different number of parameters (2 vs 0)
   29 |     virtual void Init(float max_health, u16 level_num);
      |                  ^
In file included from /data/data/com.termux/files/home/xray-16/src/xrGame/Car.cpp:2:
/data/data/com.termux/files/home/xray-16/src/xrGame/Car.h:287:14: warning: 'CCar::SDoor::Init' hides overloaded virtual function [-Woverloaded-virtual]
  287 |         void Init();
      |              ^
/data/data/com.termux/files/home/xray-16/src/xrGame/DamagableItem.h:29:18: note: hidden overloaded virtual function 'CDamagableHealthItem::Init' declared here: different number of parameters (2 vs 0)
   29 |     virtual void Init(float max_health, u16 level_num);
      |                  ^
In file included from /data/data/com.termux/files/home/xray-16/src/xrGame/Car.cpp:2:
/data/data/com.termux/files/home/xray-16/src/xrGame/Car.h:497:10: warning: 'CCar::Init' hides overloaded virtual function [-Woverloaded-virtual]
  497 |     void Init();
      |          ^
/data/data/com.termux/files/home/xray-16/src/xrGame/DamagableItem.h:12:18: note: hidden overloaded virtual function 'CDamagableItem::Init' declared here: different number of parameters (2 vs 0)
   12 |     virtual void Init(float max_health, u16 level_num);
      |                  ^
In file included from /data/data/com.termux/files/home/xray-16/src/xrGame/Car.cpp:24:
/data/data/com.termux/files/home/xray-16/src/xrGame/ui/UIMainIngameWnd.h:24:18: warning: virtual method 'Init' is inside a 'final' class and can never be overridden [-Wunnecessary-virtual-specifier]
   24 |     virtual void Init();
      |                  ^
4 warnings generated.
[896/1826] Building CXX object src/xrGame/CMakeFiles/xrGame.dir/character_community.cpp.o
[897/1826] Building CXX object src/xrGame/CMakeFiles/xrGame.dir/character_reputation.cpp.o
[898/1826] Building CXX object src/xrGame/CMakeFiles/xrGame.dir/character_shell_control.cpp.o
[899/1826] Building CXX object src/xrGame/CMakeFiles/xrGame.dir/CarScript.cpp.o
In file included from /data/data/com.termux/files/home/xray-16/src/xrGame/CarScript.cpp:4:
/data/data/com.termux/files/home/xray-16/src/xrGame/Car.h:171:14: warning: 'CCar::SWheel::Init' hides overloaded virtual function [-Woverloaded-virtual]
  171 |         void Init(); // asumptions: bone_map is 1. ini parsed 2. filled in 3. bone_id is set
      |              ^
/data/data/com.termux/files/home/xray-16/src/xrGame/DamagableItem.h:29:18: note: hidden overloaded virtual function 'CDamagableHealthItem::Init' declared here: different number of parameters (2 vs 0)
   29 |     virtual void Init(float max_health, u16 level_num);
      |                  ^
In file included from /data/data/com.termux/files/home/xray-16/src/xrGame/CarScript.cpp:4:
/data/data/com.termux/files/home/xray-16/src/xrGame/Car.h:287:14: warning: 'CCar::SDoor::Init' hides overloaded virtual function [-Woverloaded-virtual]
  287 |         void Init();
      |              ^
/data/data/com.termux/files/home/xray-16/src/xrGame/DamagableItem.h:29:18: note: hidden overloaded virtual function 'CDamagableHealthItem::Init' declared here: different number of parameters (2 vs 0)
   29 |     virtual void Init(float max_health, u16 level_num);
      |                  ^
In file included from /data/data/com.termux/files/home/xray-16/src/xrGame/CarScript.cpp:4:
/data/data/com.termux/files/home/xray-16/src/xrGame/Car.h:497:10: warning: 'CCar::Init' hides overloaded virtual function [-Woverloaded-virtual]
  497 |     void Init();
      |          ^
/data/data/com.termux/files/home/xray-16/src/xrGame/DamagableItem.h:12:18: note: hidden overloaded virtual function 'CDamagableItem::Init' declared here: different number of parameters (2 vs 0)
   12 |     virtual void Init(float max_health, u16 level_num);
      |                  ^
3 warnings generated.
[900/1826] Building CXX object src/xrGame/CMakeFiles/xrGame.dir/CarWheels.cpp.o
In file included from /data/data/com.termux/files/home/xray-16/src/xrGame/CarWheels.cpp:9:
/data/data/com.termux/files/home/xray-16/src/xrGame/Car.h:171:14: warning: 'CCar::SWheel::Init' hides overloaded virtual function [-Woverloaded-virtual]
  171 |         void Init(); // asumptions: bone_map is 1. ini parsed 2. filled in 3. bone_id is set
      |              ^
/data/data/com.termux/files/home/xray-16/src/xrGame/DamagableItem.h:29:18: note: hidden overloaded virtual function 'CDamagableHealthItem::Init' declared here: different number of parameters (2 vs 0)
   29 |     virtual void Init(float max_health, u16 level_num);
      |                  ^
In file included from /data/data/com.termux/files/home/xray-16/src/xrGame/CarWheels.cpp:9:
/data/data/com.termux/files/home/xray-16/src/xrGame/Car.h:287:14: warning: 'CCar::SDoor::Init' hides overloaded virtual function [-Woverloaded-virtual]
  287 |         void Init();
      |              ^
/data/data/com.termux/files/home/xray-16/src/xrGame/DamagableItem.h:29:18: note: hidden overloaded virtual function 'CDamagableHealthItem::Init' declared here: different number of parameters (2 vs 0)
   29 |     virtual void Init(float max_health, u16 level_num);
      |                  ^
In file included from /data/data/com.termux/files/home/xray-16/src/xrGame/CarWheels.cpp:9:
/data/data/com.termux/files/home/xray-16/src/xrGame/Car.h:497:10: warning: 'CCar::Init' hides overloaded virtual function [-Woverloaded-virtual]
  497 |     void Init();
      |          ^
/data/data/com.termux/files/home/xray-16/src/xrGame/DamagableItem.h:12:18: note: hidden overloaded virtual function 'CDamagableItem::Init' declared here: different number of parameters (2 vs 0)
   12 |     virtual void Init(float max_health, u16 level_num);
      |                  ^
3 warnings generated.
[901/1826] Building CXX object src/xrGame/CMakeFiles/xrGame.dir/configs_common.cpp.o
[902/1826] Building CXX object src/xrGame/CMakeFiles/xrGame.dir/CharacterPhysicsSupport.cpp.o
In file included from /data/data/com.termux/files/home/xray-16/src/xrGame/CharacterPhysicsSupport.cpp:15:
/data/data/com.termux/files/home/xray-16/src/xrPhysics/Geometry.h:67:8: warning: 'const' type qualifier on return type has no effect [-Wignored-qualifiers]
   67 |     IC const dGeomID geom() const { return dGeomTransformGetGeom(m_geom_transform); }
      |        ^~~~~
/data/data/com.termux/files/home/xray-16/src/xrPhysics/Geometry.h:68:8: warning: 'const' type qualifier on return type has no effect [-Wignored-qualifiers]
   68 |     IC const dGeomID geometry_transform() const { return m_geom_transform; }
      |        ^~~~~
/data/data/com.termux/files/home/xray-16/src/xrPhysics/Geometry.h:69:8: warning: 'const' type qualifier on return type has no effect [-Wignored-qualifiers]
   69 |     IC const dGeomID geometry() const { return m_geom_transform ? (geom() ? geom() : m_geom_transform) : NULL; }
      |        ^~~~~
/data/data/com.termux/files/home/xray-16/src/xrPhysics/Geometry.h:70:8: warning: 'const' type qualifier on return type has no effect [-Wignored-qualifiers]
   70 |     IC const dGeomID geometry_bt() const
      |        ^~~~~
4 warnings generated.
[903/1826] Building CXX object src/xrGame/CMakeFiles/xrGame.dir/character_rank.cpp.o
[904/1826] Building CXX object src/xrGame/CMakeFiles/xrGame.dir/client_spawn_manager.cpp.o
[905/1826] Building CXX object src/xrGame/CMakeFiles/xrGame.dir/configs_dumper.cpp.o
[906/1826] Building CXX object src/xrGame/CMakeFiles/xrGame.dir/configs_dump_verifyer.cpp.o
[907/1826] Building CXX object src/xrGame/CMakeFiles/xrGame.dir/ClimableObject.cpp.o
In file included from /data/data/com.termux/files/home/xray-16/src/xrGame/ClimableObject.cpp:5:
In file included from /data/data/com.termux/files/home/xray-16/src/xrPhysics/PHCharacter.h:7:
/data/data/com.termux/files/home/xray-16/src/xrPhysics/PHDisabling.h:87:18: warning: 'CPHDisablingRotational::set_DisableParams' hides overloaded virtual function [-Woverloaded-virtual]
   87 |     virtual void set_DisableParams(const SAllDDOParams& params);
      |                  ^
/data/data/com.termux/files/home/xray-16/src/xrPhysics/PHDisabling.h:62:18: note: hidden overloaded virtual function 'CPHDisablingBase::set_DisableParams' declared here: type mismatch at 1st parameter ('const SOneDDOParams &' vs 'const SAllDDOParams &')
   62 |     virtual void set_DisableParams(const SOneDDOParams& params);
      |                  ^
/data/data/com.termux/files/home/xray-16/src/xrPhysics/PHDisabling.h:96:18: warning: 'CPHDisablingTranslational::set_DisableParams' hides overloaded virtual function [-Woverloaded-virtual]
   96 |     virtual void set_DisableParams(const SAllDDOParams& params);
      |                  ^
/data/data/com.termux/files/home/xray-16/src/xrPhysics/PHDisabling.h:62:18: note: hidden overloaded virtual function 'CPHDisablingBase::set_DisableParams' declared here: type mismatch at 1st parameter ('const SOneDDOParams &' vs 'const SAllDDOParams &')
   62 |     virtual void set_DisableParams(const SOneDDOParams& params);
      |                  ^
2 warnings generated.
[908/1826] Building CXX object src/xrGame/CMakeFiles/xrGame.dir/client_spawn_manager_script.cpp.o
[909/1826] Building CXX object src/xrGame/CMakeFiles/xrGame.dir/cover_evaluators.cpp.o
[910/1826] Building CXX object src/xrGame/CMakeFiles/xrGame.dir/cta_game_artefact_activation.cpp.o
[911/1826] Building CXX object src/xrGame/CMakeFiles/xrGame.dir/ContextMenu.cpp.o
[912/1826] Building CXX object src/xrGame/CMakeFiles/xrGame.dir/cover_point_script.cpp.o
[913/1826] Building CXX object src/xrGame/CMakeFiles/xrGame.dir/CustomMonster_VCPU.cpp.o
[914/1826] Building CXX object src/xrGame/CMakeFiles/xrGame.dir/console_commands.cpp.o
In file included from /data/data/com.termux/files/home/xray-16/src/xrGame/console_commands.cpp:25:
/data/data/com.termux/files/home/xray-16/src/xrGame/ui/UIMainIngameWnd.h:24:18: warning: virtual method 'Init' is inside a 'final' class and can never be overridden [-Wunnecessary-virtual-specifier]
   24 |     virtual void Init();
      |                  ^
In file included from /data/data/com.termux/files/home/xray-16/src/xrGame/console_commands.cpp:29:
/data/data/com.termux/files/home/xray-16/src/xrGame/ai/monsters/basemonster/base_monster.h:82:18: warning: 'CBaseMonster::HitSignal' hides overloaded virtual function [-Woverloaded-virtual]
   82 |     virtual void HitSignal(float amount, Fvector& vLocalDir, IGameObject* who, s16 element);
      |                  ^
/data/data/com.termux/files/home/xray-16/src/xrGame/CustomMonster.h:145:18: note: hidden overloaded virtual function 'CCustomMonster::HitSignal' declared here: different number of parameters (3 vs 4)
  145 |     virtual void HitSignal(float P, Fvector& vLocalDir, IGameObject* who);
      |                  ^
2 warnings generated.
[915/1826] Building CXX object src/xrGame/CMakeFiles/xrGame.dir/CustomOutfit.cpp.o
In file included from /data/data/com.termux/files/home/xray-16/src/xrGame/CustomOutfit.cpp:3:
/data/data/com.termux/files/home/xray-16/src/xrGame/CustomOutfit.h:17:18: warning: 'CCustomOutfit::Hit' hides overloaded virtual function [-Woverloaded-virtual]
   17 |     virtual void Hit(float P, ALife::EHitType hit_type);
      |                  ^
/data/data/com.termux/files/home/xray-16/src/xrGame/inventory_item_object.h:35:18: note: hidden overloaded virtual function 'CInventoryItemObject::Hit' declared here: different number of parameters (1 vs 2)
   35 |     virtual void Hit(SHit* pHDS);
      |                  ^
In file included from /data/data/com.termux/files/home/xray-16/src/xrGame/CustomOutfit.cpp:13:
/data/data/com.termux/files/home/xray-16/src/xrGame/ActorHelmet.h:17:18: warning: 'CHelmet::Hit' hides overloaded virtual function [-Woverloaded-virtual]
   17 |     virtual void Hit(float P, ALife::EHitType hit_type);
      |                  ^
/data/data/com.termux/files/home/xray-16/src/xrGame/inventory_item_object.h:35:18: note: hidden overloaded virtual function 'CInventoryItemObject::Hit' declared here: different number of parameters (1 vs 2)
   35 |     virtual void Hit(SHit* pHDS);
      |                  ^
2 warnings generated.
[916/1826] Building CXX object src/xrGame/CMakeFiles/xrGame.dir/cover_manager.cpp.o
[917/1826] Building CXX object src/xrGame/CMakeFiles/xrGame.dir/console_commands_mp.cpp.o
/data/data/com.termux/files/home/xray-16/src/xrGame/console_commands_mp.cpp:1239:16: warning: reference cannot be bound to dereferenced null pointer in well-defined C++ code; pointer may be assumed to always convert to true [-Wundefined-bool-conversion]
 1239 |         if (!(&Level()))
      |             ~  ^~~~~~~
/data/data/com.termux/files/home/xray-16/src/xrGame/Level.h:440:12: note: 'Level' returns a reference
  440 | IC CLevel& Level() { return *(CLevel*)g_pGameLevel; }
      |            ^
/data/data/com.termux/files/home/xray-16/src/xrGame/console_commands_mp.cpp:1241:16: warning: reference cannot be bound to dereferenced null pointer in well-defined C++ code; pointer may be assumed to always convert to true [-Wundefined-bool-conversion]
 1241 |         if (!(&Game()))
      |             ~  ^~~~~~
/data/data/com.termux/files/home/xray-16/src/xrGame/Level.h:441:23: note: 'Game' returns a reference
  441 | IC game_cl_GameState& Game() { return *Level().game; }
      |                       ^
/data/data/com.termux/files/home/xray-16/src/xrGame/console_commands_mp.cpp:1254:16: warning: reference cannot be bound to dereferenced null pointer in well-defined C++ code; pointer may be assumed to always convert to true [-Wundefined-bool-conversion]
 1254 |         if (!(&Level()))
      |             ~  ^~~~~~~
/data/data/com.termux/files/home/xray-16/src/xrGame/Level.h:440:12: note: 'Level' returns a reference
  440 | IC CLevel& Level() { return *(CLevel*)g_pGameLevel; }
      |            ^
/data/data/com.termux/files/home/xray-16/src/xrGame/console_commands_mp.cpp:1256:16: warning: reference cannot be bound to dereferenced null pointer in well-defined C++ code; pointer may be assumed to always convert to true [-Wundefined-bool-conversion]
 1256 |         if (!(&Game()))
      |             ~  ^~~~~~
/data/data/com.termux/files/home/xray-16/src/xrGame/Level.h:441:23: note: 'Game' returns a reference
  441 | IC game_cl_GameState& Game() { return *Level().game; }
      |                       ^
4 warnings generated.
[918/1826] Building CXX object src/xrGame/CMakeFiles/xrGame.dir/DamagableItem.cpp.o
[919/1826] Building CXX object src/xrGame/CMakeFiles/xrGame.dir/CustomOutfit_script.cpp.o
In file included from /data/data/com.termux/files/home/xray-16/src/xrGame/CustomOutfit_script.cpp:3:
/data/data/com.termux/files/home/xray-16/src/xrGame/CustomOutfit.h:17:18: warning: 'CCustomOutfit::Hit' hides overloaded virtual function [-Woverloaded-virtual]
   17 |     virtual void Hit(float P, ALife::EHitType hit_type);
      |                  ^
/data/data/com.termux/files/home/xray-16/src/xrGame/inventory_item_object.h:35:18: note: hidden overloaded virtual function 'CInventoryItemObject::Hit' declared here: different number of parameters (1 vs 2)
   35 |     virtual void Hit(SHit* pHDS);
      |                  ^
In file included from /data/data/com.termux/files/home/xray-16/src/xrGame/CustomOutfit_script.cpp:4:
/data/data/com.termux/files/home/xray-16/src/xrGame/ActorHelmet.h:17:18: warning: 'CHelmet::Hit' hides overloaded virtual function [-Woverloaded-virtual]
   17 |     virtual void Hit(float P, ALife::EHitType hit_type);
      |                  ^
/data/data/com.termux/files/home/xray-16/src/xrGame/inventory_item_object.h:35:18: note: hidden overloaded virtual function 'CInventoryItemObject::Hit' declared here: different number of parameters (1 vs 2)
   35 |     virtual void Hit(SHit* pHDS);
      |                  ^
2 warnings generated.
[920/1826] Building CXX object src/xrGame/CMakeFiles/xrGame.dir/CustomRocket.cpp.o
In file included from /data/data/com.termux/files/home/xray-16/src/xrGame/CustomRocket.cpp:11:
In file included from /data/data/com.termux/files/home/xray-16/src/xrPhysics/CalculateTriangle.h:6:
/data/data/com.termux/files/home/xray-16/src/xrPhysics/Geometry.h:67:8: warning: 'const' type qualifier on return type has no effect [-Wignored-qualifiers]
   67 |     IC const dGeomID geom() const { return dGeomTransformGetGeom(m_geom_transform); }
      |        ^~~~~
/data/data/com.termux/files/home/xray-16/src/xrPhysics/Geometry.h:68:8: warning: 'const' type qualifier on return type has no effect [-Wignored-qualifiers]
   68 |     IC const dGeomID geometry_transform() const { return m_geom_transform; }
      |        ^~~~~
/data/data/com.termux/files/home/xray-16/src/xrPhysics/Geometry.h:69:8: warning: 'const' type qualifier on return type has no effect [-Wignored-qualifiers]
   69 |     IC const dGeomID geometry() const { return m_geom_transform ? (geom() ? geom() : m_geom_transform) : NULL; }
      |        ^~~~~
/data/data/com.termux/files/home/xray-16/src/xrPhysics/Geometry.h:70:8: warning: 'const' type qualifier on return type has no effect [-Wignored-qualifiers]
   70 |     IC const dGeomID geometry_bt() const
      |        ^~~~~
4 warnings generated.
[921/1826] Building CXX object src/xrGame/CMakeFiles/xrGame.dir/danger_cover_location.cpp.o
[922/1826] Building CXX object src/xrGame/CMakeFiles/xrGame.dir/cta_game_artefact.cpp.o
In file included from /data/data/com.termux/files/home/xray-16/src/xrGame/cta_game_artefact.cpp:10:
/data/data/com.termux/files/home/xray-16/src/xrGame/cta_game_artefact.h:22:18: warning: 'CtaGameArtefact::Action' hides overloaded virtual function [-Woverloaded-virtual]
   22 |     virtual bool Action(s32 cmd, u32 flags);
      |                  ^
/data/data/com.termux/files/home/xray-16/src/xrGame/Artefact.h:111:18: note: hidden overloaded virtual function 'CArtefact::Action' declared here: type mismatch at 1st parameter ('u16' (aka 'unsigned short') vs 's32' (aka 'int'))
  111 |     virtual bool Action(u16 cmd, u32 flags);
      |                  ^
1 warning generated.
[923/1826] Building CXX object src/xrGame/CMakeFiles/xrGame.dir/danger_explosive.cpp.o
[924/1826] Building CXX object src/xrGame/CMakeFiles/xrGame.dir/danger_object.cpp.o
[925/1826] Building CXX object src/xrGame/CMakeFiles/xrGame.dir/danger_location.cpp.o
[926/1826] Building CXX object src/xrGame/CMakeFiles/xrGame.dir/damage_manager.cpp.o
[927/1826] Building CXX object src/xrGame/CMakeFiles/xrGame.dir/CustomMonster.cpp.o
In file included from /data/data/com.termux/files/home/xray-16/src/xrGame/CustomMonster.cpp:9:
/data/data/com.termux/files/home/xray-16/src/xrGame/ai/monsters/basemonster/base_monster.h:82:18: warning: 'CBaseMonster::HitSignal' hides overloaded virtual function [-Woverloaded-virtual]
   82 |     virtual void HitSignal(float amount, Fvector& vLocalDir, IGameObject* who, s16 element);
      |                  ^
/data/data/com.termux/files/home/xray-16/src/xrGame/CustomMonster.h:145:18: note: hidden overloaded virtual function 'CCustomMonster::HitSignal' declared here: different number of parameters (3 vs 4)
  145 |     virtual void HitSignal(float P, Fvector& vLocalDir, IGameObject* who);
      |                  ^
1 warning generated.
[928/1826] Building CXX object src/xrGame/CMakeFiles/xrGame.dir/CustomDetector.cpp.o
In file included from /data/data/com.termux/files/home/xray-16/src/xrGame/CustomDetector.cpp:4:
/data/data/com.termux/files/home/xray-16/src/xrGame/HUDManager.h:27:18: warning: virtual method 'RenderUI' is inside a 'final' class and can never be overridden [-Wunnecessary-virtual-specifier]
   27 |     virtual void RenderUI();
      |                  ^
1 warning generated.
[929/1826] Building CXX object src/xrGame/CMakeFiles/xrGame.dir/danger_manager.cpp.o
[930/1826] Building CXX object src/xrGame/CMakeFiles/xrGame.dir/date_time.cpp.o
[931/1826] Building CXX object src/xrGame/CMakeFiles/xrGame.dir/dbg_draw_frustum.cpp.o
[932/1826] Building CXX object src/xrGame/CMakeFiles/xrGame.dir/DBG_Car.cpp.o
[933/1826] Building CXX object src/xrGame/CMakeFiles/xrGame.dir/danger_object_location.cpp.o
[934/1826] Building CXX object src/xrGame/CMakeFiles/xrGame.dir/death_anims_predicates.cpp.o
[935/1826] Building CXX object src/xrGame/CMakeFiles/xrGame.dir/DelayedActionFuse.cpp.o
[936/1826] Building CXX object src/xrGame/CMakeFiles/xrGame.dir/death_anims.cpp.o
[937/1826] Building CXX object src/xrGame/CMakeFiles/xrGame.dir/debug_renderer.cpp.o
[938/1826] Building CXX object src/xrGame/CMakeFiles/xrGame.dir/CustomZone.cpp.o
[939/1826] Building CXX object src/xrGame/CMakeFiles/xrGame.dir/DemoPLay_Control.cpp.o
[940/1826] Building CXX object src/xrGame/CMakeFiles/xrGame.dir/debug_text_tree.cpp.o
[941/1826] Building CXX object src/xrGame/CMakeFiles/xrGame.dir/detail_path_manager.cpp.o
[942/1826] Building CXX object src/xrGame/CMakeFiles/xrGame.dir/DemoInfo_Loader.cpp.o
[943/1826] Building CXX object src/xrGame/CMakeFiles/xrGame.dir/doors_door.cpp.o
[944/1826] Building CXX object src/xrGame/CMakeFiles/xrGame.dir/doors_actor.cpp.o
[945/1826] Building CXX object src/xrGame/CMakeFiles/xrGame.dir/dynamic_obstacles_avoider.cpp.o
[946/1826] Building CXX object src/xrGame/CMakeFiles/xrGame.dir/eatable_item.cpp.o
[947/1826] Building CXX object src/xrGame/CMakeFiles/xrGame.dir/doors_manager.cpp.o
[948/1826] Building CXX object src/xrGame/CMakeFiles/xrGame.dir/DestroyablePhysicsObject.cpp.o
[949/1826] Building CXX object src/xrGame/CMakeFiles/xrGame.dir/DemoInfo.cpp.o
[950/1826] Building CXX object src/xrGame/CMakeFiles/xrGame.dir/EffectorBobbing.cpp.o
In file included from /data/data/com.termux/files/home/xray-16/src/xrGame/EffectorBobbing.cpp:2:
/data/data/com.termux/files/home/xray-16/src/xrGame/EffectorBobbing.h:11:11: warning: private field 'fYAmplitude' is not used [-Wunused-private-field]
   11 |     float fYAmplitude;
      |           ^
/data/data/com.termux/files/home/xray-16/src/xrGame/EffectorBobbing.h:12:11: warning: private field 'fSpeed' is not used [-Wunused-private-field]
   12 |     float fSpeed;
      |           ^
2 warnings generated.
[951/1826] Building CXX object src/xrGame/CMakeFiles/xrGame.dir/EffectorShot.cpp.o
[952/1826] Building CXX object src/xrGame/CMakeFiles/xrGame.dir/detail_path_manager_smooth.cpp.o
/data/data/com.termux/files/home/xray-16/src/xrGame/detail_path_manager_smooth.cpp:763:27: warning: explicitly assigning value of variable of type 'u32' (aka 'unsigned int') to itself [-Wself-assign]
  763 |                 vertex_id = vertex_id;
      |                 ~~~~~~~~~ ^ ~~~~~~~~~
/data/data/com.termux/files/home/xray-16/src/xrGame/detail_path_manager_smooth.cpp:771:27: warning: explicitly assigning value of variable of type 'u32' (aka 'unsigned int') to itself [-Wself-assign]
  771 |                 vertex_id = vertex_id;
      |                 ~~~~~~~~~ ^ ~~~~~~~~~
/data/data/com.termux/files/home/xray-16/src/xrGame/detail_path_manager_smooth.cpp:779:27: warning: explicitly assigning value of variable of type 'u32' (aka 'unsigned int') to itself [-Wself-assign]
  779 |                 vertex_id = vertex_id;
      |                 ~~~~~~~~~ ^ ~~~~~~~~~
/data/data/com.termux/files/home/xray-16/src/xrGame/detail_path_manager_smooth.cpp:787:27: warning: explicitly assigning value of variable of type 'u32' (aka 'unsigned int') to itself [-Wself-assign]
  787 |                 vertex_id = vertex_id;
      |                 ~~~~~~~~~ ^ ~~~~~~~~~
4 warnings generated.
[953/1826] Building CXX object src/xrGame/CMakeFiles/xrGame.dir/EffectorShotX.cpp.o
[954/1826] Building CXX object src/xrGame/CMakeFiles/xrGame.dir/EffectorFall.cpp.o
[955/1826] Building CXX object src/xrGame/CMakeFiles/xrGame.dir/DummyArtifact.cpp.o
[956/1826] Building CXX object src/xrGame/CMakeFiles/xrGame.dir/ef_storage.cpp.o
[957/1826] Building CXX object src/xrGame/CMakeFiles/xrGame.dir/ef_primary.cpp.o
[958/1826] Building CXX object src/xrGame/CMakeFiles/xrGame.dir/eatable_item_object.cpp.o
[959/1826] Building CXX object src/xrGame/CMakeFiles/xrGame.dir/EffectorZoomInertion.cpp.o
[960/1826] Building CXX object src/xrGame/CMakeFiles/xrGame.dir/ef_pattern.cpp.o
[961/1826] Building CXX object src/xrGame/CMakeFiles/xrGame.dir/ElectricBall.cpp.o
[962/1826] Building CXX object src/xrGame/CMakeFiles/xrGame.dir/ExoOutfit.cpp.o
In file included from /data/data/com.termux/files/home/xray-16/src/xrGame/ExoOutfit.cpp:7:
In file included from /data/data/com.termux/files/home/xray-16/src/xrGame/ExoOutfit.h:8:
/data/data/com.termux/files/home/xray-16/src/xrGame/CustomOutfit.h:17:18: warning: 'CCustomOutfit::Hit' hides overloaded virtual function [-Woverloaded-virtual]
   17 |     virtual void Hit(float P, ALife::EHitType hit_type);
      |                  ^
/data/data/com.termux/files/home/xray-16/src/xrGame/inventory_item_object.h:35:18: note: hidden overloaded virtual function 'CInventoryItemObject::Hit' declared here: different number of parameters (1 vs 2)
   35 |     virtual void Hit(SHit* pHDS);
      |                  ^
1 warning generated.
[963/1826] Building CXX object src/xrGame/CMakeFiles/xrGame.dir/encyclopedia_article.cpp.o
[964/1826] Building CXX object src/xrGame/CMakeFiles/xrGame.dir/EntityCondition.cpp.o
In file included from /data/data/com.termux/files/home/xray-16/src/xrGame/EntityCondition.cpp:4:
/data/data/com.termux/files/home/xray-16/src/xrGame/CustomOutfit.h:17:18: warning: 'CCustomOutfit::Hit' hides overloaded virtual function [-Woverloaded-virtual]
   17 |     virtual void Hit(float P, ALife::EHitType hit_type);
      |                  ^
/data/data/com.termux/files/home/xray-16/src/xrGame/inventory_item_object.h:35:18: note: hidden overloaded virtual function 'CInventoryItemObject::Hit' declared here: different number of parameters (1 vs 2)
   35 |     virtual void Hit(SHit* pHDS);
      |                  ^
In file included from /data/data/com.termux/files/home/xray-16/src/xrGame/EntityCondition.cpp:13:
/data/data/com.termux/files/home/xray-16/src/xrGame/ActorHelmet.h:17:18: warning: 'CHelmet::Hit' hides overloaded virtual function [-Woverloaded-virtual]
   17 |     virtual void Hit(float P, ALife::EHitType hit_type);
      |                  ^
/data/data/com.termux/files/home/xray-16/src/xrGame/inventory_item_object.h:35:18: note: hidden overloaded virtual function 'CInventoryItemObject::Hit' declared here: different number of parameters (1 vs 2)
   35 |     virtual void Hit(SHit* pHDS);
      |                  ^
2 warnings generated.
[965/1826] Building CXX object src/xrGame/CMakeFiles/xrGame.dir/enemy_manager.cpp.o
[966/1826] Building CXX object src/xrGame/CMakeFiles/xrGame.dir/Explosive.cpp.o
[967/1826] Building CXX object src/xrGame/CMakeFiles/xrGame.dir/ef_storage_script.cpp.o
[968/1826] Building CXX object src/xrGame/CMakeFiles/xrGame.dir/Entity.cpp.o
/data/data/com.termux/files/home/xray-16/src/xrGame/Entity.cpp:202:42: warning: result of comparison of constant -1 with expression of type 'u8' (aka 'unsigned char') is always true [-Wtautological-constant-out-of-range-compare]
  202 |             if (monster_community.team() != NO_COMMUNITY_INDEX)
      |                 ~~~~~~~~~~~~~~~~~~~~~~~~ ^  ~~~~~~~~~~~~~~~~~~
1 warning generated.
[969/1826] Building CXX object src/xrGame/CMakeFiles/xrGame.dir/ExplosiveRocket.cpp.o
[970/1826] Building CXX object src/xrGame/CMakeFiles/xrGame.dir/ExplosiveItem.cpp.o
[971/1826] Building CXX object src/xrGame/CMakeFiles/xrGame.dir/entity_alive.cpp.o
[972/1826] Building CXX object src/xrGame/CMakeFiles/xrGame.dir/EliteDetector.cpp.o
[973/1826] Building CXX object src/xrGame/CMakeFiles/xrGame.dir/filereceiver_node.cpp.o
[974/1826] Building CXX object src/xrGame/CMakeFiles/xrGame.dir/ExplosiveScript.cpp.o
[975/1826] Building CXX object src/xrGame/CMakeFiles/xrGame.dir/fire_disp_controller.cpp.o
[976/1826] Building CXX object src/xrGame/CMakeFiles/xrGame.dir/first_bullet_controller.cpp.o
[977/1826] Building CXX object src/xrGame/CMakeFiles/xrGame.dir/FadedBall.cpp.o
[978/1826] Building CXX object src/xrGame/CMakeFiles/xrGame.dir/file_transfer.cpp.o
[979/1826] Building CXX object src/xrGame/CMakeFiles/xrGame.dir/filetransfer_node.cpp.o
[980/1826] Building CXX object src/xrGame/CMakeFiles/xrGame.dir/FryupZone.cpp.o
[981/1826] Building CXX object src/xrGame/CMakeFiles/xrGame.dir/flare.cpp.o
[982/1826] Building CXX object src/xrGame/CMakeFiles/xrGame.dir/FoodItem.cpp.o
[983/1826] Building CXX object src/xrGame/CMakeFiles/xrGame.dir/game_base.cpp.o
[984/1826] Building CXX object src/xrGame/CMakeFiles/xrGame.dir/GalantineArtifact.cpp.o
[985/1826] Building CXX object src/xrGame/CMakeFiles/xrGame.dir/game_cl_base_weapon_usage_statistic_save.cpp.o
[986/1826] Building CXX object src/xrGame/CMakeFiles/xrGame.dir/game_cl_capturetheartefact_buywnd.cpp.o
[987/1826] Building CXX object src/xrGame/CMakeFiles/xrGame.dir/game_cl_artefacthunt.cpp.o
In file included from /data/data/com.termux/files/home/xray-16/src/xrGame/game_cl_artefacthunt.cpp:11:
/data/data/com.termux/files/home/xray-16/src/xrGame/ui/UIMainIngameWnd.h:24:18: warning: virtual method 'Init' is inside a 'final' class and can never be overridden [-Wunnecessary-virtual-specifier]
   24 |     virtual void Init();
      |                  ^
In file included from /data/data/com.termux/files/home/xray-16/src/xrGame/game_cl_artefacthunt.cpp:12:
/data/data/com.termux/files/home/xray-16/src/xrGame/ui/UISkinSelector.h:24:18: warning: virtual method 'Init' is inside a 'final' class and can never be overridden [-Wunnecessary-virtual-specifier]
   24 |     virtual void Init(const char* strSectionName);
      |                  ^
In file included from /data/data/com.termux/files/home/xray-16/src/xrGame/game_cl_artefacthunt.cpp:13:
/data/data/com.termux/files/home/xray-16/src/xrGame/ui/UIPdaWnd.h:59:18: warning: virtual method 'Init' is inside a 'final' class and can never be overridden [-Wunnecessary-virtual-specifier]
   59 |     virtual void Init();
      |                  ^
In file included from /data/data/com.termux/files/home/xray-16/src/xrGame/game_cl_artefacthunt.cpp:14:
/data/data/com.termux/files/home/xray-16/src/xrGame/ui/UIMessageBoxEx.h:14:18: warning: virtual method 'InitMessageBox' is inside a 'final' class and can never be overridden [-Wunnecessary-virtual-specifier]
   14 |     virtual bool InitMessageBox(LPCSTR xml_template);
      |                  ^
In file included from /data/data/com.termux/files/home/xray-16/src/xrGame/game_cl_artefacthunt.cpp:22:
/data/data/com.termux/files/home/xray-16/src/xrGame/CustomOutfit.h:17:18: warning: 'CCustomOutfit::Hit' hides overloaded virtual function [-Woverloaded-virtual]
   17 |     virtual void Hit(float P, ALife::EHitType hit_type);
      |                  ^
/data/data/com.termux/files/home/xray-16/src/xrGame/inventory_item_object.h:35:18: note: hidden overloaded virtual function 'CInventoryItemObject::Hit' declared here: different number of parameters (1 vs 2)
   35 |     virtual void Hit(SHit* pHDS);
      |                  ^
5 warnings generated.
[988/1826] Building CXX object src/xrGame/CMakeFiles/xrGame.dir/game_cl_capture_the_artefact_captions_manager.cpp.o
[989/1826] Building CXX object src/xrGame/CMakeFiles/xrGame.dir/game_cl_base_script.cpp.o
[990/1826] Building CXX object src/xrGame/CMakeFiles/xrGame.dir/game_base_script.cpp.o
/data/data/com.termux/files/home/xray-16/src/xrGame/game_base_script.cpp:15:39: warning: 'CGamePlayerStateWrapperBase<game_PlayerState>::net_Export' hides overloaded virtual function [-Woverloaded-virtual]
   15 |     DEFINE_LUA_WRAPPER_METHOD_R2P1_V1(net_Export, NET_Packet)
      |                                       ^
/data/data/com.termux/files/home/xray-16/src/xrGame/game_base_script.cpp:52:42: note: in instantiation of template class 'CGamePlayerStateWrapperBase<game_PlayerState>' requested here
   52 |         .def("clear", &BaseType::clear, &WrapType::clear_static)
      |                                          ^
/data/data/com.termux/files/home/xray-16/src/xrGame/game_base.h:104:18: note: hidden overloaded virtual function 'game_PlayerState::net_Export' declared here: different number of parameters (2 vs 1)
  104 |     virtual void net_Export(NET_Packet& P, BOOL Full = FALSE);
      |                  ^
1 warning generated.
[991/1826] Building CXX object src/xrGame/CMakeFiles/xrGame.dir/game_cl_base.cpp.o
In file included from /data/data/com.termux/files/home/xray-16/src/xrGame/game_cl_base.cpp:8:
/data/data/com.termux/files/home/xray-16/src/xrGame/ui/UIMainIngameWnd.h:24:18: warning: virtual method 'Init' is inside a 'final' class and can never be overridden [-Wunnecessary-virtual-specifier]
   24 |     virtual void Init();
      |                  ^
In file included from /data/data/com.termux/files/home/xray-16/src/xrGame/game_cl_base.cpp:10:
/data/data/com.termux/files/home/xray-16/src/xrGame/ui/UIMessagesWindow.h:35:18: warning: virtual method 'Init' is inside a 'final' class and can never be overridden [-Wunnecessary-virtual-specifier]
   35 |     virtual void Init(float x, float y, float width, float height);
      |                  ^
In file included from <built-in>:1:
In file included from /data/data/com.termux/files/home/xray-16/build-android/src/xrGame/CMakeFiles/xrGame.dir/cmake_pch.hxx:5:
In file included from /data/data/com.termux/files/home/xray-16/src/xrGame/StdAfx.h:8:
In file included from /data/data/com.termux/files/home/xray-16/src/xrEngine/stdafx.h:19:
In file included from /data/data/com.termux/files/home/xray-16/src/xrCore/xrCore.h:37:
In file included from /data/data/com.termux/files/home/xray-16/src/xrCore/xrDebug.h:3:
In file included from /data/data/com.termux/files/home/xray-16/src/xrCommon/xr_string.h:3:
In file included from /data/data/com.termux/files/home/xray-16/src/xrCommon/xr_allocator.h:2:
In file included from /data/data/com.termux/files/home/xray-16/src/xrCore/Memory/xalloc.h:3:
/data/data/com.termux/files/home/xray-16/src/xrCore/xrMemory.h:116:9: warning: destructor called on non-final 'WeaponUsageStatistic' that has virtual functions but non-virtual destructor [-Wdelete-non-abstract-non-virtual-dtor]
  116 |         ptr->~T();
      |         ^
/data/data/com.termux/files/home/xray-16/src/xrCore/xrMemory.h:143:9: note: in instantiation of member function 'xr_special_free<true, WeaponUsageStatistic>::operator()' requested here
  143 |         xr_special_free<std::is_polymorphic_v<T>, T>()(ptr);
      |         ^
/data/data/com.termux/files/home/xray-16/src/xrGame/game_cl_base.cpp:43:5: note: in instantiation of function template specialization 'xr_delete<WeaponUsageStatistic>' requested here
   43 |     xr_delete(m_WeaponUsageStatistic);
      |     ^
/data/data/com.termux/files/home/xray-16/src/xrCore/xrMemory.h:116:15: note: qualify call to silence this warning
  116 |         ptr->~T();
      |               ^
3 warnings generated.
[992/1826] Building CXX object src/xrGame/CMakeFiles/xrGame.dir/game_cl_capture_the_artefact_messages_menu.cpp.o
In file included from /data/data/com.termux/files/home/xray-16/src/xrGame/game_cl_capture_the_artefact_messages_menu.cpp:4:
/data/data/com.termux/files/home/xray-16/src/xrGame/ui/UIMessagesWindow.h:35:18: warning: virtual method 'Init' is inside a 'final' class and can never be overridden [-Wunnecessary-virtual-specifier]
   35 |     virtual void Init(float x, float y, float width, float height);
      |                  ^
1 warning generated.
[993/1826] Building CXX object src/xrGame/CMakeFiles/xrGame.dir/game_cl_deathmatch_buywnd.cpp.o
[994/1826] Building CXX object src/xrGame/CMakeFiles/xrGame.dir/game_cl_capture_the_artefact.cpp.o
In file included from /data/data/com.termux/files/home/xray-16/src/xrGame/game_cl_capture_the_artefact.cpp:8:
/data/data/com.termux/files/home/xray-16/src/xrGame/ui/UIMainIngameWnd.h:24:18: warning: virtual method 'Init' is inside a 'final' class and can never be overridden [-Wunnecessary-virtual-specifier]
   24 |     virtual void Init();
      |                  ^
In file included from /data/data/com.termux/files/home/xray-16/src/xrGame/game_cl_capture_the_artefact.cpp:9:
/data/data/com.termux/files/home/xray-16/src/xrGame/ui/UISkinSelector.h:24:18: warning: virtual method 'Init' is inside a 'final' class and can never be overridden [-Wunnecessary-virtual-specifier]
   24 |     virtual void Init(const char* strSectionName);
      |                  ^
In file included from /data/data/com.termux/files/home/xray-16/src/xrGame/game_cl_capture_the_artefact.cpp:10:
/data/data/com.termux/files/home/xray-16/src/xrGame/ui/UIPdaWnd.h:59:18: warning: virtual method 'Init' is inside a 'final' class and can never be overridden [-Wunnecessary-virtual-specifier]
   59 |     virtual void Init();
      |                  ^
In file included from /data/data/com.termux/files/home/xray-16/src/xrGame/game_cl_capture_the_artefact.cpp:23:
/data/data/com.termux/files/home/xray-16/src/xrGame/ui/UIDemoPlayControl.h:23:18: warning: virtual method 'Init' is inside a 'final' class and can never be overridden [-Wunnecessary-virtual-specifier]
   23 |     virtual void Init();
      |                  ^
4 warnings generated.
[995/1826] Building CXX object src/xrGame/CMakeFiles/xrGame.dir/game_cl_base_weapon_usage_statistic.cpp.o
/data/data/com.termux/files/home/xray-16/src/xrGame/game_cl_base_weapon_usage_statistic.cpp:64:25: warning: definition of implicit copy constructor for 'CompleteFilter' is deprecated because it has a user-provided copy assignment operator [-Wdeprecated-copy-with-user-provided-copy]
   64 |         CompleteFilter& operator=(CompleteFilter& copy) { return *this; }; // C4512
      |                         ^
/data/data/com.termux/files/home/xray-16/src/xrGame/game_cl_base_weapon_usage_statistic.cpp:99:63: note: in implicit copy constructor for 'CompleteFilter' first required here
   99 |     m_Hits.erase(std::remove_if(m_Hits.begin(), m_Hits.end(), tmp_filter), m_Hits.end());
      |                                                               ^
/data/data/com.termux/files/home/xray-16/src/xrGame/game_cl_base_weapon_usage_statistic.cpp:633:13: warning: variable 'NumFalse' set but not used [-Wunused-but-set-variable]
  633 |         u32 NumFalse = 0;
      |             ^
/data/data/com.termux/files/home/xray-16/src/xrGame/game_cl_base_weapon_usage_statistic.cpp:634:13: warning: variable 'NumTrue' set but not used [-Wunused-but-set-variable]
  634 |         u32 NumTrue = 0;
      |             ^
3 warnings generated.
[996/1826] Building CXX object src/xrGame/CMakeFiles/xrGame.dir/game_cl_mp_messages_menu.cpp.o
In file included from /data/data/com.termux/files/home/xray-16/src/xrGame/game_cl_mp_messages_menu.cpp:6:
/data/data/com.termux/files/home/xray-16/src/xrGame/ui/UIMessagesWindow.h:35:18: warning: virtual method 'Init' is inside a 'final' class and can never be overridden [-Wunnecessary-virtual-specifier]
   35 |     virtual void Init(float x, float y, float width, float height);
      |                  ^
1 warning generated.
[997/1826] Building CXX object src/xrGame/CMakeFiles/xrGame.dir/fs_registrator_script.cpp.o
In file included from /data/data/com.termux/files/home/xray-16/src/xrGame/fs_registrator_script.cpp:5:
/data/data/com.termux/files/home/xray-16/src/xrGame/base_client_classes_wrappers.h:89:18: warning: 'CGameObjectWrapper::use' hides overloaded virtual function [-Woverloaded-virtual]
   89 |     virtual bool use(CGameObject* who_use)
      |                  ^
/data/data/com.termux/files/home/xray-16/src/xrGame/GameObject.h:370:18: note: hidden overloaded virtual function 'CGameObject::use' declared here: type mismatch at 1st parameter ('IGameObject *' vs 'CGameObject *')
  370 |     virtual bool use(IGameObject* obj) override;
      |                  ^
1 warning generated.
[998/1826] Building CXX object src/xrGame/CMakeFiles/xrGame.dir/game_cl_teamdeathmatch.cpp.o
In file included from /data/data/com.termux/files/home/xray-16/src/xrGame/game_cl_teamdeathmatch.cpp:10:
/data/data/com.termux/files/home/xray-16/src/xrGame/ui/UIMainIngameWnd.h:24:18: warning: virtual method 'Init' is inside a 'final' class and can never be overridden [-Wunnecessary-virtual-specifier]
   24 |     virtual void Init();
      |                  ^
In file included from /data/data/com.termux/files/home/xray-16/src/xrGame/game_cl_teamdeathmatch.cpp:11:
/data/data/com.termux/files/home/xray-16/src/xrGame/ui/UISkinSelector.h:24:18: warning: virtual method 'Init' is inside a 'final' class and can never be overridden [-Wunnecessary-virtual-specifier]
   24 |     virtual void Init(const char* strSectionName);
      |                  ^
In file included from /data/data/com.termux/files/home/xray-16/src/xrGame/game_cl_teamdeathmatch.cpp:12:
/data/data/com.termux/files/home/xray-16/src/xrGame/ui/UIPdaWnd.h:59:18: warning: virtual method 'Init' is inside a 'final' class and can never be overridden [-Wunnecessary-virtual-specifier]
   59 |     virtual void Init();
      |                  ^
/data/data/com.termux/files/home/xray-16/src/xrGame/game_cl_teamdeathmatch.cpp:79:9: warning: unused variable 'old_phase' [-Wunused-variable]
   79 |     u16 old_phase = Phase();
      |         ^~~~~~~~~
/data/data/com.termux/files/home/xray-16/src/xrGame/game_cl_teamdeathmatch.cpp:81:9: warning: unused variable 'new_phase' [-Wunused-variable]
   81 |     u16 new_phase = Phase();
      |         ^~~~~~~~~
5 warnings generated.
[999/1826] Building CXX object src/xrGame/CMakeFiles/xrGame.dir/game_cl_single.cpp.o
[1000/1826] Building CXX object src/xrGame/CMakeFiles/xrGame.dir/game_news.cpp.o
[1001/1826] Building CXX object src/xrGame/CMakeFiles/xrGame.dir/game_cl_deathmatch.cpp.o
In file included from /data/data/com.termux/files/home/xray-16/src/xrGame/game_cl_deathmatch.cpp:9:
/data/data/com.termux/files/home/xray-16/src/xrGame/ui/UIMainIngameWnd.h:24:18: warning: virtual method 'Init' is inside a 'final' class and can never be overridden [-Wunnecessary-virtual-specifier]
   24 |     virtual void Init();
      |                  ^
In file included from /data/data/com.termux/files/home/xray-16/src/xrGame/game_cl_deathmatch.cpp:10:
/data/data/com.termux/files/home/xray-16/src/xrGame/ui/UISkinSelector.h:24:18: warning: virtual method 'Init' is inside a 'final' class and can never be overridden [-Wunnecessary-virtual-specifier]
   24 |     virtual void Init(const char* strSectionName);
      |                  ^
In file included from /data/data/com.termux/files/home/xray-16/src/xrGame/game_cl_deathmatch.cpp:11:
/data/data/com.termux/files/home/xray-16/src/xrGame/ui/UIPdaWnd.h:59:18: warning: virtual method 'Init' is inside a 'final' class and can never be overridden [-Wunnecessary-virtual-specifier]
   59 |     virtual void Init();
      |                  ^
In file included from /data/data/com.termux/files/home/xray-16/src/xrGame/game_cl_deathmatch.cpp:12:
/data/data/com.termux/files/home/xray-16/src/xrGame/ui/UIMessageBoxEx.h:14:18: warning: virtual method 'InitMessageBox' is inside a 'final' class and can never be overridden [-Wunnecessary-virtual-specifier]
   14 |     virtual bool InitMessageBox(LPCSTR xml_template);
      |                  ^
4 warnings generated.
[1002/1826] Building CXX object src/xrGame/CMakeFiles/xrGame.dir/game_cl_mp_snd_messages.cpp.o
[1003/1826] Building CXX object src/xrGame/CMakeFiles/xrGame.dir/game_sv_base_console_vars.cpp.o
[1004/1826] Building CXX object src/xrGame/CMakeFiles/xrGame.dir/game_sv_artefacthunt_process_event.cpp.o
[1005/1826] Building CXX object src/xrGame/CMakeFiles/xrGame.dir/game_sv_capture_the_artefact_myteam_impl.cpp.o
[1006/1826] Building CXX object src/xrGame/CMakeFiles/xrGame.dir/GameObject.cpp.o
[1007/1826] Building CXX object src/xrGame/CMakeFiles/xrGame.dir/game_cl_mp.cpp.o
In file included from /data/data/com.termux/files/home/xray-16/src/xrGame/game_cl_mp.cpp:13:
/data/data/com.termux/files/home/xray-16/src/xrGame/ui/UIMessagesWindow.h:35:18: warning: virtual method 'Init' is inside a 'final' class and can never be overridden [-Wunnecessary-virtual-specifier]
   35 |     virtual void Init(float x, float y, float width, float height);
      |                  ^
In file included from /data/data/com.termux/files/home/xray-16/src/xrGame/game_cl_mp.cpp:14:
/data/data/com.termux/files/home/xray-16/src/xrGame/ui/UIChatWnd.h:16:18: warning: virtual method 'NeedCursor' is inside a 'final' class and can never be overridden [-Wunnecessary-virtual-specifier]
   16 |     virtual bool NeedCursor() { return false; }
      |                  ^
In file included from /data/data/com.termux/files/home/xray-16/src/xrGame/game_cl_mp.cpp:16:
/data/data/com.termux/files/home/xray-16/src/xrGame/ui/UIMainIngameWnd.h:24:18: warning: virtual method 'Init' is inside a 'final' class and can never be overridden [-Wunnecessary-virtual-specifier]
   24 |     virtual void Init();
      |                  ^
In file included from /data/data/com.termux/files/home/xray-16/src/xrGame/game_cl_mp.cpp:20:
In file included from /data/data/com.termux/files/home/xray-16/src/xrGame/ui/UIMPAdminMenu.h:5:
/data/data/com.termux/files/home/xray-16/src/xrUICore/MessageBox/UIMessageBox.h:30:18: warning: virtual method 'InitMessageBox' is inside a 'final' class and can never be overridden [-Wunnecessary-virtual-specifier]
   30 |     virtual bool InitMessageBox(LPCSTR xml_template);
      |                  ^
In file included from /data/data/com.termux/files/home/xray-16/src/xrGame/game_cl_mp.cpp:22:
/data/data/com.termux/files/home/xray-16/src/xrGame/ui/UIMessageBoxEx.h:14:18: warning: virtual method 'InitMessageBox' is inside a 'final' class and can never be overridden [-Wunnecessary-virtual-specifier]
   14 |     virtual bool InitMessageBox(LPCSTR xml_template);
      |                  ^
/data/data/com.termux/files/home/xray-16/src/xrGame/game_cl_mp.cpp:1198:9: warning: variable 'TotalBonusMoney' set but not used [-Wunused-but-set-variable]
 1198 |     s32 TotalBonusMoney = 0;
      |         ^
6 warnings generated.
[1008/1826] Building CXX object src/xrGame/CMakeFiles/xrGame.dir/game_sv_base_script.cpp.o
[1009/1826] Building CXX object src/xrGame/CMakeFiles/xrGame.dir/game_sv_base.cpp.o
[1010/1826] Building CXX object src/xrGame/CMakeFiles/xrGame.dir/GamePersistent.cpp.o
In file included from /data/data/com.termux/files/home/xray-16/src/xrGame/GamePersistent.cpp:33:
/data/data/com.termux/files/home/xray-16/src/xrGame/ui/UILoadingScreen.h:41:10: warning: 'UILoadingScreen::Update' hides overloaded virtual function [-Woverloaded-virtual]
   41 |     void Update(const int stagesCompleted, const int stagesTotal) override;
      |          ^
/data/data/com.termux/files/home/xray-16/src/xrUICore/Windows/UIWindow.h:301:18: note: hidden overloaded virtual function 'CUIWindow::Update' declared here: different number of parameters (0 vs 2)
  301 |     virtual void Update();
      |                  ^
In file included from /data/data/com.termux/files/home/xray-16/src/xrGame/GamePersistent.cpp:34:
/data/data/com.termux/files/home/xray-16/src/xrGame/AnselManager.h:29:10: warning: 'AnselManager::Load' hides overloaded virtual function [-Woverloaded-virtual]
   29 |     bool Load();
      |          ^
/data/data/com.termux/files/home/xray-16/src/xrGame/GameObject.h:225:18: note: hidden overloaded virtual function 'CGameObject::Load' declared here: different number of parameters (1 vs 0)
  225 |     virtual void Load(LPCSTR section) override;
      |                  ^
In file included from /data/data/com.termux/files/home/xray-16/src/xrGame/GamePersistent.cpp:656:
/data/data/com.termux/files/home/xray-16/src/xrGame/ui/UIMainIngameWnd.h:24:18: warning: virtual method 'Init' is inside a 'final' class and can never be overridden [-Wunnecessary-virtual-specifier]
   24 |     virtual void Init();
      |                  ^
In file included from /data/data/com.termux/files/home/xray-16/src/xrGame/GamePersistent.cpp:657:
/data/data/com.termux/files/home/xray-16/src/xrGame/ui/UIPdaWnd.h:59:18: warning: virtual method 'Init' is inside a 'final' class and can never be overridden [-Wunnecessary-virtual-specifier]
   59 |     virtual void Init();
      |                  ^
In file included from /data/data/com.termux/files/home/xray-16/src/xrGame/GamePersistent.cpp:793:
/data/data/com.termux/files/home/xray-16/src/xrGame/HUDManager.h:27:18: warning: virtual method 'RenderUI' is inside a 'final' class and can never be overridden [-Wunnecessary-virtual-specifier]
   27 |     virtual void RenderUI();
      |                  ^
In file included from /data/data/com.termux/files/home/xray-16/src/xrGame/GamePersistent.cpp:2:
/data/data/com.termux/files/home/xray-16/src/xrGame/GamePersistent.h:36:19: warning: private field 'ansel' is not used [-Wunused-private-field]
   36 |     AnselManager* ansel{};
      |                   ^
6 warnings generated.
[1011/1826] Building CXX object src/xrGame/CMakeFiles/xrGame.dir/game_sv_capture_the_artefact_buy_event.cpp.o
[1012/1826] Building CXX object src/xrGame/CMakeFiles/xrGame.dir/game_sv_artefacthunt.cpp.o
[1013/1826] Building CXX object src/xrGame/CMakeFiles/xrGame.dir/game_cl_mp_script.cpp.o
In file included from /data/data/com.termux/files/home/xray-16/src/xrGame/game_cl_mp_script.cpp:3:
/data/data/com.termux/files/home/xray-16/src/xrGame/game_cl_mp_script.h:19:31: warning: 'game_cl_mp_script::createPlayerState' hides overloaded virtual function [-Woverloaded-virtual]
   19 |     virtual game_PlayerState* createPlayerState() { return inherited::createPlayerState(nullptr); };
      |                               ^
/data/data/com.termux/files/home/xray-16/src/xrGame/game_base.h:192:31: note: hidden overloaded virtual function 'game_GameState::createPlayerState' declared here: different number of parameters (1 vs 0)
  192 |     virtual game_PlayerState* createPlayerState(NET_Packet* accountInfo) override
      |                               ^
1 warning generated.
[1014/1826] Building CXX object src/xrGame/CMakeFiles/xrGame.dir/game_sv_capture_the_artefact_process_event.cpp.o
[1015/1826] Building CXX object src/xrGame/CMakeFiles/xrGame.dir/game_sv_deathmatch_script.cpp.o
[1016/1826] Building CXX object src/xrGame/CMakeFiles/xrGame.dir/game_sv_deathmatch_process_event.cpp.o
[1017/1826] Building CXX object src/xrGame/CMakeFiles/xrGame.dir/game_sv_event_queue.cpp.o
[1018/1826] Building CXX object src/xrGame/CMakeFiles/xrGame.dir/game_sv_item_respawner.cpp.o
[1019/1826] Building CXX object src/xrGame/CMakeFiles/xrGame.dir/game_sv_single.cpp.o
[1020/1826] Building CXX object src/xrGame/CMakeFiles/xrGame.dir/game_sv_capture_the_artefact.cpp.o
[1021/1826] Building CXX object src/xrGame/CMakeFiles/xrGame.dir/game_sv_teamdeathmatch.cpp.o
[1022/1826] Building CXX object src/xrGame/CMakeFiles/xrGame.dir/game_sv_teamdeathmatch_process_event.cpp.o
[1023/1826] Building CXX object src/xrGame/CMakeFiles/xrGame.dir/GametaskManager.cpp.o
In file included from /data/data/com.termux/files/home/xray-16/src/xrGame/GametaskManager.cpp:11:
/data/data/com.termux/files/home/xray-16/src/xrGame/ui/UIPdaWnd.h:59:18: warning: virtual method 'Init' is inside a 'final' class and can never be overridden [-Wunnecessary-virtual-specifier]
   59 |     virtual void Init();
      |                  ^
In file included from /data/data/com.termux/files/home/xray-16/src/xrGame/GametaskManager.cpp:13:
/data/data/com.termux/files/home/xray-16/src/xrGame/ui/UIMapWnd.h:124:18: warning: virtual method 'Init' is inside a 'final' class and can never be overridden [-Wunnecessary-virtual-specifier]
  124 |     virtual bool Init(cpcstr xml_name, cpcstr start_from, bool critical = true);
      |                  ^
In file included from /data/data/com.termux/files/home/xray-16/src/xrGame/GametaskManager.cpp:3:
In file included from /data/data/com.termux/files/home/xray-16/src/xrGame/alife_registry_wrappers.h:11:
In file included from /data/data/com.termux/files/home/xray-16/src/xrGame/alife_registry_container.h:11:
In file included from /data/data/com.termux/files/home/xray-16/src/xrGame/alife_registry_container_space.h:11:
In file included from /data/data/com.termux/files/home/xray-16/sdk/include/loki/HierarchyGenerators.h:32:
/data/data/com.termux/files/home/xray-16/sdk/include/loki/TypeManip.h:87:26: warning: private field 'dummy' is not used [-Wunused-private-field]
   87 |         class Big { char dummy[2]; };
      |                          ^
3 warnings generated.
[1024/1826] Building CXX object src/xrGame/CMakeFiles/xrGame.dir/game_type.cpp.o
[1025/1826] Building CXX object src/xrGame/CMakeFiles/xrGame.dir/GlobalFeelTouch.cpp.o
[1026/1826] Building CXX object src/xrGame/CMakeFiles/xrGame.dir/GameTask.cpp.o
/data/data/com.termux/files/home/xray-16/src/xrGame/GameTask.cpp:629:25: warning: variable 'count' is uninitialized when used here [-Wuninitialized]
  629 |     m_Objectives.resize(count);
      |                         ^~~~~
/data/data/com.termux/files/home/xray-16/src/xrGame/GameTask.cpp:627:14: note: initialize the variable 'count' to silence this warning
  627 |     u32 count;
      |              ^
      |               = 0
In file included from /data/data/com.termux/files/home/xray-16/src/xrGame/GameTask.cpp:16:
In file included from /data/data/com.termux/files/home/xray-16/src/xrGame/alife_registry_wrappers.h:11:
In file included from /data/data/com.termux/files/home/xray-16/src/xrGame/alife_registry_container.h:11:
In file included from /data/data/com.termux/files/home/xray-16/src/xrGame/alife_registry_container_space.h:11:
In file included from /data/data/com.termux/files/home/xray-16/sdk/include/loki/HierarchyGenerators.h:32:
/data/data/com.termux/files/home/xray-16/sdk/include/loki/TypeManip.h:87:26: warning: private field 'dummy' is not used [-Wunused-private-field]
   87 |         class Big { char dummy[2]; };
      |                          ^
2 warnings generated.
[1027/1826] Building CXX object src/xrGame/CMakeFiles/xrGame.dir/game_sv_mp_script.cpp.o
In file included from /data/data/com.termux/files/home/xray-16/src/xrGame/game_sv_mp_script.cpp:2:
/data/data/com.termux/files/home/xray-16/src/xrGame/game_sv_mp_script.h:22:31: warning: 'game_sv_mp_script::createPlayerState' hides overloaded virtual functions [-Woverloaded-virtual]
   22 |     virtual game_PlayerState* createPlayerState() { return inherited::createPlayerState(nullptr); };
      |                               ^
/data/data/com.termux/files/home/xray-16/src/xrGame/game_base.h:192:31: note: hidden overloaded virtual function 'game_GameState::createPlayerState' declared here: different number of parameters (1 vs 0)
  192 |     virtual game_PlayerState* createPlayerState(NET_Packet* accountInfo) override
      |                               ^
/data/data/com.termux/files/home/xray-16/src/xrGame/game_base.h:153:31: note: hidden overloaded virtual function 'IGameState::createPlayerState' declared here: different number of parameters (1 vs 0)
  153 |     virtual game_PlayerState* createPlayerState(NET_Packet* accountInfo) = 0;
      |                               ^
In file included from /data/data/com.termux/files/home/xray-16/src/xrGame/game_sv_mp_script.cpp:2:
/data/data/com.termux/files/home/xray-16/src/xrGame/game_sv_mp_script.h:23:18: warning: 'game_sv_mp_script::OnPlayerKillPlayer' hides overloaded virtual function [-Woverloaded-virtual]
   23 |     virtual void OnPlayerKillPlayer(ClientID id_killer, ClientID id_killed){};
      |                  ^
/data/data/com.termux/files/home/xray-16/src/xrGame/game_sv_mp.h:113:18: note: hidden overloaded virtual function 'game_sv_mp::OnPlayerKillPlayer' declared here: different number of parameters (5 vs 2)
  113 |     virtual void OnPlayerKillPlayer(game_PlayerState* ps_killer, game_PlayerState* ps_killed, KILL_TYPE KillType,
      |                  ^
2 warnings generated.
[1028/1826] Building CXX object src/xrGame/CMakeFiles/xrGame.dir/GraviArtifact.cpp.o
[1029/1826] Building CXX object src/xrGame/CMakeFiles/xrGame.dir/game_sv_deathmatch.cpp.o
[1030/1826] Building CXX object src/xrGame/CMakeFiles/xrGame.dir/game_sv_mp.cpp.o
[1031/1826] Building CXX object src/xrGame/CMakeFiles/xrGame.dir/GraviZone.cpp.o
[1032/1826] Building CXX object src/xrGame/CMakeFiles/xrGame.dir/GameTask_script.cpp.o
[1033/1826] Building CXX object src/xrGame/CMakeFiles/xrGame.dir/GrenadeLauncher.cpp.o
[1034/1826] Building CXX object src/xrGame/CMakeFiles/xrGame.dir/gsc_dsigned_ltx.cpp.o
[1035/1826] Building CXX object src/xrGame/CMakeFiles/xrGame.dir/Helicopter2.cpp.o
[1036/1826] Building CXX object src/xrGame/CMakeFiles/xrGame.dir/Grenade.cpp.o
[1037/1826] Building CXX object src/xrGame/CMakeFiles/xrGame.dir/group_hierarchy_holder.cpp.o
[1038/1826] Building CXX object src/xrGame/CMakeFiles/xrGame.dir/HairsZone.cpp.o
[1039/1826] Building CXX object src/xrGame/CMakeFiles/xrGame.dir/Helicopter.cpp.o
[1040/1826] Building CXX object src/xrGame/CMakeFiles/xrGame.dir/HairsZone_script.cpp.o
[1041/1826] Building CXX object src/xrGame/CMakeFiles/xrGame.dir/HangingLamp.cpp.o
[1042/1826] Building CXX object src/xrGame/CMakeFiles/xrGame.dir/hit_immunity.cpp.o
[1043/1826] Building CXX object src/xrGame/CMakeFiles/xrGame.dir/HelicopterMovementManager.cpp.o
[1044/1826] Building CXX object src/xrGame/CMakeFiles/xrGame.dir/Hit.cpp.o
[1045/1826] Building CXX object src/xrGame/CMakeFiles/xrGame.dir/HitMarker.cpp.o
[1046/1826] Building CXX object src/xrGame/CMakeFiles/xrGame.dir/HUDCrosshair.cpp.o
[1047/1826] Building CXX object src/xrGame/CMakeFiles/xrGame.dir/HelicopterWeapon.cpp.o
[1048/1826] Building CXX object src/xrGame/CMakeFiles/xrGame.dir/holder_custom.cpp.o
[1049/1826] Building CXX object src/xrGame/CMakeFiles/xrGame.dir/HolderEntityObject.cpp.o
In file included from /data/data/com.termux/files/home/xray-16/src/xrGame/HolderEntityObject.cpp:3:
/data/data/com.termux/files/home/xray-16/src/xrGame/HolderEntityObject.h:47:14: warning: private field 'm_lim_x_rot' is not used [-Wunused-private-field]
   47 |     Fvector2 m_lim_x_rot{}, m_lim_y_rot{}; //in bone space
      |              ^
/data/data/com.termux/files/home/xray-16/src/xrGame/HolderEntityObject.h:47:29: warning: private field 'm_lim_y_rot' is not used [-Wunused-private-field]
   47 |     Fvector2 m_lim_x_rot{}, m_lim_y_rot{}; //in bone space
      |                             ^
2 warnings generated.
[1050/1826] Building CXX object src/xrGame/CMakeFiles/xrGame.dir/helicopter_script.cpp.o
[1051/1826] Building CXX object src/xrGame/CMakeFiles/xrGame.dir/hit_memory_manager.cpp.o
[1052/1826] Building CXX object src/xrGame/CMakeFiles/xrGame.dir/holder_custom_script.cpp.o
[1053/1826] Building CXX object src/xrGame/CMakeFiles/xrGame.dir/hud_item_object.cpp.o
[1054/1826] Building CXX object src/xrGame/CMakeFiles/xrGame.dir/HudItem.cpp.o
[1055/1826] Building CXX object src/xrGame/CMakeFiles/xrGame.dir/ik_anim_state.cpp.o
[1056/1826] Building CXX object src/xrGame/CMakeFiles/xrGame.dir/ik_foot_collider.cpp.o
/data/data/com.termux/files/home/xray-16/src/xrGame/ik_foot_collider.cpp:21:39: warning: suggest braces around initialization of subobject [-Wmissing-braces]
   21 | static const Fplane invalide_plane = {-FLT_MAX, -FLT_MAX, -FLT_MAX, -FLT_MAX};
      |                                       ^~~~~~~~~~~~~~~~~~~~~~~~~~~~
      |                                       {                           }
1 warning generated.
[1057/1826] Building CXX object src/xrGame/CMakeFiles/xrGame.dir/ik_calculate_data.cpp.o
[1058/1826] Building CXX object src/xrGame/CMakeFiles/xrGame.dir/HudSound.cpp.o
[1059/1826] Building CXX object src/xrGame/CMakeFiles/xrGame.dir/IKFoot.cpp.o
[1060/1826] Building CXX object src/xrGame/CMakeFiles/xrGame.dir/ik_limb_state.cpp.o
[1061/1826] Building CXX object src/xrGame/CMakeFiles/xrGame.dir/ik_dbg_matrix.cpp.o
[1062/1826] Building CXX object src/xrGame/CMakeFiles/xrGame.dir/HUDTarget.cpp.o
In file included from /data/data/com.termux/files/home/xray-16/src/xrGame/HUDTarget.cpp:23:
In file included from /data/data/com.termux/files/home/xray-16/src/xrGame/ai/monsters/poltergeist/poltergeist.h:2:
/data/data/com.termux/files/home/xray-16/src/xrGame/ai/monsters/basemonster/base_monster.h:82:18: warning: 'CBaseMonster::HitSignal' hides overloaded virtual function [-Woverloaded-virtual]
   82 |     virtual void HitSignal(float amount, Fvector& vLocalDir, IGameObject* who, s16 element);
      |                  ^
/data/data/com.termux/files/home/xray-16/src/xrGame/CustomMonster.h:145:18: note: hidden overloaded virtual function 'CCustomMonster::HitSignal' declared here: different number of parameters (3 vs 4)
  145 |     virtual void HitSignal(float P, Fvector& vLocalDir, IGameObject* who);
      |                  ^
In file included from /data/data/com.termux/files/home/xray-16/src/xrGame/HUDTarget.cpp:23:
/data/data/com.termux/files/home/xray-16/src/xrGame/ai/monsters/poltergeist/poltergeist.h:53:18: warning: 'CPoltergeist::reload' hides overloaded virtual function [-Woverloaded-virtual]
   53 |     virtual void reload(LPCSTR section);
      |                  ^
/data/data/com.termux/files/home/xray-16/src/xrGame/ai/monsters/energy_holder.h:32:18: note: hidden overloaded virtual function 'CEnergyHolder::reload' declared here: different number of parameters (3 vs 1)
   32 |     virtual void reload(LPCSTR section, LPCSTR prefix = "", LPCSTR suffix = "");
      |                  ^
2 warnings generated.
[1063/1826] Building CXX object src/xrGame/CMakeFiles/xrGame.dir/IKLimbsController.cpp.o
[1064/1826] Building CXX object src/xrGame/CMakeFiles/xrGame.dir/ik_object_shift.cpp.o
[1065/1826] Building CXX object src/xrGame/CMakeFiles/xrGame.dir/HUDManager.cpp.o
In file included from /data/data/com.termux/files/home/xray-16/src/xrGame/HUDManager.cpp:2:
/data/data/com.termux/files/home/xray-16/src/xrGame/HUDManager.h:27:18: warning: virtual method 'RenderUI' is inside a 'final' class and can never be overridden [-Wunnecessary-virtual-specifier]
   27 |     virtual void RenderUI();
      |                  ^
In file included from /data/data/com.termux/files/home/xray-16/src/xrGame/HUDManager.cpp:11:
/data/data/com.termux/files/home/xray-16/src/xrGame/Car.h:171:14: warning: 'CCar::SWheel::Init' hides overloaded virtual function [-Woverloaded-virtual]
  171 |         void Init(); // asumptions: bone_map is 1. ini parsed 2. filled in 3. bone_id is set
      |              ^
/data/data/com.termux/files/home/xray-16/src/xrGame/DamagableItem.h:29:18: note: hidden overloaded virtual function 'CDamagableHealthItem::Init' declared here: different number of parameters (2 vs 0)
   29 |     virtual void Init(float max_health, u16 level_num);
      |                  ^
In file included from /data/data/com.termux/files/home/xray-16/src/xrGame/HUDManager.cpp:11:
/data/data/com.termux/files/home/xray-16/src/xrGame/Car.h:287:14: warning: 'CCar::SDoor::Init' hides overloaded virtual function [-Woverloaded-virtual]
  287 |         void Init();
      |              ^
/data/data/com.termux/files/home/xray-16/src/xrGame/DamagableItem.h:29:18: note: hidden overloaded virtual function 'CDamagableHealthItem::Init' declared here: different number of parameters (2 vs 0)
   29 |     virtual void Init(float max_health, u16 level_num);
      |                  ^
In file included from /data/data/com.termux/files/home/xray-16/src/xrGame/HUDManager.cpp:11:
/data/data/com.termux/files/home/xray-16/src/xrGame/Car.h:497:10: warning: 'CCar::Init' hides overloaded virtual function [-Woverloaded-virtual]
  497 |     void Init();
      |          ^
/data/data/com.termux/files/home/xray-16/src/xrGame/DamagableItem.h:12:18: note: hidden overloaded virtual function 'CDamagableItem::Init' declared here: different number of parameters (2 vs 0)
   12 |     virtual void Init(float max_health, u16 level_num);
      |                  ^
4 warnings generated.
[1066/1826] Building CXX object src/xrGame/CMakeFiles/xrGame.dir/imotion_velocity.cpp.o
[1067/1826] Building CXX object src/xrGame/CMakeFiles/xrGame.dir/interactive_motion.cpp.o
[1068/1826] Building CXX object src/xrGame/CMakeFiles/xrGame.dir/InfoDocument.cpp.o
[1069/1826] Building CXX object src/xrGame/CMakeFiles/xrGame.dir/imotion_position.cpp.o
[1070/1826] Building CXX object src/xrGame/CMakeFiles/xrGame.dir/interactive_animation.cpp.o
[1071/1826] Building CXX object src/xrGame/CMakeFiles/xrGame.dir/InfoPortion.cpp.o
[1072/1826] Building CXX object src/xrGame/CMakeFiles/xrGame.dir/inventory_item.cpp.o
[1073/1826] Building CXX object src/xrGame/CMakeFiles/xrGame.dir/inventory_item_object.cpp.o
[1074/1826] Building CXX object src/xrGame/CMakeFiles/xrGame.dir/InventoryBox.cpp.o
[1075/1826] Building CXX object src/xrGame/CMakeFiles/xrGame.dir/inventory_item_upgrade.cpp.o
[1076/1826] Building CXX object src/xrGame/CMakeFiles/xrGame.dir/inventory_upgrade_base.cpp.o
[1077/1826] Building CXX object src/xrGame/CMakeFiles/xrGame.dir/inventory_upgrade.cpp.o
[1078/1826] Building CXX object src/xrGame/CMakeFiles/xrGame.dir/inventory_upgrade_group.cpp.o
[1079/1826] Building CXX object src/xrGame/CMakeFiles/xrGame.dir/inventory_quickswitch.cpp.o
[1080/1826] Building CXX object src/xrGame/CMakeFiles/xrGame.dir/inventory_owner_info.cpp.o
In file included from /data/data/com.termux/files/home/xray-16/src/xrGame/inventory_owner_info.cpp:13:
In file included from /data/data/com.termux/files/home/xray-16/src/xrGame/alife_registry_container.h:11:
In file included from /data/data/com.termux/files/home/xray-16/src/xrGame/alife_registry_container_space.h:11:
In file included from /data/data/com.termux/files/home/xray-16/sdk/include/loki/HierarchyGenerators.h:32:
/data/data/com.termux/files/home/xray-16/sdk/include/loki/TypeManip.h:87:26: warning: private field 'dummy' is not used [-Wunused-private-field]
   87 |         class Big { char dummy[2]; };
      |                          ^
1 warning generated.
[1081/1826] Building CXX object src/xrGame/CMakeFiles/xrGame.dir/InventoryOwner.cpp.o
In file included from /data/data/com.termux/files/home/xray-16/src/xrGame/InventoryOwner.cpp:23:
/data/data/com.termux/files/home/xray-16/src/xrGame/ai/monsters/basemonster/base_monster.h:82:18: warning: 'CBaseMonster::HitSignal' hides overloaded virtual function [-Woverloaded-virtual]
   82 |     virtual void HitSignal(float amount, Fvector& vLocalDir, IGameObject* who, s16 element);
      |                  ^
/data/data/com.termux/files/home/xray-16/src/xrGame/CustomMonster.h:145:18: note: hidden overloaded virtual function 'CCustomMonster::HitSignal' declared here: different number of parameters (3 vs 4)
  145 |     virtual void HitSignal(float P, Fvector& vLocalDir, IGameObject* who);
      |                  ^
In file included from /data/data/com.termux/files/home/xray-16/src/xrGame/InventoryOwner.cpp:27:
/data/data/com.termux/files/home/xray-16/src/xrGame/CustomOutfit.h:17:18: warning: 'CCustomOutfit::Hit' hides overloaded virtual function [-Woverloaded-virtual]
   17 |     virtual void Hit(float P, ALife::EHitType hit_type);
      |                  ^
/data/data/com.termux/files/home/xray-16/src/xrGame/inventory_item_object.h:35:18: note: hidden overloaded virtual function 'CInventoryItemObject::Hit' declared here: different number of parameters (1 vs 2)
   35 |     virtual void Hit(SHit* pHDS);
      |                  ^
In file included from /data/data/com.termux/files/home/xray-16/src/xrGame/InventoryOwner.cpp:18:
In file included from /data/data/com.termux/files/home/xray-16/src/xrGame/alife_registry_wrappers.h:11:
In file included from /data/data/com.termux/files/home/xray-16/src/xrGame/alife_registry_container.h:11:
In file included from /data/data/com.termux/files/home/xray-16/src/xrGame/alife_registry_container_space.h:11:
In file included from /data/data/com.termux/files/home/xray-16/sdk/include/loki/HierarchyGenerators.h:32:
/data/data/com.termux/files/home/xray-16/sdk/include/loki/TypeManip.h:87:26: warning: private field 'dummy' is not used [-Wunused-private-field]
   87 |         class Big { char dummy[2]; };
      |                          ^
3 warnings generated.
[1082/1826] Building CXX object src/xrGame/CMakeFiles/xrGame.dir/item_manager.cpp.o
[1083/1826] Building CXX object src/xrGame/CMakeFiles/xrGame.dir/inventory_upgrade_property.cpp.o
[1084/1826] Building CXX object src/xrGame/CMakeFiles/xrGame.dir/inventory_upgrade_root.cpp.o
[1085/1826] Building CXX object src/xrGame/CMakeFiles/xrGame.dir/Inventory.cpp.o
In file included from /data/data/com.termux/files/home/xray-16/src/xrGame/Inventory.cpp:4:
/data/data/com.termux/files/home/xray-16/src/xrGame/CustomOutfit.h:17:18: warning: 'CCustomOutfit::Hit' hides overloaded virtual function [-Woverloaded-virtual]
   17 |     virtual void Hit(float P, ALife::EHitType hit_type);
      |                  ^
/data/data/com.termux/files/home/xray-16/src/xrGame/inventory_item_object.h:35:18: note: hidden overloaded virtual function 'CInventoryItemObject::Hit' declared here: different number of parameters (1 vs 2)
   35 |     virtual void Hit(SHit* pHDS);
      |                  ^
1 warning generated.
[1086/1826] Building CXX object src/xrGame/CMakeFiles/xrGame.dir/level_debug.cpp.o
[1087/1826] Building CXX object src/xrGame/CMakeFiles/xrGame.dir/inventory_upgrade_manager.cpp.o
[1088/1826] Building CXX object src/xrGame/CMakeFiles/xrGame.dir/Level_Bullet_Manager.cpp.o
[1089/1826] Building CXX object src/xrGame/CMakeFiles/xrGame.dir/LevelGraphDebugRender.cpp.o
[1090/1826] Building CXX object src/xrGame/CMakeFiles/xrGame.dir/Level_GameSpy_Funcs.cpp.o
In file included from /data/data/com.termux/files/home/xray-16/src/xrGame/Level_GameSpy_Funcs.cpp:6:
/data/data/com.termux/files/home/xray-16/src/xrGame/ui/UICDkey.h:13:20: warning: 'CUICDkey::GetText' hides overloaded virtual function [-Woverloaded-virtual]
   13 |     virtual LPCSTR GetText();
      |                    ^
/data/data/com.termux/files/home/xray-16/src/xrUICore/EditBox/UICustomEdit.h:37:12: note: hidden overloaded virtual function 'CUICustomEdit::GetText' declared here: different qualifiers ('const' vs unqualified)
   37 |     LPCSTR GetText() const override;
      |            ^
In file included from /data/data/com.termux/files/home/xray-16/src/xrGame/Level_GameSpy_Funcs.cpp:6:
/data/data/com.termux/files/home/xray-16/src/xrGame/ui/UICDkey.h:13:20: warning: virtual method 'GetText' is inside a 'final' class and can never be overridden [-Wunnecessary-virtual-specifier]
   13 |     virtual LPCSTR GetText();
      |                    ^
2 warnings generated.
[1091/1826] Building CXX object src/xrGame/CMakeFiles/xrGame.dir/level_map_locations.cpp.o
[1092/1826] Building CXX object src/xrGame/CMakeFiles/xrGame.dir/Level_bullet_manager_firetrace.cpp.o
In file included from /data/data/com.termux/files/home/xray-16/src/xrGame/Level_bullet_manager_firetrace.cpp:24:
/data/data/com.termux/files/home/xray-16/src/xrGame/ai/monsters/basemonster/base_monster.h:82:18: warning: 'CBaseMonster::HitSignal' hides overloaded virtual function [-Woverloaded-virtual]
   82 |     virtual void HitSignal(float amount, Fvector& vLocalDir, IGameObject* who, s16 element);
      |                  ^
/data/data/com.termux/files/home/xray-16/src/xrGame/CustomMonster.h:145:18: note: hidden overloaded virtual function 'CCustomMonster::HitSignal' declared here: different number of parameters (3 vs 4)
  145 |     virtual void HitSignal(float P, Fvector& vLocalDir, IGameObject* who);
      |                  ^
1 warning generated.
[1093/1826] Building CXX object src/xrGame/CMakeFiles/xrGame.dir/Level_input.cpp.o
[1094/1826] Building CXX object src/xrGame/CMakeFiles/xrGame.dir/Level_network_compressed_updates.cpp.o
[1095/1826] Building CXX object src/xrGame/CMakeFiles/xrGame.dir/Level_load.cpp.o
[1096/1826] Building CXX object src/xrGame/CMakeFiles/xrGame.dir/level_changer.cpp.o
[1097/1826] Building CXX object src/xrGame/CMakeFiles/xrGame.dir/Level_network_digest_computer.cpp.o
[1098/1826] Building CXX object src/xrGame/CMakeFiles/xrGame.dir/Level_network_messages.cpp.o
[1099/1826] Building CXX object src/xrGame/CMakeFiles/xrGame.dir/Level_network_Demo.cpp.o
[1100/1826] Building CXX object src/xrGame/CMakeFiles/xrGame.dir/Level_network_spawn.cpp.o
[1101/1826] Building CXX object src/xrGame/CMakeFiles/xrGame.dir/Level.cpp.o
FAILED: [code=1] src/xrGame/CMakeFiles/xrGame.dir/Level.cpp.o 
/data/data/com.termux/files/usr/bin/clang++ -DDECLARE_SPECIALIZATION -DIMGUI_DEFINE_MATH_OPERATORS -DIMGUI_DISABLE_OBSOLETE_FUNCTIONS -DIMGUI_DISABLE_OBSOLETE_KEYIO -DLUABIND_DYNAMIC_LINK -DLUABIND_NO_ERROR_CHECKING -DLUABIND_NO_EXCEPTIONS -DNDEBUG -DPURE_DYNAMIC_CAST -DXRAY_EXCEPTIONS=1 -DXRGAME_EXPORTS -DdNODEBUG -DdSINGLE -DxrGame_EXPORTS -I/data/data/com.termux/files/usr/include/luajit-2.1 -I/data/data/com.termux/files/home/xray-16/src/xrGame -I/data/data/com.termux/files/home/xray-16/src -I/data/data/com.termux/files/home/xray-16/src/xrServerEntities -I/data/data/com.termux/files/home/xray-16/Externals/GameSpy/src -I/data/data/com.termux/files/home/xray-16/Externals/ode/include -I/data/data/com.termux/files/home/xray-16/Externals/OpenAutomate/inc -I/data/data/com.termux/files/home/xray-16/sdk/include -I/data/data/com.termux/files/home/xray-16/Externals/tracy/public -I/data/data/com.termux/files/home/xray-16/Externals/imgui -I/data/data/com.termux/files/home/xray-16/Externals/luabind/src/.. -I/data/data/com.termux/files/home/xray-16/Externals/luabind/luabind/.. -I/data/data/com.termux/files/home/xray-16/Externals/LuaJIT/src -I/data/data/com.termux/files/home/xray-16/Externals -isystem /data/data/com.termux/files/usr/include/SDL2 -stdlib=libc++ -march=armv8-a -stdlib=libc++ -march=armv8-a -O3 -DNDEBUG -flto=thin -fPIC -fdelayed-template-parsing -Wno-unused-command-line-argument -Wno-inconsistent-missing-override -stdlib=libc++ -lc++abi -Wno-attributes -Wl,--no-undefined -Wall -Wextra -Wno-unknown-pragmas -Wno-strict-aliasing -Wno-parentheses -Wno-unused-label -Wno-unused-parameter -Wno-switch -Wno-trigraphs -Winvalid-pch -Xclang -include-pch -Xclang /data/data/com.termux/files/home/xray-16/build-android/src/xrGame/CMakeFiles/xrGame.dir/cmake_pch.hxx.pch -Xclang -include -Xclang /data/data/com.termux/files/home/xray-16/build-android/src/xrGame/CMakeFiles/xrGame.dir/cmake_pch.hxx -MD -MT src/xrGame/CMakeFiles/xrGame.dir/Level.cpp.o -MF src/xrGame/CMakeFiles/xrGame.dir/Level.cpp.o.d -o src/xrGame/CMakeFiles/xrGame.dir/Level.cpp.o -c /data/data/com.termux/files/home/xray-16/src/xrGame/Level.cpp
In file included from /data/data/com.termux/files/home/xray-16/src/xrGame/Level.cpp:8:
/data/data/com.termux/files/home/xray-16/src/xrGame/HUDManager.h:27:18: warning: virtual method 'RenderUI' is inside a 'final' class and can never be overridden [-Wunnecessary-virtual-specifier]
   27 |     virtual void RenderUI();
      |                  ^
In file included from /data/data/com.termux/files/home/xray-16/src/xrGame/Level.cpp:35:
/data/data/com.termux/files/home/xray-16/src/xrGame/Car.h:171:14: warning: 'CCar::SWheel::Init' hides overloaded virtual function [-Woverloaded-virtual]
  171 |         void Init(); // asumptions: bone_map is 1. ini parsed 2. filled in 3. bone_id is set
      |              ^
/data/data/com.termux/files/home/xray-16/src/xrGame/DamagableItem.h:29:18: note: hidden overloaded virtual function 'CDamagableHealthItem::Init' declared here: different number of parameters (2 vs 0)
   29 |     virtual void Init(float max_health, u16 level_num);
      |                  ^
In file included from /data/data/com.termux/files/home/xray-16/src/xrGame/Level.cpp:35:
/data/data/com.termux/files/home/xray-16/src/xrGame/Car.h:287:14: warning: 'CCar::SDoor::Init' hides overloaded virtual function [-Woverloaded-virtual]
  287 |         void Init();
      |              ^
/data/data/com.termux/files/home/xray-16/src/xrGame/DamagableItem.h:29:18: note: hidden overloaded virtual function 'CDamagableHealthItem::Init' declared here: different number of parameters (2 vs 0)
   29 |     virtual void Init(float max_health, u16 level_num);
      |                  ^
In file included from /data/data/com.termux/files/home/xray-16/src/xrGame/Level.cpp:35:
/data/data/com.termux/files/home/xray-16/src/xrGame/Car.h:497:10: warning: 'CCar::Init' hides overloaded virtual function [-Woverloaded-virtual]
  497 |     void Init();
      |          ^
/data/data/com.termux/files/home/xray-16/src/xrGame/DamagableItem.h:12:18: note: hidden overloaded virtual function 'CDamagableItem::Init' declared here: different number of parameters (2 vs 0)
   12 |     virtual void Init(float max_health, u16 level_num);
      |                  ^
/data/data/com.termux/files/home/xray-16/src/xrGame/Level.cpp:603:46: error: use of undeclared identifier 'LUA_GCTIMEOUT'; did you mean 'psLUA_GCTIMEOUT'?
  603 |         if (lua_gc(GEnv.ScriptEngine->lua(), LUA_GCTIMEOUT, psLUA_GCTIMEOUT) >= 0)
      |                                              ^~~~~~~~~~~~~
      |                                              psLUA_GCTIMEOUT
/data/data/com.termux/files/home/xray-16/src/xrGame/Level.cpp:588:5: note: 'psLUA_GCTIMEOUT' declared here
  588 | int psLUA_GCTIMEOUT = 1000;
      |     ^
4 warnings and 1 error generated.
[1102/1826] Building CXX object src/xrGame/CMakeFiles/xrGame.dir/Level_network_map_sync.cpp.o
[1103/1826] Building CXX object src/xrGame/CMakeFiles/xrGame.dir/Level_network.cpp.o
In file included from /data/data/com.termux/files/home/xray-16/src/xrGame/Level_network.cpp:18:
/data/data/com.termux/files/home/xray-16/src/xrGame/ui/UIPdaWnd.h:59:18: warning: virtual method 'Init' is inside a 'final' class and can never be overridden [-Wunnecessary-virtual-specifier]
   59 |     virtual void Init();
      |                  ^
1 warning generated.
[1104/1826] Building CXX object src/xrGame/CMakeFiles/xrGame.dir/Level_SLS_Default.cpp.o
[1105/1826] Building CXX object src/xrGame/CMakeFiles/xrGame.dir/Level_SLS_Save.cpp.o
[1106/1826] Building CXX object src/xrGame/CMakeFiles/xrGame.dir/Level_secure_messaging.cpp.o
[1107/1826] Building CXX object src/xrGame/CMakeFiles/xrGame.dir/level_sounds.cpp.o
[1108/1826] Building CXX object src/xrGame/CMakeFiles/xrGame.dir/Level_SLS_Load.cpp.o
[1109/1826] Building CXX object src/xrGame/CMakeFiles/xrGame.dir/Level_network_start_client.cpp.o
In file included from /data/data/com.termux/files/home/xray-16/src/xrGame/Level_network_start_client.cpp:10:
/data/data/com.termux/files/home/xray-16/src/xrGame/HUDManager.h:27:18: warning: virtual method 'RenderUI' is inside a 'final' class and can never be overridden [-Wunnecessary-virtual-specifier]
   27 |     virtual void RenderUI();
      |                  ^
1 warning generated.
[1110/1826] Building CXX object src/xrGame/CMakeFiles/xrGame.dir/level_script.cpp.o
In file included from /data/data/com.termux/files/home/xray-16/src/xrGame/level_script.cpp:25:
/data/data/com.termux/files/home/xray-16/src/xrPhysics/PHScriptCall.h:22:18: warning: 'CPHScriptCondition::compare' hides overloaded virtual functions [-Woverloaded-virtual]
   22 |     virtual bool compare(const CPHReqComparerV* v) const { return v->compare(this); }
      |                  ^
/data/data/com.termux/files/home/xray-16/src/xrPhysics/PHReqComparer.h:19:18: note: hidden overloaded virtual function 'CPHReqComparerV::compare' declared here: type mismatch at 1st parameter ('const CPHScriptAction *' vs 'const CPHReqComparerV *')
   19 |     virtual bool compare(const CPHScriptAction* v) const { return false; }
      |                  ^
/data/data/com.termux/files/home/xray-16/src/xrPhysics/PHReqComparer.h:20:18: note: hidden overloaded virtual function 'CPHReqComparerV::compare' declared here: type mismatch at 1st parameter ('const CPHScriptObjectCondition *' vs 'const CPHReqComparerV *')
   20 |     virtual bool compare(const CPHScriptObjectCondition* v) const { return false; }
      |                  ^
/data/data/com.termux/files/home/xray-16/src/xrPhysics/PHReqComparer.h:21:18: note: hidden overloaded virtual function 'CPHReqComparerV::compare' declared here: type mismatch at 1st parameter ('const CPHScriptObjectAction *' vs 'const CPHReqComparerV *')
   21 |     virtual bool compare(const CPHScriptObjectAction* v) const { return false; }
      |                  ^
/data/data/com.termux/files/home/xray-16/src/xrPhysics/PHReqComparer.h:22:18: note: hidden overloaded virtual function 'CPHReqComparerV::compare' declared here: type mismatch at 1st parameter ('const CPHScriptObjectConditionN *' vs 'const CPHReqComparerV *')
   22 |     virtual bool compare(const CPHScriptObjectConditionN* v) const { return false; }
      |                  ^
/data/data/com.termux/files/home/xray-16/src/xrPhysics/PHReqComparer.h:23:18: note: hidden overloaded virtual function 'CPHReqComparerV::compare' declared here: type mismatch at 1st parameter ('const CPHScriptObjectActionN *' vs 'const CPHReqComparerV *')
   23 |     virtual bool compare(const CPHScriptObjectActionN* v) const { return false; }
      |                  ^
/data/data/com.termux/files/home/xray-16/src/xrPhysics/PHReqComparer.h:24:18: note: hidden overloaded virtual function 'CPHReqComparerV::compare' declared here: type mismatch at 1st parameter ('const CPHScriptGameObjectAction *' vs 'const CPHReqComparerV *')
   24 |     virtual bool compare(const CPHScriptGameObjectAction* v) const { return false; }
      |                  ^
/data/data/com.termux/files/home/xray-16/src/xrPhysics/PHReqComparer.h:25:18: note: hidden overloaded virtual function 'CPHReqComparerV::compare' declared here: type mismatch at 1st parameter ('const CPHScriptGameObjectCondition *' vs 'const CPHReqComparerV *')
   25 |     virtual bool compare(const CPHScriptGameObjectCondition* v) const { return false; }
      |                  ^
/data/data/com.termux/files/home/xray-16/src/xrPhysics/PHReqComparer.h:26:18: note: hidden overloaded virtual function 'CPHReqComparerV::compare' declared here: type mismatch at 1st parameter ('const CPHConstForceAction *' vs 'const CPHReqComparerV *')
   26 |     virtual bool compare(const CPHConstForceAction* v) const { return false; }
      |                  ^
/data/data/com.termux/files/home/xray-16/src/xrPhysics/PHReqComparer.h:27:18: note: hidden overloaded virtual function 'CPHReqComparerV::compare' declared here: type mismatch at 1st parameter ('const CPHLiquidParticlesPlayCall *' vs 'const CPHReqComparerV *')
   27 |     virtual bool compare(const CPHLiquidParticlesPlayCall* v) const { return false; }
      |                  ^
/data/data/com.termux/files/home/xray-16/src/xrPhysics/PHReqComparer.h:28:18: note: hidden overloaded virtual function 'CPHReqComparerV::compare' declared here: type mismatch at 1st parameter ('const CPHLiquidParticlesCondition *' vs 'const CPHReqComparerV *')
   28 |     virtual bool compare(const CPHLiquidParticlesCondition* v) const { return false; }
      |                  ^
/data/data/com.termux/files/home/xray-16/src/xrPhysics/PHReqComparer.h:29:18: note: hidden overloaded virtual function 'CPHReqComparerV::compare' declared here: type mismatch at 1st parameter ('const CPHFindLiquidParticlesComparer *' vs 'const CPHReqComparerV *')
   29 |     virtual bool compare(const CPHFindLiquidParticlesComparer* v) const { return false; }
      |                  ^
In file included from /data/data/com.termux/files/home/xray-16/src/xrGame/level_script.cpp:25:
/data/data/com.termux/files/home/xray-16/src/xrPhysics/PHScriptCall.h:42:18: warning: 'CPHScriptAction::compare' hides overloaded virtual functions [-Woverloaded-virtual]
   42 |     virtual bool compare(const CPHReqComparerV* v) const { return v->compare(this); }
      |                  ^
/data/data/com.termux/files/home/xray-16/src/xrPhysics/PHReqComparer.h:18:18: note: hidden overloaded virtual function 'CPHReqComparerV::compare' declared here: type mismatch at 1st parameter ('const CPHScriptCondition *' vs 'const CPHReqComparerV *')
   18 |     virtual bool compare(const CPHScriptCondition* v) const { return false; }
      |                  ^
/data/data/com.termux/files/home/xray-16/src/xrPhysics/PHReqComparer.h:20:18: note: hidden overloaded virtual function 'CPHReqComparerV::compare' declared here: type mismatch at 1st parameter ('const CPHScriptObjectCondition *' vs 'const CPHReqComparerV *')
   20 |     virtual bool compare(const CPHScriptObjectCondition* v) const { return false; }
      |                  ^
/data/data/com.termux/files/home/xray-16/src/xrPhysics/PHReqComparer.h:21:18: note: hidden overloaded virtual function 'CPHReqComparerV::compare' declared here: type mismatch at 1st parameter ('const CPHScriptObjectAction *' vs 'const CPHReqComparerV *')
   21 |     virtual bool compare(const CPHScriptObjectAction* v) const { return false; }
      |                  ^
/data/data/com.termux/files/home/xray-16/src/xrPhysics/PHReqComparer.h:22:18: note: hidden overloaded virtual function 'CPHReqComparerV::compare' declared here: type mismatch at 1st parameter ('const CPHScriptObjectConditionN *' vs 'const CPHReqComparerV *')
   22 |     virtual bool compare(const CPHScriptObjectConditionN* v) const { return false; }
      |                  ^
/data/data/com.termux/files/home/xray-16/src/xrPhysics/PHReqComparer.h:23:18: note: hidden overloaded virtual function 'CPHReqComparerV::compare' declared here: type mismatch at 1st parameter ('const CPHScriptObjectActionN *' vs 'const CPHReqComparerV *')
   23 |     virtual bool compare(const CPHScriptObjectActionN* v) const { return false; }
      |                  ^
/data/data/com.termux/files/home/xray-16/src/xrPhysics/PHReqComparer.h:24:18: note: hidden overloaded virtual function 'CPHReqComparerV::compare' declared here: type mismatch at 1st parameter ('const CPHScriptGameObjectAction *' vs 'const CPHReqComparerV *')
   24 |     virtual bool compare(const CPHScriptGameObjectAction* v) const { return false; }
      |                  ^
/data/data/com.termux/files/home/xray-16/src/xrPhysics/PHReqComparer.h:25:18: note: hidden overloaded virtual function 'CPHReqComparerV::compare' declared here: type mismatch at 1st parameter ('const CPHScriptGameObjectCondition *' vs 'const CPHReqComparerV *')
   25 |     virtual bool compare(const CPHScriptGameObjectCondition* v) const { return false; }
      |                  ^
/data/data/com.termux/files/home/xray-16/src/xrPhysics/PHReqComparer.h:26:18: note: hidden overloaded virtual function 'CPHReqComparerV::compare' declared here: type mismatch at 1st parameter ('const CPHConstForceAction *' vs 'const CPHReqComparerV *')
   26 |     virtual bool compare(const CPHConstForceAction* v) const { return false; }
      |                  ^
/data/data/com.termux/files/home/xray-16/src/xrPhysics/PHReqComparer.h:27:18: note: hidden overloaded virtual function 'CPHReqComparerV::compare' declared here: type mismatch at 1st parameter ('const CPHLiquidParticlesPlayCall *' vs 'const CPHReqComparerV *')
   27 |     virtual bool compare(const CPHLiquidParticlesPlayCall* v) const { return false; }
      |                  ^
/data/data/com.termux/files/home/xray-16/src/xrPhysics/PHReqComparer.h:28:18: note: hidden overloaded virtual function 'CPHReqComparerV::compare' declared here: type mismatch at 1st parameter ('const CPHLiquidParticlesCondition *' vs 'const CPHReqComparerV *')
   28 |     virtual bool compare(const CPHLiquidParticlesCondition* v) const { return false; }
      |                  ^
/data/data/com.termux/files/home/xray-16/src/xrPhysics/PHReqComparer.h:29:18: note: hidden overloaded virtual function 'CPHReqComparerV::compare' declared here: type mismatch at 1st parameter ('const CPHFindLiquidParticlesComparer *' vs 'const CPHReqComparerV *')
   29 |     virtual bool compare(const CPHFindLiquidParticlesComparer* v) const { return false; }
      |                  ^
In file included from /data/data/com.termux/files/home/xray-16/src/xrGame/level_script.cpp:25:
/data/data/com.termux/files/home/xray-16/src/xrPhysics/PHScriptCall.h:62:18: warning: 'CPHScriptObjectCondition::compare' hides overloaded virtual functions [-Woverloaded-virtual]
   62 |     virtual bool compare(const luabind::object* v) const { return *m_lua_object == *v; }
      |                  ^
/data/data/com.termux/files/home/xray-16/src/xrPhysics/PHReqComparer.h:18:18: note: hidden overloaded virtual function 'CPHReqComparerV::compare' declared here: type mismatch at 1st parameter ('const CPHScriptCondition *' vs 'const luabind::object *')
   18 |     virtual bool compare(const CPHScriptCondition* v) const { return false; }
      |                  ^
/data/data/com.termux/files/home/xray-16/src/xrPhysics/PHReqComparer.h:19:18: note: hidden overloaded virtual function 'CPHReqComparerV::compare' declared here: type mismatch at 1st parameter ('const CPHScriptAction *' vs 'const luabind::object *')
   19 |     virtual bool compare(const CPHScriptAction* v) const { return false; }
      |                  ^
/data/data/com.termux/files/home/xray-16/src/xrPhysics/PHReqComparer.h:21:18: note: hidden overloaded virtual function 'CPHReqComparerV::compare' declared here: type mismatch at 1st parameter ('const CPHScriptObjectAction *' vs 'const luabind::object *')
   21 |     virtual bool compare(const CPHScriptObjectAction* v) const { return false; }
      |                  ^
/data/data/com.termux/files/home/xray-16/src/xrPhysics/PHReqComparer.h:22:18: note: hidden overloaded virtual function 'CPHReqComparerV::compare' declared here: type mismatch at 1st parameter ('const CPHScriptObjectConditionN *' vs 'const luabind::object *')
   22 |     virtual bool compare(const CPHScriptObjectConditionN* v) const { return false; }
      |                  ^
/data/data/com.termux/files/home/xray-16/src/xrPhysics/PHReqComparer.h:23:18: note: hidden overloaded virtual function 'CPHReqComparerV::compare' declared here: type mismatch at 1st parameter ('const CPHScriptObjectActionN *' vs 'const luabind::object *')
   23 |     virtual bool compare(const CPHScriptObjectActionN* v) const { return false; }
      |                  ^
/data/data/com.termux/files/home/xray-16/src/xrPhysics/PHReqComparer.h:24:18: note: hidden overloaded virtual function 'CPHReqComparerV::compare' declared here: type mismatch at 1st parameter ('const CPHScriptGameObjectAction *' vs 'const luabind::object *')
   24 |     virtual bool compare(const CPHScriptGameObjectAction* v) const { return false; }
      |                  ^
/data/data/com.termux/files/home/xray-16/src/xrPhysics/PHReqComparer.h:25:18: note: hidden overloaded virtual function 'CPHReqComparerV::compare' declared here: type mismatch at 1st parameter ('const CPHScriptGameObjectCondition *' vs 'const luabind::object *')
   25 |     virtual bool compare(const CPHScriptGameObjectCondition* v) const { return false; }
      |                  ^
/data/data/com.termux/files/home/xray-16/src/xrPhysics/PHReqComparer.h:26:18: note: hidden overloaded virtual function 'CPHReqComparerV::compare' declared here: type mismatch at 1st parameter ('const CPHConstForceAction *' vs 'const luabind::object *')
   26 |     virtual bool compare(const CPHConstForceAction* v) const { return false; }
      |                  ^
/data/data/com.termux/files/home/xray-16/src/xrPhysics/PHReqComparer.h:27:18: note: hidden overloaded virtual function 'CPHReqComparerV::compare' declared here: type mismatch at 1st parameter ('const CPHLiquidParticlesPlayCall *' vs 'const luabind::object *')
   27 |     virtual bool compare(const CPHLiquidParticlesPlayCall* v) const { return false; }
      |                  ^
/data/data/com.termux/files/home/xray-16/src/xrPhysics/PHReqComparer.h:28:18: note: hidden overloaded virtual function 'CPHReqComparerV::compare' declared here: type mismatch at 1st parameter ('const CPHLiquidParticlesCondition *' vs 'const luabind::object *')
   28 |     virtual bool compare(const CPHLiquidParticlesCondition* v) const { return false; }
      |                  ^
/data/data/com.termux/files/home/xray-16/src/xrPhysics/PHReqComparer.h:29:18: note: hidden overloaded virtual function 'CPHReqComparerV::compare' declared here: type mismatch at 1st parameter ('const CPHFindLiquidParticlesComparer *' vs 'const luabind::object *')
   29 |     virtual bool compare(const CPHFindLiquidParticlesComparer* v) const { return false; }
      |                  ^
In file included from /data/data/com.termux/files/home/xray-16/src/xrGame/level_script.cpp:25:
/data/data/com.termux/files/home/xray-16/src/xrPhysics/PHScriptCall.h:63:18: warning: 'CPHScriptObjectCondition::compare' hides overloaded virtual functions [-Woverloaded-virtual]
   63 |     virtual bool compare(const CPHReqComparerV* v) const { return v->compare(this); }
      |                  ^
/data/data/com.termux/files/home/xray-16/src/xrPhysics/PHReqComparer.h:18:18: note: hidden overloaded virtual function 'CPHReqComparerV::compare' declared here: type mismatch at 1st parameter ('const CPHScriptCondition *' vs 'const CPHReqComparerV *')
   18 |     virtual bool compare(const CPHScriptCondition* v) const { return false; }
      |                  ^
/data/data/com.termux/files/home/xray-16/src/xrPhysics/PHReqComparer.h:19:18: note: hidden overloaded virtual function 'CPHReqComparerV::compare' declared here: type mismatch at 1st parameter ('const CPHScriptAction *' vs 'const CPHReqComparerV *')
   19 |     virtual bool compare(const CPHScriptAction* v) const { return false; }
      |                  ^
/data/data/com.termux/files/home/xray-16/src/xrPhysics/PHReqComparer.h:21:18: note: hidden overloaded virtual function 'CPHReqComparerV::compare' declared here: type mismatch at 1st parameter ('const CPHScriptObjectAction *' vs 'const CPHReqComparerV *')
   21 |     virtual bool compare(const CPHScriptObjectAction* v) const { return false; }
      |                  ^
/data/data/com.termux/files/home/xray-16/src/xrPhysics/PHReqComparer.h:22:18: note: hidden overloaded virtual function 'CPHReqComparerV::compare' declared here: type mismatch at 1st parameter ('const CPHScriptObjectConditionN *' vs 'const CPHReqComparerV *')
   22 |     virtual bool compare(const CPHScriptObjectConditionN* v) const { return false; }
      |                  ^
/data/data/com.termux/files/home/xray-16/src/xrPhysics/PHReqComparer.h:23:18: note: hidden overloaded virtual function 'CPHReqComparerV::compare' declared here: type mismatch at 1st parameter ('const CPHScriptObjectActionN *' vs 'const CPHReqComparerV *')
   23 |     virtual bool compare(const CPHScriptObjectActionN* v) const { return false; }
      |                  ^
/data/data/com.termux/files/home/xray-16/src/xrPhysics/PHReqComparer.h:24:18: note: hidden overloaded virtual function 'CPHReqComparerV::compare' declared here: type mismatch at 1st parameter ('const CPHScriptGameObjectAction *' vs 'const CPHReqComparerV *')
   24 |     virtual bool compare(const CPHScriptGameObjectAction* v) const { return false; }
      |                  ^
/data/data/com.termux/files/home/xray-16/src/xrPhysics/PHReqComparer.h:25:18: note: hidden overloaded virtual function 'CPHReqComparerV::compare' declared here: type mismatch at 1st parameter ('const CPHScriptGameObjectCondition *' vs 'const CPHReqComparerV *')
   25 |     virtual bool compare(const CPHScriptGameObjectCondition* v) const { return false; }
      |                  ^
/data/data/com.termux/files/home/xray-16/src/xrPhysics/PHReqComparer.h:26:18: note: hidden overloaded virtual function 'CPHReqComparerV::compare' declared here: type mismatch at 1st parameter ('const CPHConstForceAction *' vs 'const CPHReqComparerV *')
   26 |     virtual bool compare(const CPHConstForceAction* v) const { return false; }
      |                  ^
/data/data/com.termux/files/home/xray-16/src/xrPhysics/PHReqComparer.h:27:18: note: hidden overloaded virtual function 'CPHReqComparerV::compare' declared here: type mismatch at 1st parameter ('const CPHLiquidParticlesPlayCall *' vs 'const CPHReqComparerV *')
   27 |     virtual bool compare(const CPHLiquidParticlesPlayCall* v) const { return false; }
      |                  ^
/data/data/com.termux/files/home/xray-16/src/xrPhysics/PHReqComparer.h:28:18: note: hidden overloaded virtual function 'CPHReqComparerV::compare' declared here: type mismatch at 1st parameter ('const CPHLiquidParticlesCondition *' vs 'const CPHReqComparerV *')
   28 |     virtual bool compare(const CPHLiquidParticlesCondition* v) const { return false; }
      |                  ^
/data/data/com.termux/files/home/xray-16/src/xrPhysics/PHReqComparer.h:29:18: note: hidden overloaded virtual function 'CPHReqComparerV::compare' declared here: type mismatch at 1st parameter ('const CPHFindLiquidParticlesComparer *' vs 'const CPHReqComparerV *')
   29 |     virtual bool compare(const CPHFindLiquidParticlesComparer* v) const { return false; }
      |                  ^
In file included from /data/data/com.termux/files/home/xray-16/src/xrGame/level_script.cpp:25:
/data/data/com.termux/files/home/xray-16/src/xrPhysics/PHScriptCall.h:79:18: warning: 'CPHScriptObjectAction::compare' hides overloaded virtual functions [-Woverloaded-virtual]
   79 |     virtual bool compare(const luabind::object* v) const { return *m_lua_object == *v; }
      |                  ^
/data/data/com.termux/files/home/xray-16/src/xrPhysics/PHReqComparer.h:18:18: note: hidden overloaded virtual function 'CPHReqComparerV::compare' declared here: type mismatch at 1st parameter ('const CPHScriptCondition *' vs 'const luabind::object *')
   18 |     virtual bool compare(const CPHScriptCondition* v) const { return false; }
      |                  ^
/data/data/com.termux/files/home/xray-16/src/xrPhysics/PHReqComparer.h:19:18: note: hidden overloaded virtual function 'CPHReqComparerV::compare' declared here: type mismatch at 1st parameter ('const CPHScriptAction *' vs 'const luabind::object *')
   19 |     virtual bool compare(const CPHScriptAction* v) const { return false; }
      |                  ^
/data/data/com.termux/files/home/xray-16/src/xrPhysics/PHReqComparer.h:20:18: note: hidden overloaded virtual function 'CPHReqComparerV::compare' declared here: type mismatch at 1st parameter ('const CPHScriptObjectCondition *' vs 'const luabind::object *')
   20 |     virtual bool compare(const CPHScriptObjectCondition* v) const { return false; }
      |                  ^
/data/data/com.termux/files/home/xray-16/src/xrPhysics/PHReqComparer.h:22:18: note: hidden overloaded virtual function 'CPHReqComparerV::compare' declared here: type mismatch at 1st parameter ('const CPHScriptObjectConditionN *' vs 'const luabind::object *')
   22 |     virtual bool compare(const CPHScriptObjectConditionN* v) const { return false; }
      |                  ^
/data/data/com.termux/files/home/xray-16/src/xrPhysics/PHReqComparer.h:23:18: note: hidden overloaded virtual function 'CPHReqComparerV::compare' declared here: type mismatch at 1st parameter ('const CPHScriptObjectActionN *' vs 'const luabind::object *')
   23 |     virtual bool compare(const CPHScriptObjectActionN* v) const { return false; }
      |                  ^
/data/data/com.termux/files/home/xray-16/src/xrPhysics/PHReqComparer.h:24:18: note: hidden overloaded virtual function 'CPHReqComparerV::compare' declared here: type mismatch at 1st parameter ('const CPHScriptGameObjectAction *' vs 'const luabind::object *')
   24 |     virtual bool compare(const CPHScriptGameObjectAction* v) const { return false; }
      |                  ^
/data/data/com.termux/files/home/xray-16/src/xrPhysics/PHReqComparer.h:25:18: note: hidden overloaded virtual function 'CPHReqComparerV::compare' declared here: type mismatch at 1st parameter ('const CPHScriptGameObjectCondition *' vs 'const luabind::object *')
   25 |     virtual bool compare(const CPHScriptGameObjectCondition* v) const { return false; }
      |                  ^
/data/data/com.termux/files/home/xray-16/src/xrPhysics/PHReqComparer.h:26:18: note: hidden overloaded virtual function 'CPHReqComparerV::compare' declared here: type mismatch at 1st parameter ('const CPHConstForceAction *' vs 'const luabind::object *')
   26 |     virtual bool compare(const CPHConstForceAction* v) const { return false; }
      |                  ^
/data/data/com.termux/files/home/xray-16/src/xrPhysics/PHReqComparer.h:27:18: note: hidden overloaded virtual function 'CPHReqComparerV::compare' declared here: type mismatch at 1st parameter ('const CPHLiquidParticlesPlayCall *' vs 'const luabind::object *')
   27 |     virtual bool compare(const CPHLiquidParticlesPlayCall* v) const { return false; }
      |                  ^
/data/data/com.termux/files/home/xray-16/src/xrPhysics/PHReqComparer.h:28:18: note: hidden overloaded virtual function 'CPHReqComparerV::compare' declared here: type mismatch at 1st parameter ('const CPHLiquidParticlesCondition *' vs 'const luabind::object *')
   28 |     virtual bool compare(const CPHLiquidParticlesCondition* v) const { return false; }
      |                  ^
/data/data/com.termux/files/home/xray-16/src/xrPhysics/PHReqComparer.h:29:18: note: hidden overloaded virtual function 'CPHReqComparerV::compare' declared here: type mismatch at 1st parameter ('const CPHFindLiquidParticlesComparer *' vs 'const luabind::object *')
   29 |     virtual bool compare(const CPHFindLiquidParticlesComparer* v) const { return false; }
      |                  ^
In file included from /data/data/com.termux/files/home/xray-16/src/xrGame/level_script.cpp:25:
/data/data/com.termux/files/home/xray-16/src/xrPhysics/PHScriptCall.h:80:18: warning: 'CPHScriptObjectAction::compare' hides overloaded virtual functions [-Woverloaded-virtual]
   80 |     virtual bool compare(const CPHReqComparerV* v) const { return v->compare(this); }
      |                  ^
/data/data/com.termux/files/home/xray-16/src/xrPhysics/PHReqComparer.h:18:18: note: hidden overloaded virtual function 'CPHReqComparerV::compare' declared here: type mismatch at 1st parameter ('const CPHScriptCondition *' vs 'const CPHReqComparerV *')
   18 |     virtual bool compare(const CPHScriptCondition* v) const { return false; }
      |                  ^
/data/data/com.termux/files/home/xray-16/src/xrPhysics/PHReqComparer.h:19:18: note: hidden overloaded virtual function 'CPHReqComparerV::compare' declared here: type mismatch at 1st parameter ('const CPHScriptAction *' vs 'const CPHReqComparerV *')
   19 |     virtual bool compare(const CPHScriptAction* v) const { return false; }
      |                  ^
/data/data/com.termux/files/home/xray-16/src/xrPhysics/PHReqComparer.h:20:18: note: hidden overloaded virtual function 'CPHReqComparerV::compare' declared here: type mismatch at 1st parameter ('const CPHScriptObjectCondition *' vs 'const CPHReqComparerV *')
   20 |     virtual bool compare(const CPHScriptObjectCondition* v) const { return false; }
      |                  ^
/data/data/com.termux/files/home/xray-16/src/xrPhysics/PHReqComparer.h:22:18: note: hidden overloaded virtual function 'CPHReqComparerV::compare' declared here: type mismatch at 1st parameter ('const CPHScriptObjectConditionN *' vs 'const CPHReqComparerV *')
   22 |     virtual bool compare(const CPHScriptObjectConditionN* v) const { return false; }
      |                  ^
/data/data/com.termux/files/home/xray-16/src/xrPhysics/PHReqComparer.h:23:18: note: hidden overloaded virtual function 'CPHReqComparerV::compare' declared here: type mismatch at 1st parameter ('const CPHScriptObjectActionN *' vs 'const CPHReqComparerV *')
   23 |     virtual bool compare(const CPHScriptObjectActionN* v) const { return false; }
      |                  ^
/data/data/com.termux/files/home/xray-16/src/xrPhysics/PHReqComparer.h:24:18: note: hidden overloaded virtual function 'CPHReqComparerV::compare' declared here: type mismatch at 1st parameter ('const CPHScriptGameObjectAction *' vs 'const CPHReqComparerV *')
   24 |     virtual bool compare(const CPHScriptGameObjectAction* v) const { return false; }
      |                  ^
/data/data/com.termux/files/home/xray-16/src/xrPhysics/PHReqComparer.h:25:18: note: hidden overloaded virtual function 'CPHReqComparerV::compare' declared here: type mismatch at 1st parameter ('const CPHScriptGameObjectCondition *' vs 'const CPHReqComparerV *')
   25 |     virtual bool compare(const CPHScriptGameObjectCondition* v) const { return false; }
      |                  ^
/data/data/com.termux/files/home/xray-16/src/xrPhysics/PHReqComparer.h:26:18: note: hidden overloaded virtual function 'CPHReqComparerV::compare' declared here: type mismatch at 1st parameter ('const CPHConstForceAction *' vs 'const CPHReqComparerV *')
   26 |     virtual bool compare(const CPHConstForceAction* v) const { return false; }
      |                  ^
/data/data/com.termux/files/home/xray-16/src/xrPhysics/PHReqComparer.h:27:18: note: hidden overloaded virtual function 'CPHReqComparerV::compare' declared here: type mismatch at 1st parameter ('const CPHLiquidParticlesPlayCall *' vs 'const CPHReqComparerV *')
   27 |     virtual bool compare(const CPHLiquidParticlesPlayCall* v) const { return false; }
      |                  ^
/data/data/com.termux/files/home/xray-16/src/xrPhysics/PHReqComparer.h:28:18: note: hidden overloaded virtual function 'CPHReqComparerV::compare' declared here: type mismatch at 1st parameter ('const CPHLiquidParticlesCondition *' vs 'const CPHReqComparerV *')
   28 |     virtual bool compare(const CPHLiquidParticlesCondition* v) const { return false; }
      |                  ^
/data/data/com.termux/files/home/xray-16/src/xrPhysics/PHReqComparer.h:29:18: note: hidden overloaded virtual function 'CPHReqComparerV::compare' declared here: type mismatch at 1st parameter ('const CPHFindLiquidParticlesComparer *' vs 'const CPHReqComparerV *')
   29 |     virtual bool compare(const CPHFindLiquidParticlesComparer* v) const { return false; }
      |                  ^
In file included from /data/data/com.termux/files/home/xray-16/src/xrGame/level_script.cpp:25:
/data/data/com.termux/files/home/xray-16/src/xrPhysics/PHScriptCall.h:94:18: warning: 'CPHScriptObjectConditionN::compare' hides overloaded virtual functions [-Woverloaded-virtual]
   94 |     virtual bool compare(const luabind::object* v) const { return m_callback == (*v); }
      |                  ^
/data/data/com.termux/files/home/xray-16/src/xrPhysics/PHReqComparer.h:18:18: note: hidden overloaded virtual function 'CPHReqComparerV::compare' declared here: type mismatch at 1st parameter ('const CPHScriptCondition *' vs 'const luabind::object *')
   18 |     virtual bool compare(const CPHScriptCondition* v) const { return false; }
      |                  ^
/data/data/com.termux/files/home/xray-16/src/xrPhysics/PHReqComparer.h:19:18: note: hidden overloaded virtual function 'CPHReqComparerV::compare' declared here: type mismatch at 1st parameter ('const CPHScriptAction *' vs 'const luabind::object *')
   19 |     virtual bool compare(const CPHScriptAction* v) const { return false; }
      |                  ^
/data/data/com.termux/files/home/xray-16/src/xrPhysics/PHReqComparer.h:20:18: note: hidden overloaded virtual function 'CPHReqComparerV::compare' declared here: type mismatch at 1st parameter ('const CPHScriptObjectCondition *' vs 'const luabind::object *')
   20 |     virtual bool compare(const CPHScriptObjectCondition* v) const { return false; }
      |                  ^
/data/data/com.termux/files/home/xray-16/src/xrPhysics/PHReqComparer.h:21:18: note: hidden overloaded virtual function 'CPHReqComparerV::compare' declared here: type mismatch at 1st parameter ('const CPHScriptObjectAction *' vs 'const luabind::object *')
   21 |     virtual bool compare(const CPHScriptObjectAction* v) const { return false; }
      |                  ^
/data/data/com.termux/files/home/xray-16/src/xrPhysics/PHReqComparer.h:23:18: note: hidden overloaded virtual function 'CPHReqComparerV::compare' declared here: type mismatch at 1st parameter ('const CPHScriptObjectActionN *' vs 'const luabind::object *')
   23 |     virtual bool compare(const CPHScriptObjectActionN* v) const { return false; }
      |                  ^
/data/data/com.termux/files/home/xray-16/src/xrPhysics/PHReqComparer.h:24:18: note: hidden overloaded virtual function 'CPHReqComparerV::compare' declared here: type mismatch at 1st parameter ('const CPHScriptGameObjectAction *' vs 'const luabind::object *')
   24 |     virtual bool compare(const CPHScriptGameObjectAction* v) const { return false; }
      |                  ^
/data/data/com.termux/files/home/xray-16/src/xrPhysics/PHReqComparer.h:25:18: note: hidden overloaded virtual function 'CPHReqComparerV::compare' declared here: type mismatch at 1st parameter ('const CPHScriptGameObjectCondition *' vs 'const luabind::object *')
   25 |     virtual bool compare(const CPHScriptGameObjectCondition* v) const { return false; }
      |                  ^
/data/data/com.termux/files/home/xray-16/src/xrPhysics/PHReqComparer.h:26:18: note: hidden overloaded virtual function 'CPHReqComparerV::compare' declared here: type mismatch at 1st parameter ('const CPHConstForceAction *' vs 'const luabind::object *')
   26 |     virtual bool compare(const CPHConstForceAction* v) const { return false; }
      |                  ^
/data/data/com.termux/files/home/xray-16/src/xrPhysics/PHReqComparer.h:27:18: note: hidden overloaded virtual function 'CPHReqComparerV::compare' declared here: type mismatch at 1st parameter ('const CPHLiquidParticlesPlayCall *' vs 'const luabind::object *')
   27 |     virtual bool compare(const CPHLiquidParticlesPlayCall* v) const { return false; }
      |                  ^
/data/data/com.termux/files/home/xray-16/src/xrPhysics/PHReqComparer.h:28:18: note: hidden overloaded virtual function 'CPHReqComparerV::compare' declared here: type mismatch at 1st parameter ('const CPHLiquidParticlesCondition *' vs 'const luabind::object *')
   28 |     virtual bool compare(const CPHLiquidParticlesCondition* v) const { return false; }
      |                  ^
/data/data/com.termux/files/home/xray-16/src/xrPhysics/PHReqComparer.h:29:18: note: hidden overloaded virtual function 'CPHReqComparerV::compare' declared here: type mismatch at 1st parameter ('const CPHFindLiquidParticlesComparer *' vs 'const luabind::object *')
   29 |     virtual bool compare(const CPHFindLiquidParticlesComparer* v) const { return false; }
      |                  ^
In file included from /data/data/com.termux/files/home/xray-16/src/xrGame/level_script.cpp:25:
/data/data/com.termux/files/home/xray-16/src/xrPhysics/PHScriptCall.h:95:18: warning: 'CPHScriptObjectConditionN::compare' hides overloaded virtual functions [-Woverloaded-virtual]
   95 |     virtual bool compare(const CPHReqComparerV* v) const { return v->compare(this); }
      |                  ^
/data/data/com.termux/files/home/xray-16/src/xrPhysics/PHReqComparer.h:18:18: note: hidden overloaded virtual function 'CPHReqComparerV::compare' declared here: type mismatch at 1st parameter ('const CPHScriptCondition *' vs 'const CPHReqComparerV *')
   18 |     virtual bool compare(const CPHScriptCondition* v) const { return false; }
      |                  ^
/data/data/com.termux/files/home/xray-16/src/xrPhysics/PHReqComparer.h:19:18: note: hidden overloaded virtual function 'CPHReqComparerV::compare' declared here: type mismatch at 1st parameter ('const CPHScriptAction *' vs 'const CPHReqComparerV *')
   19 |     virtual bool compare(const CPHScriptAction* v) const { return false; }
      |                  ^
/data/data/com.termux/files/home/xray-16/src/xrPhysics/PHReqComparer.h:20:18: note: hidden overloaded virtual function 'CPHReqComparerV::compare' declared here: type mismatch at 1st parameter ('const CPHScriptObjectCondition *' vs 'const CPHReqComparerV *')
   20 |     virtual bool compare(const CPHScriptObjectCondition* v) const { return false; }
      |                  ^
/data/data/com.termux/files/home/xray-16/src/xrPhysics/PHReqComparer.h:21:18: note: hidden overloaded virtual function 'CPHReqComparerV::compare' declared here: type mismatch at 1st parameter ('const CPHScriptObjectAction *' vs 'const CPHReqComparerV *')
   21 |     virtual bool compare(const CPHScriptObjectAction* v) const { return false; }
      |                  ^
/data/data/com.termux/files/home/xray-16/src/xrPhysics/PHReqComparer.h:23:18: note: hidden overloaded virtual function 'CPHReqComparerV::compare' declared here: type mismatch at 1st parameter ('const CPHScriptObjectActionN *' vs 'const CPHReqComparerV *')
   23 |     virtual bool compare(const CPHScriptObjectActionN* v) const { return false; }
      |                  ^
/data/data/com.termux/files/home/xray-16/src/xrPhysics/PHReqComparer.h:24:18: note: hidden overloaded virtual function 'CPHReqComparerV::compare' declared here: type mismatch at 1st parameter ('const CPHScriptGameObjectAction *' vs 'const CPHReqComparerV *')
   24 |     virtual bool compare(const CPHScriptGameObjectAction* v) const { return false; }
      |                  ^
/data/data/com.termux/files/home/xray-16/src/xrPhysics/PHReqComparer.h:25:18: note: hidden overloaded virtual function 'CPHReqComparerV::compare' declared here: type mismatch at 1st parameter ('const CPHScriptGameObjectCondition *' vs 'const CPHReqComparerV *')
   25 |     virtual bool compare(const CPHScriptGameObjectCondition* v) const { return false; }
      |                  ^
/data/data/com.termux/files/home/xray-16/src/xrPhysics/PHReqComparer.h:26:18: note: hidden overloaded virtual function 'CPHReqComparerV::compare' declared here: type mismatch at 1st parameter ('const CPHConstForceAction *' vs 'const CPHReqComparerV *')
   26 |     virtual bool compare(const CPHConstForceAction* v) const { return false; }
      |                  ^
/data/data/com.termux/files/home/xray-16/src/xrPhysics/PHReqComparer.h:27:18: note: hidden overloaded virtual function 'CPHReqComparerV::compare' declared here: type mismatch at 1st parameter ('const CPHLiquidParticlesPlayCall *' vs 'const CPHReqComparerV *')
   27 |     virtual bool compare(const CPHLiquidParticlesPlayCall* v) const { return false; }
      |                  ^
/data/data/com.termux/files/home/xray-16/src/xrPhysics/PHReqComparer.h:28:18: note: hidden overloaded virtual function 'CPHReqComparerV::compare' declared here: type mismatch at 1st parameter ('const CPHLiquidParticlesCondition *' vs 'const CPHReqComparerV *')
   28 |     virtual bool compare(const CPHLiquidParticlesCondition* v) const { return false; }
      |                  ^
/data/data/com.termux/files/home/xray-16/src/xrPhysics/PHReqComparer.h:29:18: note: hidden overloaded virtual function 'CPHReqComparerV::compare' declared here: type mismatch at 1st parameter ('const CPHFindLiquidParticlesComparer *' vs 'const CPHReqComparerV *')
   29 |     virtual bool compare(const CPHFindLiquidParticlesComparer* v) const { return false; }
      |                  ^
In file included from /data/data/com.termux/files/home/xray-16/src/xrGame/level_script.cpp:25:
/data/data/com.termux/files/home/xray-16/src/xrPhysics/PHScriptCall.h:109:18: warning: 'CPHScriptObjectActionN::compare' hides overloaded virtual functions [-Woverloaded-virtual]
  109 |     virtual bool compare(const luabind::object* v) const { return m_callback == *v; }
      |                  ^
/data/data/com.termux/files/home/xray-16/src/xrPhysics/PHReqComparer.h:18:18: note: hidden overloaded virtual function 'CPHReqComparerV::compare' declared here: type mismatch at 1st parameter ('const CPHScriptCondition *' vs 'const luabind::object *')
   18 |     virtual bool compare(const CPHScriptCondition* v) const { return false; }
      |                  ^
/data/data/com.termux/files/home/xray-16/src/xrPhysics/PHReqComparer.h:19:18: note: hidden overloaded virtual function 'CPHReqComparerV::compare' declared here: type mismatch at 1st parameter ('const CPHScriptAction *' vs 'const luabind::object *')
   19 |     virtual bool compare(const CPHScriptAction* v) const { return false; }
      |                  ^
/data/data/com.termux/files/home/xray-16/src/xrPhysics/PHReqComparer.h:20:18: note: hidden overloaded virtual function 'CPHReqComparerV::compare' declared here: type mismatch at 1st parameter ('const CPHScriptObjectCondition *' vs 'const luabind::object *')
   20 |     virtual bool compare(const CPHScriptObjectCondition* v) const { return false; }
      |                  ^
/data/data/com.termux/files/home/xray-16/src/xrPhysics/PHReqComparer.h:21:18: note: hidden overloaded virtual function 'CPHReqComparerV::compare' declared here: type mismatch at 1st parameter ('const CPHScriptObjectAction *' vs 'const luabind::object *')
   21 |     virtual bool compare(const CPHScriptObjectAction* v) const { return false; }
      |                  ^
/data/data/com.termux/files/home/xray-16/src/xrPhysics/PHReqComparer.h:22:18: note: hidden overloaded virtual function 'CPHReqComparerV::compare' declared here: type mismatch at 1st parameter ('const CPHScriptObjectConditionN *' vs 'const luabind::object *')
   22 |     virtual bool compare(const CPHScriptObjectConditionN* v) const { return false; }
      |                  ^
/data/data/com.termux/files/home/xray-16/src/xrPhysics/PHReqComparer.h:24:18: note: hidden overloaded virtual function 'CPHReqComparerV::compare' declared here: type mismatch at 1st parameter ('const CPHScriptGameObjectAction *' vs 'const luabind::object *')
   24 |     virtual bool compare(const CPHScriptGameObjectAction* v) const { return false; }
      |                  ^
/data/data/com.termux/files/home/xray-16/src/xrPhysics/PHReqComparer.h:25:18: note: hidden overloaded virtual function 'CPHReqComparerV::compare' declared here: type mismatch at 1st parameter ('const CPHScriptGameObjectCondition *' vs 'const luabind::object *')
   25 |     virtual bool compare(const CPHScriptGameObjectCondition* v) const { return false; }
      |                  ^
/data/data/com.termux/files/home/xray-16/src/xrPhysics/PHReqComparer.h:26:18: note: hidden overloaded virtual function 'CPHReqComparerV::compare' declared here: type mismatch at 1st parameter ('const CPHConstForceAction *' vs 'const luabind::object *')
   26 |     virtual bool compare(const CPHConstForceAction* v) const { return false; }
      |                  ^
/data/data/com.termux/files/home/xray-16/src/xrPhysics/PHReqComparer.h:27:18: note: hidden overloaded virtual function 'CPHReqComparerV::compare' declared here: type mismatch at 1st parameter ('const CPHLiquidParticlesPlayCall *' vs 'const luabind::object *')
   27 |     virtual bool compare(const CPHLiquidParticlesPlayCall* v) const { return false; }
      |                  ^
/data/data/com.termux/files/home/xray-16/src/xrPhysics/PHReqComparer.h:28:18: note: hidden overloaded virtual function 'CPHReqComparerV::compare' declared here: type mismatch at 1st parameter ('const CPHLiquidParticlesCondition *' vs 'const luabind::object *')
   28 |     virtual bool compare(const CPHLiquidParticlesCondition* v) const { return false; }
      |                  ^
/data/data/com.termux/files/home/xray-16/src/xrPhysics/PHReqComparer.h:29:18: note: hidden overloaded virtual function 'CPHReqComparerV::compare' declared here: type mismatch at 1st parameter ('const CPHFindLiquidParticlesComparer *' vs 'const luabind::object *')
   29 |     virtual bool compare(const CPHFindLiquidParticlesComparer* v) const { return false; }
      |                  ^
In file included from /data/data/com.termux/files/home/xray-16/src/xrGame/level_script.cpp:25:
/data/data/com.termux/files/home/xray-16/src/xrPhysics/PHScriptCall.h:110:18: warning: 'CPHScriptObjectActionN::compare' hides overloaded virtual functions [-Woverloaded-virtual]
  110 |     virtual bool compare(const CPHReqComparerV* v) const { return v->compare(this); }
      |                  ^
/data/data/com.termux/files/home/xray-16/src/xrPhysics/PHReqComparer.h:18:18: note: hidden overloaded virtual function 'CPHReqComparerV::compare' declared here: type mismatch at 1st parameter ('const CPHScriptCondition *' vs 'const CPHReqComparerV *')
   18 |     virtual bool compare(const CPHScriptCondition* v) const { return false; }
      |                  ^
/data/data/com.termux/files/home/xray-16/src/xrPhysics/PHReqComparer.h:19:18: note: hidden overloaded virtual function 'CPHReqComparerV::compare' declared here: type mismatch at 1st parameter ('const CPHScriptAction *' vs 'const CPHReqComparerV *')
   19 |     virtual bool compare(const CPHScriptAction* v) const { return false; }
      |                  ^
/data/data/com.termux/files/home/xray-16/src/xrPhysics/PHReqComparer.h:20:18: note: hidden overloaded virtual function 'CPHReqComparerV::compare' declared here: type mismatch at 1st parameter ('const CPHScriptObjectCondition *' vs 'const CPHReqComparerV *')
   20 |     virtual bool compare(const CPHScriptObjectCondition* v) const { return false; }
      |                  ^
/data/data/com.termux/files/home/xray-16/src/xrPhysics/PHReqComparer.h:21:18: note: hidden overloaded virtual function 'CPHReqComparerV::compare' declared here: type mismatch at 1st parameter ('const CPHScriptObjectAction *' vs 'const CPHReqComparerV *')
   21 |     virtual bool compare(const CPHScriptObjectAction* v) const { return false; }
      |                  ^
/data/data/com.termux/files/home/xray-16/src/xrPhysics/PHReqComparer.h:22:18: note: hidden overloaded virtual function 'CPHReqComparerV::compare' declared here: type mismatch at 1st parameter ('const CPHScriptObjectConditionN *' vs 'const CPHReqComparerV *')
   22 |     virtual bool compare(const CPHScriptObjectConditionN* v) const { return false; }
      |                  ^
/data/data/com.termux/files/home/xray-16/src/xrPhysics/PHReqComparer.h:24:18: note: hidden overloaded virtual function 'CPHReqComparerV::compare' declared here: type mismatch at 1st parameter ('const CPHScriptGameObjectAction *' vs 'const CPHReqComparerV *')
   24 |     virtual bool compare(const CPHScriptGameObjectAction* v) const { return false; }
      |                  ^
/data/data/com.termux/files/home/xray-16/src/xrPhysics/PHReqComparer.h:25:18: note: hidden overloaded virtual function 'CPHReqComparerV::compare' declared here: type mismatch at 1st parameter ('const CPHScriptGameObjectCondition *' vs 'const CPHReqComparerV *')
   25 |     virtual bool compare(const CPHScriptGameObjectCondition* v) const { return false; }
      |                  ^
/data/data/com.termux/files/home/xray-16/src/xrPhysics/PHReqComparer.h:26:18: note: hidden overloaded virtual function 'CPHReqComparerV::compare' declared here: type mismatch at 1st parameter ('const CPHConstForceAction *' vs 'const CPHReqComparerV *')
   26 |     virtual bool compare(const CPHConstForceAction* v) const { return false; }
      |                  ^
/data/data/com.termux/files/home/xray-16/src/xrPhysics/PHReqComparer.h:27:18: note: hidden overloaded virtual function 'CPHReqComparerV::compare' declared here: type mismatch at 1st parameter ('const CPHLiquidParticlesPlayCall *' vs 'const CPHReqComparerV *')
   27 |     virtual bool compare(const CPHLiquidParticlesPlayCall* v) const { return false; }
      |                  ^
/data/data/com.termux/files/home/xray-16/src/xrPhysics/PHReqComparer.h:28:18: note: hidden overloaded virtual function 'CPHReqComparerV::compare' declared here: type mismatch at 1st parameter ('const CPHLiquidParticlesCondition *' vs 'const CPHReqComparerV *')
   28 |     virtual bool compare(const CPHLiquidParticlesCondition* v) const { return false; }
      |                  ^
/data/data/com.termux/files/home/xray-16/src/xrPhysics/PHReqComparer.h:29:18: note: hidden overloaded virtual function 'CPHReqComparerV::compare' declared here: type mismatch at 1st parameter ('const CPHFindLiquidParticlesComparer *' vs 'const CPHReqComparerV *')
   29 |     virtual bool compare(const CPHFindLiquidParticlesComparer* v) const { return false; }
      |                  ^
In file included from /data/data/com.termux/files/home/xray-16/src/xrGame/level_script.cpp:25:
/data/data/com.termux/files/home/xray-16/src/xrPhysics/PHScriptCall.h:132:18: warning: 'CPHScriptGameObjectCondition::compare' hides overloaded virtual functions [-Woverloaded-virtual]
  132 |     virtual bool compare(const IGameObject* v) const { return m_obj->ID() == v->ID(); }
      |                  ^
/data/data/com.termux/files/home/xray-16/src/xrPhysics/PHScriptCall.h:94:18: note: hidden overloaded virtual function 'CPHScriptObjectConditionN::compare' declared here: type mismatch at 1st parameter ('const luabind::object *' vs 'const IGameObject *')
   94 |     virtual bool compare(const luabind::object* v) const { return m_callback == (*v); }
      |                  ^
/data/data/com.termux/files/home/xray-16/src/xrPhysics/PHScriptCall.h:96:18: note: hidden overloaded virtual function 'CPHScriptObjectConditionN::compare' declared here: type mismatch at 1st parameter ('const CPHScriptObjectConditionN *' vs 'const IGameObject *')
   96 |     virtual bool compare(const CPHScriptObjectConditionN* v) const { return m_callback == v->m_callback; }
      |                  ^
/data/data/com.termux/files/home/xray-16/src/xrPhysics/PHScriptCall.h:148:18: warning: 'CPHScriptGameObjectAction::compare' hides overloaded virtual functions [-Woverloaded-virtual]
  148 |     virtual bool compare(const IGameObject* v) const { return m_obj->ID() == v->ID(); }
      |                  ^
/data/data/com.termux/files/home/xray-16/src/xrPhysics/PHScriptCall.h:109:18: note: hidden overloaded virtual function 'CPHScriptObjectActionN::compare' declared here: type mismatch at 1st parameter ('const luabind::object *' vs 'const IGameObject *')
  109 |     virtual bool compare(const luabind::object* v) const { return m_callback == *v; }
      |                  ^
/data/data/com.termux/files/home/xray-16/src/xrPhysics/PHScriptCall.h:111:18: note: hidden overloaded virtual function 'CPHScriptObjectActionN::compare' declared here: type mismatch at 1st parameter ('const CPHScriptObjectActionN *' vs 'const IGameObject *')
  111 |     virtual bool compare(const CPHScriptObjectActionN* v) const { return m_callback == v->m_callback; }
      |                  ^
In file included from /data/data/com.termux/files/home/xray-16/src/xrGame/level_script.cpp:38:
/data/data/com.termux/files/home/xray-16/src/xrGame/HUDManager.h:27:18: warning: virtual method 'RenderUI' is inside a 'final' class and can never be overridden [-Wunnecessary-virtual-specifier]
   27 |     virtual void RenderUI();
      |                  ^
In file included from /data/data/com.termux/files/home/xray-16/src/xrGame/level_script.cpp:40:
/data/data/com.termux/files/home/xray-16/src/xrGame/ui/UIMainIngameWnd.h:24:18: warning: virtual method 'Init' is inside a 'final' class and can never be overridden [-Wunnecessary-virtual-specifier]
   24 |     virtual void Init();
      |                  ^
In file included from /data/data/com.termux/files/home/xray-16/src/xrGame/level_script.cpp:451:
/data/data/com.termux/files/home/xray-16/src/xrGame/PostprocessAnimator.h:13:18: warning: 'CPostprocessAnimator::Process' hides overloaded virtual function [-Woverloaded-virtual]
   13 |     virtual bool Process(SPPInfo& PPInfo);
      |                  ^
/data/data/com.termux/files/home/xray-16/src/xrCore/PostProcess/PostProcess.hpp:153:18: note: hidden overloaded virtual function 'BasicPostProcessAnimator::Process' declared here: different number of parameters (2 vs 1)
  153 |     virtual BOOL Process(float dt, SPPInfo& PPInfo);
      |                  ^
15 warnings generated.
ninja: build stopped: subcommand failed.
